timestamp,feedstock,feed_volume_kg,temp_C,pH,VFA_mg_L_HAc,alkalinity_mg_L_CaCO3,methane_pct,TS_pct,VS_pct,CN_ratio,OLR_kg_TVS_m3_d,solar_heating_flag,mixing_flag,gas_leakage_flag,downtime_flag,feed_quality_index,biogas_m3_hour,is_holiday,rapid_temp_spike_flag,overheating_flag,low_quality_feed_flag
2025-01-01 00:00:00+00:00,poultry_manure,0.2985658779607097,31.079612346241106,7.432452055882626,173.78727194323952,2498.749712780557,72.37902004907944,13.631929362108101,87.67990622611893,31.510367064524033,3.1720867324533137,0,1,False,False,0.9767366825442192,0.022800713875520018,True,False,False,False
2025-01-01 01:00:00+00:00,poultry_manure,0.29816424023083155,29.746040010008233,7.395253043655604,190.16512204439726,2410.897248728805,73.72871673952622,9.8925691067552,89.73257025706941,31.63945990886942,2.352676605423228,0,0,False,False,0.9730682464450817,0.015780693123887263,True,False,False,False
2025-01-01 02:00:00+00:00,poultry_manure,0.33432689844217645,30.158851109304308,7.48980691402858,192.34052085228396,2455.6585554736334,75.0,11.4840966245081,89.32910168823685,28.07857317015037,3.0486572542325994,0,0,False,False,0.9782062148240442,0.020529481611411923,True,False,False,False
2025-01-01 03:00:00+00:00,poultry_manure,0.34778545744158484,27.95112821225734,7.380275290492915,223.36101898639222,2531.519047017664,74.00259261729073,11.30635987206502,88.10414756500622,31.492199562082458,3.0794847225485973,0,0,False,False,0.9816098037395005,0.019298007863864902,True,False,False,False
2025-01-01 04:00:00+00:00,poultry_manure,0.41078579961724465,26.858595323248352,7.325312553175097,269.8475546939978,2489.9207680795816,70.70296675634927,14.093162655810762,84.33311943520955,28.090700512761693,4.339798136311749,0,0,False,False,0.9704411918485631,0.027221491823533256,True,False,False,False
2025-01-01 05:00:00+00:00,poultry_manure,0.4687721457445793,25.84798289502481,7.298762638230665,284.853554867739,2555.4097204624563,67.07315442970604,11.475510946345306,90.08019434109143,30.833746606591667,4.307354555685913,0,0,False,False,0.9890400886658098,0.028192556419948934,True,False,False,False
2025-01-01 06:00:00+00:00,poultry_manure,0.5120529521607581,25.564519222156786,7.272226447354984,266.84687476398676,2450.070569963312,63.613136958249854,12.087870931047293,88.03734685870421,28.864148897988592,4.843720914204465,0,0,False,False,0.9882021343246494,0.03112162601051774,True,False,False,False
2025-01-01 07:00:00+00:00,poultry_manure,0.6239617986949626,24.372918804375367,7.29245213787448,311.8266011243393,2453.0134021801837,72.41797079277282,11.323491401451427,87.98989388033588,32.27058385093198,5.526098572854352,0,0,False,False,0.9739116184979374,0.03129899722085324,True,False,False,False
2025-01-01 08:00:00+00:00,poultry_manure,0.6752552202105945,24.5810771396366,7.364004274731397,323.8163498936934,2562.6620872452067,70.30366782035837,10.420021127214646,88.67025682682845,29.837951542569545,5.545771782989337,0,0,False,False,0.9904796210617687,0.032185904491984135,True,False,False,False
2025-01-01 09:00:00+00:00,poultry_manure,0.7471342882458395,24.87670131488248,7.308799887778712,380.76327399938975,2286.817389270288,67.91039020603489,12.034401992441824,87.64724396889362,31.61667783777348,7.0,0,0,False,False,0.983661211660056,0.04033633792757371,True,False,False,False
2025-01-01 10:00:00+00:00,poultry_manure,0.8262786398272669,24.27698124482709,7.323646438122252,349.10381797667526,2817.4901987515655,64.0401021713386,11.203459903279457,84.50991213174065,27.33456320026528,6.953986092881904,1,0,False,False,0.9693629315190501,0.04262153798607338,True,False,False,False
2025-01-01 11:00:00+00:00,poultry_manure,0.8041348826366372,25.051813961036885,7.307534053232582,384.59133240562295,2462.319215836643,72.33298819847087,11.013101348083753,90.41481278076358,32.261106015334526,7.0,1,0,False,False,0.9724544465870735,0.040643393101880976,True,False,False,False
2025-01-01 12:00:00+00:00,poultry_manure,0.9546010900905363,26.157718680304498,7.205984501779009,365.25937526441834,2451.2508151306083,70.13917938032118,11.816929504462173,86.28211462049747,27.81349401038725,7.0,1,1,False,False,0.9772195876261833,0.05338623884549204,True,False,False,False
2025-01-01 13:00:00+00:00,poultry_manure,0.8806734766748796,27.47893007067365,7.468358770094046,345.33814501815,2335.361435230812,67.03980723936648,11.241980888062342,85.09974466755114,30.68574329946132,7.0,1,0,False,False,0.9893524714456985,0.05186967641941631,True,False,False,False
2025-01-01 14:00:00+00:00,poultry_manure,0.9459571042302222,27.5132262101346,7.291913902253708,311.3180920882531,2488.1814252973227,69.28812513103388,11.594149080249949,90.29036647235745,32.710606854744064,7.0,1,0,False,False,0.9708646768538091,0.05747952580419422,True,False,False,False
2025-01-01 15:00:00+00:00,poultry_manure,0.876488969673312,29.32448174978029,7.425326389843632,390.817140436377,2491.0487284957776,69.86467180183011,11.005193316351239,88.10823069676586,29.669065724142506,7.0,1,0,False,False,0.9917166238231813,0.05385955638052639,True,False,False,False
2025-01-01 16:00:00+00:00,poultry_manure,0.8852719750819295,31.2566755668411,7.41388969728283,414.7363710715896,2424.3737964246934,72.90041484825956,11.625540966228272,89.00530545416746,32.43838783169968,7.0,1,0,False,False,0.9737438265141446,0.05949485013246219,True,False,False,False
2025-01-01 17:00:00+00:00,poultry_manure,0.7343167863200919,32.327169004402485,7.377135879632702,334.3157205961341,2557.177445515412,69.92288644785845,12.141951897030053,85.61369622941557,30.26437782446314,6.785200558158007,0,0,False,False,0.9966464622702184,0.05295505753439433,True,False,False,False
2025-01-01 18:00:00+00:00,poultry_manure,0.6754199085205095,32.88974312877034,7.324593928305713,308.1552602984651,2448.5002943044647,69.78316982585129,11.565059481860816,88.92993341200273,32.20433274887819,6.174718640010132,0,0,False,False,0.9757819699205221,0.049104302654776076,True,False,False,False
2025-01-01 19:00:00+00:00,poultry_manure,0.6177597372192243,31.772544048874614,7.291903923789823,376.04324962655403,2561.0579834516225,73.75591500479092,12.834605447235571,89.39769133051401,33.10396159118671,6.3005128685259,0,0,False,False,0.964787356851955,0.04561795840673513,True,False,False,False
2025-01-01 20:00:00+00:00,poultry_manure,0.47050893928602655,32.727126594616735,7.4606195422023855,297.43796285549956,2542.0194665959175,75.0,11.752460307201334,92.0,31.29903921230409,4.5220147755475875,0,0,False,False,0.9857719094129658,0.03383688149609898,True,False,False,False
2025-01-01 21:00:00+00:00,poultry_manure,0.47448608534051,31.841801925901443,7.373767940774921,308.6628710973407,2491.5612132118636,74.46596542299714,13.101104825138586,86.59653821582448,32.39525342518652,4.7849721131212615,0,0,False,False,0.9705419416224419,0.034128298281402424,True,False,False,False
2025-01-01 22:00:00+00:00,poultry_manure,0.42298748561587163,33.43049035400145,7.350817730258464,254.006520087963,2343.8639951617397,75.0,12.191741563779985,84.65069005177351,34.527897816988244,3.8803531015210067,0,0,False,False,0.9537623140112176,0.028550100691856678,True,False,False,False
2025-01-01 23:00:00+00:00,poultry_manure,0.3638509197037628,30.549734865372706,7.305919522796213,223.21556990831417,2520.94342252768,69.5977486319001,11.165803100736456,85.71392540503558,32.75437142284017,3.095368113895456,0,0,False,False,0.9682853012752806,0.022524122326445715,True,False,False,False
2025-01-02 00:00:00+00:00,poultry_manure,0.3621707651897368,30.92801508608122,7.37593113452593,204.27617927222997,2436.5456763157504,70.34134959568026,13.259092840779923,86.82414199451848,28.070426570604095,3.3354749970660458,0,1,False,False,0.9744088015021414,0.0304093831461621,False,False,False,False
2025-01-02 01:00:00+00:00,poultry_manure,0.3350366230536806,30.516961263866563,7.358891549635204,276.72195838091244,2680.8959069416396,73.05204151567888,12.18814233622114,92.0,30.879955618495462,3.0054369005240944,0,0,False,False,0.9902597321339397,0.026211554356016614,False,False,False,False
2025-01-02 02:00:00+00:00,poultry_manure,0.371369229644986,28.521019028651793,7.315165661750857,214.9694626954775,2474.2175096872807,70.0590923022705,13.45076535277892,86.80860036376173,30.648771605433197,3.469010819303345,0,0,False,False,0.9862584571817734,0.02995394033372921,False,False,False,False
2025-01-02 03:00:00+00:00,poultry_manure,0.403268884287497,27.24451941710385,7.4146660800148645,220.72679739380442,2542.460449697264,66.9403477610888,13.53256815036541,90.43643535529947,28.336301422976923,3.948283777304232,0,0,False,False,0.9757001734779421,0.03467610945150199,False,False,False,False
2025-01-02 04:00:00+00:00,poultry_manure,0.44491749531391933,26.887774634880085,7.382535203793757,259.70521226774133,2473.0324233548363,66.00300247483194,11.463555790539752,89.12785102025526,29.433204420420765,3.6366562749912035,0,0,False,False,0.9916498231569064,0.030873044994725117,False,False,False,False
2025-01-02 05:00:00+00:00,poultry_manure,0.5063794560434836,24.68916057069542,7.2756780758790285,253.7559021535123,2445.4004684765114,67.98951266794569,12.651406820828607,86.09774119394618,25.96542095451153,4.412621166088326,0,0,False,False,0.9563971754409722,0.03248288283455718,False,False,False,False
2025-01-02 06:00:00+00:00,poultry_manure,0.5770189829817589,25.112446451837698,7.359411423567498,259.80833428137663,2388.3773445065235,70.2410870411053,11.325816730970612,89.07646977829722,26.651131460025667,4.657068380342473,0,0,False,False,0.9631403982551097,0.03470921143996122,False,False,False,False
2025-01-02 07:00:00+00:00,poultry_manure,0.6334796634021974,24.14413673682884,7.342822227394951,334.51897839464414,2412.5132254617533,69.1042074383383,11.429554403978715,87.40721932176373,31.36695708808472,5.06289904710416,0,0,False,False,0.9834782011390464,0.03594527921423603,False,False,False,False
2025-01-02 08:00:00+00:00,poultry_manure,0.8090923103269441,24.374794035944458,7.3936696737728695,324.81442798427486,2477.0189646753324,67.87114744712864,11.172468923755575,86.17125928969513,29.490168850319478,6.231601248389397,0,0,False,False,0.9907640331219727,0.04608967729869548,False,False,False,False
2025-01-02 09:00:00+00:00,poultry_manure,0.7521168985304689,22.78812405440833,7.318840264299431,410.14752467447175,2533.698943955101,65.18252487879495,13.823273612162993,91.47250063919795,29.588651443367297,7.0,0,0,False,False,0.986770146372858,0.05307354426329192,False,False,False,False
2025-01-02 10:00:00+00:00,poultry_manure,0.896739309569294,24.526923573024213,7.364551702625465,380.52714842202556,2521.961730974885,66.03384145147955,13.51634660377088,86.12586728278502,29.555485402686244,7.0,1,0,False,False,0.9879731210080079,0.06343835406805506,False,False,False,False
2025-01-02 11:00:00+00:00,poultry_manure,0.9752336808398814,25.131652106655746,7.399965639890244,334.41889299385673,2613.1160975168627,71.354082175991,13.488094337381783,88.06925322675296,29.041798822549534,7.0,1,0,False,False,0.9829775165385864,0.06837631853527827,False,False,False,False
2025-01-02 12:00:00+00:00,poultry_manure,1.0440370182166476,25.169828301737365,7.353822788064976,371.3070980309604,2450.3145396374525,70.0405151246427,10.733339906755324,89.99656289972407,28.457592365800274,7.0,1,1,False,False,0.9782426231917793,0.060443146060839927,False,False,False,False
2025-01-02 13:00:00+00:00,poultry_manure,1.1016841000984103,27.22783147687119,7.3338025789682995,360.515659919851,2529.2855083967006,69.96234597607425,12.612922306703991,87.19404383585822,31.32370908850529,7.0,1,0,False,False,0.9836982975814271,0.07751478950445578,False,False,False,False
2025-01-02 14:00:00+00:00,poultry_manure,1.0507158196888018,28.349440533212135,7.274738969212767,361.14226148846797,2471.800023251106,73.00362451510429,11.651893330286482,89.60217199339324,29.656000419130557,7.0,1,0,False,False,0.9948194708427379,0.06910742367798345,False,False,False,False
2025-01-02 15:00:00+00:00,poultry_manure,0.9531843794337912,30.68811670387084,7.446330632007283,375.4365647157687,2573.034615321742,72.51563634745119,11.3765977214606,88.27926653332632,32.62248882495065,7.0,1,0,False,False,0.9706581003577964,0.06964028297057134,False,False,False,False
2025-01-02 16:00:00+00:00,poultry_manure,0.9469111726112871,31.426486522117212,7.306806448422251,311.34442943840673,2503.958290964611,69.62169564983829,11.885324711593013,86.40414563128091,27.850899679823915,7.0,1,0,False,False,0.9779356203562042,0.07285219857205462,False,False,False,False
2025-01-02 17:00:00+00:00,poultry_manure,0.7905262366299504,31.957174031567472,7.428687288406968,370.5211504408317,2526.1540571254895,74.16827041248341,12.23636674899684,91.88289793680352,31.20911871991628,7.0,0,0,False,False,0.986726979055853,0.06181455441595151,False,False,False,False
2025-01-02 18:00:00+00:00,poultry_manure,0.8168572115908994,31.730619781804602,7.413407703279983,396.28752477679353,2456.7367890966775,72.7314186990377,12.131924540098366,89.91975962426741,31.599326698159167,7.0,0,0,False,False,0.9833471103179166,0.0674570096485592,False,False,False,False
2025-01-02 19:00:00+00:00,poultry_manure,0.6697189577870075,32.39084133032477,7.433875929830043,316.0956959656097,2558.4698491807494,70.87316467390964,10.974433060028211,91.28491342696844,29.453782612226014,5.367396535721724,0,0,False,False,0.9894099914224013,0.052925874516708056,False,False,False,False
2025-01-02 20:00:00+00:00,poultry_manure,0.5678518921504461,32.99895075231171,7.455378294085296,264.35082755143776,2579.9699001719046,74.33274605896567,11.702726698821863,89.92543317429347,28.373311977576414,4.78073493914255,0,0,False,False,0.9822467532698734,0.046089716140875946,False,False,False,False
2025-01-02 21:00:00+00:00,poultry_manure,0.4900737912078098,32.49842935580766,7.322641183059623,302.41529915054116,2553.0534488400635,73.79288140408656,12.750458158194984,88.38161845960553,32.247686765491835,4.418137268355455,0,0,False,False,0.9737708415541068,0.0414941592515429,False,False,False,False
2025-01-02 22:00:00+00:00,poultry_manure,0.43501270610066534,31.984336157987766,7.38550446017537,264.48782272149407,2414.187973835731,74.68675142045035,13.527195654082607,87.65114257729755,31.885073241463967,4.1262665815768935,0,0,False,False,0.9735132893149473,0.035795577854263065,False,False,False,False
2025-01-02 23:00:00+00:00,poultry_manure,0.3752001641307446,32.14878671135279,7.393929664799945,235.06562168586896,2381.8403876393413,75.0,12.549964453363133,85.04125941846237,31.903376348496497,3.2035033733329485,0,0,False,False,0.9782164142482194,0.02962204845829079,False,False,False,False
2025-01-03 00:00:00+00:00,poultry_manure,0.38895896605826924,30.94283954599778,7.466548157717037,217.8109353543884,2495.377340057959,75.0,11.514915164385384,87.25424651931412,31.632955540207064,3.1263751441061367,0,1,False,False,0.9812450204198563,0.028196003276741873,False,False,False,False
2025-01-03 01:00:00+00:00,poultry_manure,0.3253806931295149,30.612777048278346,7.285858384192466,266.39536241171555,2459.8144026850287,73.15830369102586,13.852609581662826,89.33741914879668,30.84538434856503,3.2214156438202064,0,0,False,False,0.9822831086060356,0.028212878276537227,False,False,False,False
2025-01-03 02:00:00+00:00,poultry_manure,0.34956903880035434,29.049110112898575,7.308348176221761,275.7639743871191,2362.1788579553377,66.11265248676017,12.911261766559212,86.91964932150603,29.59582951420197,3.138409422874468,0,0,False,False,0.9914019863092237,0.028815267305596623,False,False,False,False
2025-01-03 03:00:00+00:00,poultry_manure,0.3832531840124748,27.92619854140363,7.342557481368787,162.21872545632186,2492.0444615518177,75.0,11.785926819159283,87.07121774800208,32.878926662140415,3.146401331178593,0,0,False,False,0.9701403674743923,0.02426224572127247,False,False,False,False
2025-01-03 04:00:00+00:00,poultry_manure,0.43696829045318714,26.55576945353665,7.3412927121818665,180.9829492874938,2540.9068634691785,75.0,10.68827060963148,89.18896881656504,33.92072026081376,3.3324104924750886,0,0,False,False,0.9542341504400198,0.023717292199012984,False,False,False,False
2025-01-03 05:00:00+00:00,poultry_manure,0.507650942130678,25.286655464837686,7.406065111037362,227.791872191508,2409.448782723681,69.24862584263978,10.06376098342667,89.16426821843822,32.249045985119196,3.644234764128142,0,0,False,False,0.9678283450659414,0.02806581976618669,False,False,False,False
2025-01-03 06:00:00+00:00,poultry_manure,0.5734990859740298,25.26318982573777,7.265042309112347,286.7336307150149,2527.4113218342627,66.28161208457047,13.677148095981483,85.06895991134303,33.55045701422499,5.33813299324508,0,0,False,False,0.9561096893778428,0.04076297824776301,False,False,False,False
2025-01-03 07:00:00+00:00,poultry_manure,0.6553099968593359,25.382338203265927,7.259462991512468,371.8715391209254,2435.8629987460595,73.08993504923835,12.986753141139628,86.13125466313812,26.73091551604606,5.8640564062692375,0,0,False,False,0.9623753894547624,0.040940184163987106,False,False,False,False
2025-01-03 08:00:00+00:00,poultry_manure,0.7294879632381184,24.099098278933962,7.294839044726928,321.2187219964955,2526.167856376784,70.90590002931845,11.717238098370617,86.06523496410914,30.079746760811,5.8851987095122995,0,0,False,False,0.9977887228837431,0.041335805248584545,False,False,False,False
2025-01-03 09:00:00+00:00,poultry_manure,0.7809676335034486,24.450741861404737,7.3195820280593145,347.36897672276876,2446.1710376246333,64.97406319889285,12.390512631410235,85.54944853908022,29.19099221511596,6.622615045754826,0,0,False,False,0.9899573589941084,0.050618885799837095,False,False,False,False
2025-01-03 10:00:00+00:00,poultry_manure,0.9235299597489769,23.5455301743415,7.218976260837198,319.53779120762385,2478.8552349026,68.2098025480245,10.933621742060048,89.68796490859755,27.867929537969374,7.0,1,0,False,False,0.973347404089994,0.04987711951561522,False,False,False,False
2025-01-03 11:00:00+00:00,poultry_manure,1.0148921274993936,24.341636288741846,7.289135228663757,371.88555957241965,2450.5315150930605,63.62023370311186,13.1557349409071,89.1754456222003,25.89057781319601,7.0,1,0,False,False,0.9531271034274246,0.07447977963931542,False,False,False,False
2025-01-03 12:00:00+00:00,poultry_manure,0.9738186060280047,25.67793222835751,7.35100435759862,389.8431123000515,2280.163028403761,69.87078766080724,11.1185947180995,90.37030440216644,31.680844639196554,7.0,1,1,False,False,0.9787845271985319,0.059118430813563355,False,False,False,False
2025-01-03 13:00:00+00:00,poultry_manure,0.9842201136484084,27.137713066530377,7.406258216051769,391.44195369332635,2706.217823315211,70.4148527354572,11.047413438532194,86.36693677889714,31.913287289563765,7.0,1,0,False,False,0.9761041942970232,0.060132797399068794,False,False,False,False
2025-01-03 14:00:00+00:00,poultry_manure,0.9851600012970871,28.35570583150142,7.270275610023993,331.7976663465919,2350.79006029756,73.96661790412394,13.287433179230035,86.56099899680048,28.451651100929098,7.0,1,0,False,False,0.9780793451131408,0.07088990330685467,False,False,False,False
2025-01-03 15:00:00+00:00,poultry_manure,0.9450051110207783,29.720599339600803,7.458642542336095,374.4621318398946,2626.3138756641924,74.97347353415753,11.200047344180627,85.18113679414083,29.1169171392178,7.0,1,0,False,False,0.9871694081130811,0.06042507086898566,False,False,False,False
2025-01-03 16:00:00+00:00,poultry_manure,0.8480362507852346,30.83407703019886,7.359049520643031,421.6042127516615,2555.736643965628,68.46746941934369,11.953586855828846,92.0,28.47904446366593,7.0,1,0,False,False,0.9845583789158036,0.07173340908581961,False,False,False,False
2025-01-03 17:00:00+00:00,poultry_manure,0.9013404951015576,32.303754143167964,7.353853777264582,414.68259709225936,2447.6633677344066,71.77770829950194,13.153926496571653,87.93723941527914,28.101219237029078,7.0,0,0,False,False,0.9752425598874326,0.07877448415467085,False,False,False,False
2025-01-03 18:00:00+00:00,poultry_manure,0.7790850372745646,33.005242347802174,7.438366637770239,374.22323846725385,2411.871401422239,70.95937864591241,12.230146224440707,85.61788602439756,29.659739283882274,6.52635961598051,0,0,False,False,0.9954466617166192,0.06469856400024876,False,False,False,False
2025-01-03 19:00:00+00:00,poultry_manure,0.6509802928320664,32.96177472244128,7.476217548705785,350.86035483629456,2400.716555915775,75.0,13.214629727373206,84.78317973417252,34.186958094966336,5.834753692689003,0,0,False,False,0.9520572704134707,0.05566688537186253,False,False,False,False
2025-01-03 20:00:00+00:00,poultry_manure,0.5963802003474094,32.781126613725675,7.359546731479407,235.97961422914307,2566.1164706714385,72.1767709078822,10.945277414969723,86.56007808001118,29.456213137550108,4.520199642218977,0,0,False,False,0.9892885184503497,0.04302930217180899,False,False,False,False
2025-01-03 21:00:00+00:00,poultry_manure,0.4951515502869142,32.543106208637234,7.415175252179403,219.5713386388739,2441.62071084015,75.0,11.940944686957295,86.6495040580486,30.443515896445636,4.098575107724417,0,0,False,False,0.9952695644703301,0.03800379648763029,False,False,False,False
2025-01-03 22:00:00+00:00,poultry_manure,0.4317340461830748,33.40307790394921,7.3498422167013935,235.70128889420175,2518.628757206155,75.0,12.834328235581795,88.73357116815086,30.637742534206524,3.933393426603032,0,0,False,False,0.9894509334800258,0.03659735415544912,False,False,False,False
2025-01-03 23:00:00+00:00,poultry_manure,0.38968117306756694,31.663004665066374,7.265735792979118,199.37221148526885,2494.7532149909907,69.99198406928417,12.34261242068664,90.64551684393504,29.470429416887725,3.4878101091749656,0,0,False,False,0.992991232065444,0.032918463452058885,False,False,False,False
2025-01-04 00:00:00+00:00,poultry_manure,0.36562926561468284,31.38161403261208,7.435592269645257,156.61229226971273,2551.7808815505423,75.0,12.128336706733126,88.18507171147353,31.178235180480318,3.1284358564099,0,1,False,False,0.9875759646615312,0.027486461265105365,False,False,False,False
2025-01-04 01:00:00+00:00,poultry_manure,0.36314196968094653,30.49468399546137,7.399058808406977,199.94524863121603,2570.4268156966186,70.07700164221869,11.663255558748926,88.58366407981032,30.044210811871167,3.001510476845991,0,0,False,False,0.997874169675033,0.027888710747721965,False,False,False,False
2025-01-04 02:00:00+00:00,poultry_manure,0.3787332563765058,29.092612955079723,7.39367849701936,244.14471677200652,2648.881388778884,74.81884984600036,11.76171031020361,87.34686566675484,31.14032772160481,3.112728435048286,0,0,False,False,0.9874052743349699,0.02553316459923954,False,False,False,False
2025-01-04 03:00:00+00:00,poultry_manure,0.37795431046563277,28.206903333067675,7.331134184188951,228.73367008502632,2515.424902653486,68.96445317571256,11.568059663661758,90.53856686611554,29.55001585905373,3.166820337653087,0,0,False,False,0.9933404569088461,0.02684370693055784,False,False,False,False
2025-01-04 04:00:00+00:00,poultry_manure,0.4254481599471162,27.215779466027374,7.331617541115195,237.64428775831476,2528.5318176770465,69.64943372218123,12.675652552113828,88.48280241723,27.807068679925653,3.8173838529909174,0,0,False,False,0.9746924240386874,0.03073794678808988,False,False,False,False
2025-01-04 05:00:00+00:00,poultry_manure,0.5087710617674011,25.097029081478674,7.2370100066705065,267.81010100710796,2438.643607535327,63.07979252222651,10.884671559119361,87.46432182171971,30.137260579685826,3.874883503674611,0,0,False,False,0.9930507519987385,0.031197276585690145,False,False,False,False
2025-01-04 06:00:00+00:00,poultry_manure,0.5914196075510386,25.43009733983995,7.372998556841679,296.0331526719236,2417.5126934705604,70.92335773726545,11.958324473458184,92.0,31.106397955080507,5.205277249356617,0,0,False,False,0.9887276428164858,0.03813290413588302,False,False,False,False
2025-01-04 07:00:00+00:00,poultry_manure,0.650220011129986,24.13098362538215,7.335712302918198,286.153798083332,2436.0374198840914,66.51691852340606,12.424784642996642,86.45816706049168,27.890707597420494,5.58785608312112,0,0,False,False,0.9767831527592217,0.04183340083836861,False,False,False,False
2025-01-04 08:00:00+00:00,poultry_manure,0.738700416629498,23.695832319511002,7.291472705794794,352.7293593710707,2428.883454581732,66.55159421115074,11.79623646899873,89.28057941187708,27.04231744353728,6.223845466914339,0,0,False,False,0.9694043567803664,0.04479747017116453,False,False,False,False
2025-01-04 09:00:00+00:00,poultry_manure,0.8780599850802544,24.1730840213027,7.324635629063717,366.98782337423313,2466.491015489121,67.1142113785802,12.707414000544023,86.42586127897344,30.480055213873534,7.0,0,0,False,False,0.9916623778585446,0.055263087799402505,False,False,False,False
2025-01-04 10:00:00+00:00,poultry_manure,0.9886499934984143,25.80785158254447,7.363270343670015,380.14261608789707,2500.194303366645,71.8328531447671,11.359544128480806,88.01309857937491,29.622137880590955,7.0,1,0,False,False,0.9930190994483136,0.058294652913013674,False,False,False,False
2025-01-04 11:00:00+00:00,poultry_manure,0.9563290462730587,23.5234179372739,7.310451120090094,367.48437939133777,2623.2282924004126,68.38468869669217,12.916259113167879,86.29808498353219,29.561911197795908,7.0,1,0,False,False,0.9910378164121196,0.05905388920901011,False,False,False,False
2025-01-04 12:00:00+00:00,poultry_manure,0.9685693086517142,24.467692695240665,7.331087769382315,328.8744490448498,2413.219447181636,65.85971089079878,13.373583837747875,90.30745996157809,29.379546256198868,7.0,1,1,False,False,0.9869275433732493,0.06934505072882174,False,False,False,False
2025-01-04 13:00:00+00:00,poultry_manure,0.9981543326646504,27.06193086040361,7.323209800098736,387.09716535042685,2471.632954298092,70.64086971427022,11.400638003901788,87.5419552965797,28.24142417710735,7.0,1,0,False,False,0.9794174317905825,0.06255465822829284,False,False,False,False
2025-01-04 14:00:00+00:00,poultry_manure,0.9511936434792456,27.180717808246975,7.359176504318458,333.7721913732358,2539.1071465086643,71.16498300687111,11.374043354890178,88.43309692035123,33.23229237440847,7.0,1,0,False,False,0.9645472930303661,0.06077026294779154,False,False,False,False
2025-01-04 15:00:00+00:00,poultry_manure,0.9540863547440118,29.64612096040538,7.5145459196733855,384.574316309899,2676.929568397519,73.4434645582008,10.459591242669614,90.5826389552418,25.40296558760262,7.0,1,0,False,False,0.9463276120893742,0.061573348593412916,False,False,False,False
2025-01-04 16:00:00+00:00,poultry_manure,0.9329468122761329,29.71533988294628,7.340996690307082,369.41226075425107,2459.9003252801213,71.8731420010242,12.282199650345751,90.70005378470543,29.91836212997621,7.0,1,0,False,False,0.9977726230480334,0.07024339165407585,False,False,False,False
2025-01-04 17:00:00+00:00,poultry_manure,0.8403183438079491,32.269805553398726,7.4481358887709375,353.38998703127083,2569.498216788891,71.890011748961,14.130897869040066,88.89719057676275,29.622525889494128,7.0,0,0,False,False,0.985570769549741,0.08121590433616273,False,False,False,False
2025-01-04 18:00:00+00:00,poultry_manure,0.8094105274097826,32.72494486365674,7.474802655945727,349.4021322262205,2582.451282682916,75.0,11.685123262583149,86.0382647875505,31.180666563317498,6.510041792375304,0,0,False,False,0.9866189506797407,0.06086908995533194,False,False,False,False
2025-01-04 19:00:00+00:00,poultry_manure,0.6800924710874396,32.63979842973572,7.3312730761684115,314.174775160664,2497.0716674835853,71.25477004635756,11.953916762979762,84.28731449959537,30.73337953262684,5.481891030836662,0,0,False,False,0.9924357884886303,0.05440280761866639,False,False,False,False
2025-01-04 20:00:00+00:00,poultry_manure,0.6017850324445481,34.00712150217136,7.429499573105601,254.26623031510044,2659.0647178059035,75.0,10.202564326685295,87.5538544650163,30.58548255079226,4.300470576876293,0,0,False,False,0.9851579961255039,0.04199747320652851,False,False,False,False
2025-01-04 21:00:00+00:00,poultry_manure,0.5024845749608847,33.11400942136273,7.377698698421449,232.7513441410411,2438.8635141992127,75.0,11.280011645292232,86.46473346384333,27.768988320017524,3.9206789103364255,0,0,False,False,0.9740899414266364,0.03592422556535124,False,False,False,False
2025-01-04 22:00:00+00:00,poultry_manure,0.4650560940347946,32.75854815565297,7.382226121612832,276.51711685144016,2649.28377939937,75.0,12.902258746623552,89.15034001072472,27.641372649070437,4.279411778663444,0,0,False,False,0.9719024327575866,0.03929083000639399,False,False,False,False
2025-01-04 23:00:00+00:00,poultry_manure,0.3593258391984722,30.75984836194466,7.416692133563091,185.97934083864408,2509.1208018025063,73.97708082338765,13.104951384849462,85.0478559511373,30.985175921648427,3.203887214081735,0,0,False,False,0.9846234838592683,0.027980299367668385,False,False,False,False
2025-01-05 00:00:00+00:00,poultry_manure,0.3437023642287505,31.05220785130173,7.420912147344875,140.37786010362709,2421.6688283395356,71.04247720807739,12.918704234587448,89.3582064511522,29.256061866163957,3.1741387372905647,0,1,False,False,0.9879670974887024,0.02838600487064888,False,False,False,False
2025-01-05 01:00:00+00:00,poultry_manure,0.31769400359789673,29.315325097123953,7.444799078618451,181.49787518261974,2546.3544432177237,67.35603439607955,13.246901452258506,84.07056429674726,29.623516597912257,2.830461634746397,0,0,False,False,0.99000065871783,0.02573272152431733,False,False,False,False
2025-01-05 02:00:00+00:00,poultry_manure,0.3634185077140666,30.460332190948126,7.405465821625612,221.0168794700644,2288.947044890667,72.00156504731169,11.76899216937775,87.92961324469412,32.05005975274113,3.0086485859367937,0,0,False,False,0.9783443633194775,0.025826333494324654,False,False,False,False
2025-01-05 03:00:00+00:00,poultry_manure,0.3989880416138556,28.555139898249145,7.383498907745431,254.06273710267186,2653.4468384106176,72.03857291455243,11.57068504256555,90.59686096612413,30.934162441496657,3.345970354392789,0,0,False,False,0.9885118007978612,0.02754865457452622,False,False,False,False
2025-01-05 04:00:00+00:00,poultry_manure,0.4250986642031365,27.074752947279972,7.354758367137004,273.9441060326128,2373.679125746413,74.13306206580712,13.913194108305344,87.90370895617625,26.667502330888663,4.159237990288286,0,0,False,False,0.9571090527673599,0.031430078912216275,False,False,False,False
2025-01-05 05:00:00+00:00,poultry_manure,0.548220993369557,26.655150274024365,7.307088307534841,283.74566799583937,2153.8516636238132,72.69388108633535,11.232270591553872,87.90327827033094,32.17558166783323,4.330302926567783,0,0,False,False,0.974405536279437,0.031981459368475434,False,False,False,False
2025-01-05 06:00:00+00:00,poultry_manure,0.5789142752819477,25.267126517240268,7.288773835018115,322.595587145093,2528.0583987134933,70.14084161747323,11.9220116415841,91.06881485686444,28.940146093742516,5.028326530542174,0,0,False,False,0.9890115191453457,0.03679775043202421,False,False,False,False
2025-01-05 07:00:00+00:00,poultry_manure,0.6283110222017424,24.42879416004764,7.331091529788601,246.61803501013122,2368.9272884150078,68.86180900119705,11.913451117057479,84.06351474906266,29.30363645054172,5.033960422696895,0,0,False,False,0.9926036200907046,0.03628238565718986,False,False,False,False
2025-01-05 08:00:00+00:00,poultry_manure,0.7516325949349134,24.22825225331971,7.22059820336621,291.9587399860884,2601.316716247152,72.28808124449422,11.618662102099831,88.2034630572644,29.561022950434985,6.162222148713007,0,0,False,False,0.9937035400148491,0.04239029195883437,False,False,False,False
2025-01-05 09:00:00+00:00,poultry_manure,0.858938365263139,22.922670581985237,7.322320355064341,346.1513440993714,2315.216576572398,66.90578555454513,11.781464070294183,91.25525487485179,34.337292066821476,7.0,0,0,False,False,0.9555343996832562,0.05231645785268377,False,False,False,False
2025-01-05 10:00:00+00:00,poultry_manure,0.9029409425549871,23.87088901623993,7.2941352767566325,389.5413345017505,2383.6340811992336,65.83711084030809,11.788457217561232,86.25785874138404,31.787501216293514,7.0,1,0,False,False,0.9810672739248709,0.054742128233009786,False,False,False,False
2025-01-05 11:00:00+00:00,poultry_manure,1.0768536168925242,24.67100979886912,7.300058173441796,348.2046571549746,2596.789135641605,63.69765623611793,12.29375441770343,88.57865096057895,33.76662311424963,7.0,1,0,False,False,0.9608649967689865,0.07574555233233336,False,False,False,False
2025-01-05 12:00:00+00:00,poultry_manure,1.0438120668058732,25.24916971789838,7.30772959058896,379.4741467158709,2501.1744832322647,70.86508145003464,11.8449830741745,89.08494433713643,30.7199500432869,7.0,1,1,False,False,0.9920254149380036,0.06179097173505539,False,False,False,False
2025-01-05 13:00:00+00:00,poultry_manure,1.1001460215853431,28.255413369662016,7.389429691651561,343.75411446642397,2650.910771322465,66.97383763816002,13.093723118819625,88.77157226531592,29.999770289091998,7.0,1,0,False,False,0.9945290872968218,0.09065828506955965,False,False,False,False
2025-01-05 14:00:00+00:00,poultry_manure,1.070363530469073,28.162103810533647,7.223582807354205,373.8058522262894,2566.287838620645,69.66450052593484,11.731697959420377,88.81356072619678,32.13153383315943,7.0,1,0,False,False,0.9773431514655077,0.07214605706302078,False,False,False,False
2025-01-05 15:00:00+00:00,poultry_manure,0.885751982361675,29.883377483442246,7.380707423626583,370.9167289145395,2530.629926315234,68.28249612684652,11.855402276687858,91.13897578350726,30.544748813097094,7.0,1,0,False,False,0.9938295232524683,0.07048456520465168,False,False,False,False
2025-01-05 16:00:00+00:00,poultry_manure,0.8963916087033473,32.15985393487602,7.395274782966129,391.8574063451212,2611.518147381318,75.0,12.25729877724864,84.9859494102704,29.714740049266616,7.0,1,0,False,False,0.9958609066064229,0.0673667675569765,False,False,False,False
2025-01-05 17:00:00+00:00,poultry_manure,0.7286420100850518,32.477080628095386,7.313923798855961,310.42332308845516,2385.120704772829,73.03721397299483,10.473192541145506,89.73051568413533,28.344120908318924,5.478017879858038,0,0,False,False,0.9758071717889167,0.04887288390550447,False,False,False,False
2025-01-05 18:00:00+00:00,poultry_manure,0.7377123539974219,34.04927180612038,7.401097242358194,346.45945482513,2331.4418438052876,75.0,11.321087878806296,90.82572545588829,31.92317830746448,6.068398332521092,0,0,False,False,0.9773736563193867,0.05930908337286392,False,False,False,False
2025-01-05 19:00:00+00:00,poultry_manure,0.7126347686327003,33.292782941429486,7.359540365683645,369.7739421991703,2498.3102211389964,75.0,12.704370548393522,90.56354747048334,32.46288313460226,6.559391799371652,0,0,False,False,0.9718493159120098,0.06123437171698139,False,False,False,False
2025-01-05 20:00:00+00:00,poultry_manure,0.562872982445015,32.37069557771254,7.352206627464851,234.95607472467196,2524.3590286987214,69.01929094712503,12.359027049918595,87.89356188521057,29.60094781308193,4.89149639354569,0,0,False,False,0.9942143428812263,0.04785211228014692,False,False,False,False
2025-01-05 21:00:00+00:00,poultry_manure,0.4901338239139811,31.510653450975934,7.423309673115179,280.2844145201639,2481.412636700578,75.0,12.090772429550933,88.10355562627909,24.0,4.17688139867482,0,0,False,False,0.9395461378522453,0.036433619401935916,False,False,False,False
2025-01-05 22:00:00+00:00,poultry_manure,0.44346691737934746,31.63184230050569,7.298384992966395,294.40505110850796,2471.3435748523475,68.48901712468304,12.419438794162284,86.76654168007111,31.10666914265093,3.8230103459263263,0,0,False,False,0.9868361146026793,0.03583879248897565,False,False,False,False
2025-01-05 23:00:00+00:00,poultry_manure,0.39778237410484035,31.59325595412669,7.307503756863999,172.72272527942982,2500.705946273079,68.8601778466582,10.88334190996045,89.03075993637965,27.851026019718514,3.0834568549169847,0,0,False,False,0.9729269697469873,0.028520313686555224,False,False,False,False
2025-01-06 00:00:00+00:00,poultry_manure,0.3427823644752398,31.390220965119134,7.448872644035814,190.29583690559411,2743.9441535155265,75.0,12.20893939653704,88.05213466445689,28.402316000239704,2.9479918886795238,0,1,False,False,0.9829784630197119,0.026177830425170485,False,False,False,False
2025-01-06 01:00:00+00:00,poultry_manure,0.3331831695394475,30.599128289160063,7.273579413762821,242.0575639901167,2632.250781290086,65.46507082760819,11.376830061770388,87.36786896535185,28.753315891875737,2.6493909958143087,0,0,False,False,0.9844173092276093,0.02564816924951406,False,False,False,False
2025-01-06 02:00:00+00:00,poultry_manure,0.3631167656963098,28.2347916539674,7.323650616826414,195.821588153199,2468.4070327622594,75.0,12.410138158091856,86.43246561470797,30.698070496172242,3.115945169633316,0,0,False,False,0.9909686042478183,0.023368331371408264,False,False,False,False
2025-01-06 03:00:00+00:00,poultry_manure,0.3875780478188554,27.59152787980516,7.412451028447726,246.0789645918174,2311.737534351547,73.4144771817708,13.650234904447075,87.6396995125589,32.387553779191464,3.7092846548322664,0,0,False,False,0.96787328768585,0.030305774630274316,False,False,False,False
2025-01-06 04:00:00+00:00,poultry_manure,0.43012719637557806,27.23398387688627,7.343054569418707,211.5035606066392,2421.335844198714,71.22924630604139,10.759195488291732,92.0,27.89899340475118,3.4060774267078693,0,0,False,False,0.9727859114889704,0.025831083025917086,False,False,False,False
2025-01-06 05:00:00+00:00,poultry_manure,0.5142108696477019,24.665757073880123,7.319350113311534,285.02787324635614,2578.5257540162647,64.43061561019846,13.582179079139049,86.29837895336178,34.603338089171714,4.821734909214903,0,0,False,False,0.9460557237125876,0.037490986004329714,False,False,False,False
2025-01-06 06:00:00+00:00,poultry_manure,0.5898852070571091,24.62494705806999,7.377579497104689,272.6700431045979,2464.3567524537334,70.42857803302786,11.386620052248533,85.29044849051387,31.853781402550513,4.583030206908063,0,0,False,False,0.9783952862357376,0.033618036847901746,False,False,False,False
2025-01-06 07:00:00+00:00,poultry_manure,0.6835938611680903,24.666764026657514,7.35097203683236,282.12942362893057,2400.116317659437,69.46995134268828,12.527796554079567,87.93220686735384,31.28678686263577,6.0243584697759625,0,0,False,False,0.9844931486032444,0.043168832323844566,False,False,False,False
2025-01-06 08:00:00+00:00,poultry_manure,0.838633500154563,24.234133103093605,7.361808364101654,317.5002169015361,2359.300086446807,73.15177152433516,11.03476473630261,85.67260820258045,28.46645011406669,6.342599088760927,0,0,False,False,0.9798383248221799,0.04303090098849641,False,False,False,False
2025-01-06 09:00:00+00:00,poultry_manure,0.8308740407199445,24.554323754808358,7.269086712447674,360.42123301004693,2469.5176497793295,68.64486857194295,11.681851757780608,83.41563430969391,31.48668264935883,6.47715551862974,0,0,False,False,0.9835424322953148,0.046418131109562735,False,False,False,False
2025-01-06 10:00:00+00:00,poultry_manure,0.888990861331431,24.189607001700843,7.266998644249768,319.6776822656642,2493.455948004918,63.80791156376139,10.8607220182874,86.96359671035941,29.98883918057424,6.717125690562657,1,0,False,False,0.9941920018971794,0.051411108665067116,False,False,False,False
2025-01-06 11:00:00+00:00,poultry_manure,1.035652666103651,24.335190707716794,7.313808382450408,367.0973376652541,2615.405812813833,75.0,13.268453698844748,86.12619392834374,34.66999705456003,7.0,1,0,False,False,0.946957760960176,0.06413101801816154,False,False,False,False
2025-01-06 12:00:00+00:00,poultry_manure,0.9656796503229722,25.137674056246187,7.439673120131251,321.19478291582067,2607.7544618841775,73.68674126230285,14.061816474665797,87.71025068434788,33.5179000981107,7.0,1,1,False,False,0.954511916645564,0.06580605942304628,False,False,False,False
2025-01-06 13:00:00+00:00,poultry_manure,1.0995694047061608,27.174623699599575,7.293204405415625,382.45738413135786,2515.6077505129315,65.32024552941766,11.453202338883688,87.56303887283549,30.57914473403344,7.0,1,0,False,False,0.991474564354084,0.07546652266185429,False,False,False,False
2025-01-06 14:00:00+00:00,poultry_manure,0.9912803664981706,28.19727644402503,7.346276475047306,376.83163941775143,2626.1672179182124,72.2281446714295,11.670583223793512,89.17781093465294,31.49137969485467,7.0,1,0,False,False,0.9834391191704209,0.06530125072002023,False,False,False,False
2025-01-06 15:00:00+00:00,poultry_manure,0.9708547614222405,30.184228447928913,7.387664163582461,356.4142709493485,2239.4539715926135,73.88424174409792,13.223118124618551,85.08670556607734,26.992464049671717,7.0,1,0,False,False,0.9638090498736245,0.07212368966164921,False,False,False,False
2025-01-06 16:00:00+00:00,poultry_manure,0.9471624589993101,30.140972037005017,7.376468295491657,377.5112332284894,2538.7428485183964,73.73651146493809,11.211635338842227,87.15652023804957,32.13903634438027,7.0,1,0,False,False,0.9746678132504084,0.06298055875673174,False,False,False,False
2025-01-06 17:00:00+00:00,poultry_manure,0.8949280652752403,33.06668919113344,7.371206523139555,449.42377754870233,2488.758913679724,72.20538679287918,10.712598978137422,86.90554843348725,29.963360448960618,6.665311750907346,0,0,False,False,0.9931965993802933,0.062056061472991524,False,False,False,False
2025-01-06 18:00:00+00:00,poultry_manure,0.8003545949989022,32.32535220722032,7.41143331043305,347.1943549911736,2440.0464354594546,74.45369132358611,12.710626522984718,87.06454710621816,29.182390810523376,7.0,0,0,False,False,0.9882707754903102,0.0653628938470724,False,False,False,False
2025-01-06 19:00:00+00:00,poultry_manure,0.668127306760118,32.94475945642793,7.369806262608354,290.17727082098196,2693.7311431472012,71.26230869574772,12.023311257401643,90.83139432212026,30.527097830670616,5.837263256414708,0,0,False,False,0.9946124654062856,0.0564790887437306,False,False,False,False
2025-01-06 20:00:00+00:00,poultry_manure,0.5768820031768113,33.7011677065701,7.420402941138873,257.46058423887234,2500.1076298487974,72.9711734620808,13.31229891676895,91.0567975342211,31.515926768325805,5.594256955256309,0,0,False,False,0.9782792377328972,0.05580051002590576,False,False,False,False
2025-01-06 21:00:00+00:00,poultry_manure,0.5150454013532668,33.38129142401249,7.352250623008284,257.88684624751113,2318.363112892066,72.63676833764868,12.010928022090347,88.1782772903627,31.786058518402104,4.3638887972378555,0,0,False,False,0.9820847747055272,0.04243662665304758,False,False,False,False
2025-01-06 22:00:00+00:00,poultry_manure,0.4392907045515306,32.69868404943364,7.386365777513152,272.364607962736,2423.301039428439,69.86815009650459,10.275593817022042,88.69186889346634,27.616304621526066,3.2028215038791896,0,0,False,False,0.9675410153003708,0.031161817093179493,False,False,False,False
2025-01-06 23:00:00+00:00,poultry_manure,0.37042600280984267,31.092502399847678,7.384143024903522,210.32017236311472,2597.63092831064,72.42320103783058,13.969121562923984,89.2117105275227,27.10263207092147,3.693026427484549,0,0,False,False,0.9611807128945947,0.03246001417632758,False,False,False,False
2025-01-07 00:00:00+00:00,poultry_manure,0.35616723922399296,29.525148233534868,7.283228050104813,206.01548487902693,2514.1635686430877,64.93533443278004,11.646262304104598,89.43516436440983,29.44209959439529,2.9678287233692204,0,1,False,False,0.992652307464476,0.028414509808587646,False,False,False,False
2025-01-07 01:00:00+00:00,poultry_manure,0.35427576859022486,29.886559996973553,7.324912122686169,247.16037064602665,2582.754098229162,68.18021746135706,12.640269258436174,89.65772804616071,30.40089115926649,3.211999659988984,0,0,False,False,0.9927897421151543,0.02933640326450001,False,False,False,False
2025-01-07 02:00:00+00:00,poultry_manure,0.3519055759091932,29.45159133267923,7.454054523369652,207.51634915430154,2338.1172851483657,75.0,12.06147090331428,85.65805284187972,26.782405321946882,2.908604064210438,0,0,False,False,0.9675166987028975,0.0243760767236988,False,False,False,False
2025-01-07 03:00:00+00:00,poultry_manure,0.41264484533890916,28.255949640240733,7.3503089844795895,187.75490363701635,2394.6122205086617,73.56953240327883,10.73466963715958,89.00154111935487,30.876694359456806,3.153934150052744,0,0,False,False,0.9849064045912298,0.025248997761709142,False,False,False,False
2025-01-07 04:00:00+00:00,poultry_manure,0.4453032580347262,27.52872774944912,7.367945920669028,188.71254567238384,2495.347274495873,68.7335138499171,10.193915507800199,89.77632127454383,30.73969133524846,3.260233418542978,0,0,False,False,0.9835726641865163,0.02732681190850318,False,False,False,False
2025-01-07 05:00:00+00:00,poultry_manure,0.5023059834170913,25.770240969587125,7.386093792605178,258.36349890354336,2475.8357408921606,71.67689166813129,13.225296381550205,84.88715648709945,27.148009259363093,4.511341856339736,0,0,False,False,0.9653536106858799,0.033759665792942345,False,False,False,False
2025-01-07 06:00:00+00:00,poultry_manure,0.5905931291273585,24.689408175579793,7.347617092987884,278.6865416656634,2662.882603884899,69.54115145153051,12.59242849692341,87.73386819674967,31.882041804453703,5.219815450024045,0,0,False,False,0.9782174394708459,0.038385762445666195,False,False,False,False
2025-01-07 07:00:00+00:00,poultry_manure,0.6560962919830712,23.806168667446325,7.275939205149386,294.05121575778765,2540.4596954121293,65.604355975924,13.862124978749375,84.26442646119287,27.76568581182743,6.131004706040046,0,0,False,False,0.9683462332245274,0.046340141466756926,False,False,False,False
2025-01-07 08:00:00+00:00,poultry_manure,0.7230408538016749,24.475488807108977,7.336981091945227,319.5210675843061,2536.5558984588124,73.10411510107838,12.179892501185524,83.87330399235425,25.80285344845395,5.9090821870210135,0,0,False,False,0.9571290719786119,0.03914949425386638,False,False,False,False
2025-01-07 09:00:00+00:00,poultry_manure,0.8638535465718613,24.128292404017753,7.352706664073011,370.6258059121838,2504.571750842976,67.58220926868641,12.188014073726332,87.21853325279119,27.169541606762547,7.0,0,0,False,False,0.9707553456989938,0.0532584270875125,False,False,False,False
2025-01-07 10:00:00+00:00,poultry_manure,0.8746699933633307,24.09891312408427,7.339249026891071,387.04486963698497,2414.547649766308,67.462962022255,11.608694729396346,89.66369102628113,27.28824330315757,7.0,1,0,False,False,0.9709259066785575,0.0540733450528621,False,False,False,False
2025-01-07 11:00:00+00:00,poultry_manure,0.9499550768047044,24.485190677500125,7.263178732220604,426.63331300555143,2280.094167991223,68.06817895664754,10.397434987053337,90.34168934757663,30.205909713823544,7.0,1,0,False,False,0.9899280777970312,0.05048483555864033,False,False,False,False
2025-01-07 12:00:00+00:00,poultry_manure,0.9965355038346061,25.514325920684776,7.295175383409538,348.66512880367424,2420.66235364091,72.8711490514618,12.732342754477083,88.27830478839647,33.03444389576669,7.0,1,1,False,False,0.9659938472699476,0.0628845892534525,False,False,False,False
2025-01-07 13:00:00+00:00,poultry_manure,1.0319958988179845,26.750071033123465,7.282296079487662,408.8750102627827,2516.83340254265,70.36091642296908,11.784952869069295,85.6062604070768,31.459011229281405,7.0,1,0,False,False,0.9843346520525325,0.06504151857326218,False,False,False,False
2025-01-07 14:00:00+00:00,poultry_manure,1.0240811230270526,28.7731155239409,7.324065581898011,416.94970157434443,2343.8625917270697,74.16019885369812,12.032039354568314,89.72187252007599,32.53061051369661,7.0,1,0,False,False,0.9745336980901924,0.07269283161297391,False,False,False,False
2025-01-07 15:00:00+00:00,poultry_manure,0.9699060508917131,29.261336376878006,7.285053231267307,375.42480178312064,2585.155317654989,68.71396619421228,12.14951831862025,86.71224547099631,31.551975716042467,7.0,1,0,False,False,0.9837326512464741,0.07204228984158528,False,False,False,False
2025-01-07 16:00:00+00:00,poultry_manure,0.825421717860186,31.876936812541235,7.362673243409725,335.16620726551474,2585.561153900203,70.8997994843395,13.297359208134043,87.82773297215478,27.64573940276118,7.0,1,0,False,False,0.9699705979869415,0.07307247805161776,False,False,False,False
2025-01-07 17:00:00+00:00,poultry_manure,0.8350343705387778,32.9078350869322,7.5177089092824785,342.1410387294193,2576.3598696628264,75.0,11.843879412315625,87.64185754562669,28.469249199921236,6.9342562945160475,0,0,False,False,0.9839118890607905,0.06548472731639327,False,False,False,False
2025-01-07 18:00:00+00:00,poultry_manure,0.7327897489022287,33.79192556153213,7.423029622831,320.7073556993515,2451.397945992232,73.03642428576917,11.333732559459099,90.3939060898063,29.969401550165195,6.005946872661937,0,0,False,False,0.9963626782989474,0.05846029104853365,False,False,False,False
2025-01-07 19:00:00+00:00,poultry_manure,0.6712420201177715,33.93747023368554,7.446980905999959,381.87448977102366,2382.5677199546712,75.0,12.003853573072684,90.88183798477006,30.525159250346114,5.858236675995576,0,0,False,False,0.9947291396311754,0.05571266629332417,False,False,False,False
2025-01-07 20:00:00+00:00,poultry_manure,0.6167761424856572,32.92784344880511,7.377200102209292,350.25184201976464,2627.774696098429,73.4564854127716,13.898875954297006,89.02888743852513,28.61987542490777,6.105597607737048,0,0,False,False,0.9767043744775927,0.05607824299306318,False,False,False,False
2025-01-07 21:00:00+00:00,poultry_manure,0.5266221148728938,33.562943715104055,7.345984327268584,277.04117670762326,2475.7888205272216,75.0,12.308750773344299,89.8242182295484,27.77013624185136,4.6579680374901535,0,0,False,False,0.9761576085517921,0.04249992190428022,False,False,False,False
2025-01-07 22:00:00+00:00,poultry_manure,0.44115853307181413,32.31764932218057,7.393746493147467,220.4604766189176,2611.563528748907,74.75356432089268,12.128552571591825,87.88930965697216,26.375550376908095,3.7620944895799746,0,0,False,False,0.9631127409111218,0.03400372827545907,False,False,False,False
2025-01-07 23:00:00+00:00,poultry_manure,0.39239455533239687,31.534576884245126,7.2679212361998164,204.41511322206213,2621.858251892015,72.67346764508997,11.69934516601742,85.79794025965244,30.367593541590093,3.1510215676120112,0,0,False,False,0.9948207904141861,0.02821607523031818,False,False,False,False
2025-01-08 00:00:00+00:00,poultry_manure,0.32302730802205093,31.107012550407653,7.35855916313704,248.6936328754469,2456.1986262718397,74.6198899934432,11.701102642666365,87.73157954117816,30.905750338476405,2.6528455310409895,0,1,False,False,0.9894480098285677,0.023430679830282086,False,False,False,False
2025-01-08 01:00:00+00:00,poultry_manure,0.3407883884835572,29.8665867057275,7.384058386505159,186.83054435997627,2484.2592372417607,71.5694721639087,10.947888361334144,90.24124578105871,33.30841666663459,2.693458063622653,0,0,False,False,0.9616552751403248,0.024095591285901104,False,False,False,False
2025-01-08 02:00:00+00:00,poultry_manure,0.3598977477701338,29.034585635129954,7.447070772339868,226.77342696255195,2618.3915983070656,68.55975436368188,11.457764699210967,87.62943230865068,28.362301340346082,2.8908064379023726,0,0,False,False,0.9809118368995157,0.025914676491348657,False,False,False,False
2025-01-08 03:00:00+00:00,poultry_manure,0.3692041006532767,28.44337942040596,7.3347406892292,180.4018709072902,2469.0022727870564,75.0,12.159536562929565,87.00230793645339,29.437255100004442,3.1246710187998126,0,0,False,False,0.9935748681853965,0.02384815584851408,False,False,False,False
2025-01-08 04:00:00+00:00,poultry_manure,0.4451873079456146,27.53434369055639,7.443678009069077,255.04699127409674,2532.2025164613,70.61442242076627,10.776352771592936,87.33071118019514,27.865130281934114,3.3517495371179717,0,0,False,False,0.9725330666773058,0.02778129111595534,False,False,False,False
2025-01-08 05:00:00+00:00,poultry_manure,0.49661033551374006,26.47397487085168,7.296461874646301,275.88941618693855,2438.812661219179,68.74942153626203,11.807640505164418,86.01137454734797,29.266604621884913,4.034825447502386,0,0,False,False,0.9917042487446712,0.029647745414850386,False,False,False,False
2025-01-08 06:00:00+00:00,poultry_manure,0.6170458904773581,26.693357878583747,7.39853931858156,267.5675138030467,2408.8810413812116,67.20241847385333,10.809034889494182,89.63825457338632,31.435226876195806,4.782861019611199,0,0,False,False,0.9796929056855128,0.038569712919535926,False,False,False,False
2025-01-08 07:00:00+00:00,poultry_manure,0.7124091340295889,25.81347230486604,7.277105659474551,282.7306063518637,2552.4829941246717,72.45724346577501,11.13040250711839,91.03692453710842,30.373670235054103,5.774945815087736,0,0,False,False,0.991915310185051,0.04202566266259317,False,False,False,False
2025-01-08 08:00:00+00:00,poultry_manure,0.7419667949735463,24.196725502245492,7.300507469948183,333.06593920728426,2477.8366746680977,65.06292051141658,11.554030648329558,86.36200594623214,30.714629585815885,5.922849444879719,0,0,False,False,0.9906238573834889,0.045678406110802657,False,False,False,False
2025-01-08 09:00:00+00:00,poultry_manure,0.9054670467295488,24.08308405960976,7.3007038369363535,360.8612270414734,2337.4830825981203,69.10642139325302,11.995080231002365,89.08416220741837,29.99420304858932,7.0,0,0,False,False,0.9999174316409051,0.053425759060113494,False,False,False,False
2025-01-08 10:00:00+00:00,poultry_manure,0.9049652093821592,24.39512843352623,7.3072246483649455,339.11515111691307,2647.396200675018,65.6669554542855,11.889682596676861,85.11931361001918,28.828799344119854,7.0,1,0,False,False,0.9877364064245828,0.05606288799871614,False,False,False,False
2025-01-08 11:00:00+00:00,poultry_manure,1.0670078288349705,24.92587794919568,7.272427207441898,366.19198883828375,2485.660916627513,67.07616677214317,13.373860709880265,89.90223491519639,31.37330447854502,7.0,1,0,False,False,0.9793976516651485,0.07884043707260546,False,False,False,False
2025-01-08 12:00:00+00:00,poultry_manure,0.9763976787450953,26.661265310988927,7.343203938568072,438.59043862798023,2376.950503115756,67.23549337439529,13.251230092044846,87.6795960136332,28.003880909192244,7.0,1,1,False,False,0.9737826586316982,0.0732569275094273,False,False,False,False
2025-01-08 13:00:00+00:00,poultry_manure,1.0157276633983028,26.58988116663975,7.280819176667269,368.33869433382444,2485.9763669343356,69.36335875828225,11.783523856396489,86.30126360433619,31.360582594268326,7.0,1,0,False,False,0.9853117933392992,0.06553653765430954,False,False,False,False
2025-01-08 14:00:00+00:00,poultry_manure,1.0116700963975565,28.018364059399975,7.3483316956899465,338.6716697497377,2429.6859241336006,67.30982915779747,11.808355154715708,86.82195487239285,28.93090085965536,7.0,1,0,False,False,0.9883507843701321,0.07233403695119758,False,False,False,False
2025-01-08 15:00:00+00:00,poultry_manure,0.930971939559367,29.668422468174693,7.3773173282148035,394.26804107874074,2475.2582563005135,70.09018141736776,11.239219198477247,87.33496544493141,30.123142186658598,7.0,1,0,False,False,0.9949646741258003,0.06377566037970504,False,False,False,False
2025-01-08 16:00:00+00:00,poultry_manure,0.8348290144193459,32.788583499606816,7.452617653142544,325.30670033320314,2597.2121298597,72.23966701854023,13.63500908740479,88.60237987411391,27.779297777849774,7.0,1,0,False,False,0.9696179323414738,0.07734653673114372,False,False,False,False
2025-01-08 17:00:00+00:00,poultry_manure,0.8100167084980645,32.80342378319595,7.370455705390121,383.40249085388245,2658.3390808174163,71.87262313635208,13.175062100457337,85.91624561879715,26.59968915683972,7.0,0,0,False,False,0.9601215810661105,0.07112560585053626,False,False,False,False
2025-01-08 18:00:00+00:00,poultry_manure,0.8035033738957925,31.810358794323122,7.389363272630567,356.86968435215795,2518.183790481461,71.07741856784232,11.01236208975859,86.98739280788271,31.176008602835097,6.15764275030415,0,0,False,False,0.983301724420442,0.057813724718414894,False,False,False,False
2025-01-08 19:00:00+00:00,poultry_manure,0.6639075019959709,33.27376528105938,7.33551696295401,309.8448598154567,2439.66759008302,75.0,11.908600632575572,85.65345013139911,33.72179561903103,5.417552830842238,0,0,False,False,0.9623250469725675,0.05146418580215026,False,False,False,False
2025-01-08 20:00:00+00:00,poultry_manure,0.5780491387210425,32.17995610173118,7.449067975873513,313.26799779326893,2462.5062941037363,74.55547521030202,13.34419176219811,89.67379709704564,34.17570623679608,5.533661373721175,0,0,False,False,0.9515219788210486,0.05120915119592049,False,False,False,False
2025-01-08 21:00:00+00:00,poultry_manure,0.5446440481808895,33.26421575392163,7.467340667183627,243.30643602521081,2513.7885729921236,68.95978980283341,11.620146623691374,88.57530737940168,34.707408075711044,4.4846342069566605,0,0,False,False,0.9510266523613464,0.04695124547216351,False,False,False,False
2025-01-08 22:00:00+00:00,poultry_manure,0.4471192581922635,32.27314499449736,7.366067935121409,163.16647379972312,2521.2588229415396,71.23003419359999,11.547173042780312,89.09177147749449,30.855675305948825,3.679820475184072,0,0,False,False,0.9891791121544133,0.034313135085047006,False,False,False,False
2025-01-08 23:00:00+00:00,poultry_manure,0.3961556734784961,32.2699419653456,7.451506637548557,262.8774029528592,2471.052445009612,75.0,12.997957945966307,87.07749553015988,30.925333565513252,3.5870458186516005,0,0,False,False,0.9857568746150359,0.032756844328615545,False,False,False,False
2025-01-09 00:00:00+00:00,poultry_manure,0.3638229141619787,31.641771376228657,7.416645356016204,200.25587904300033,2596.8808386860965,75.0,11.415100307308258,91.526107317086,27.871235925179946,3.0409183485551625,0,1,False,False,0.9757878607883408,0.02642694711680195,False,False,False,False
2025-01-09 01:00:00+00:00,poultry_manure,0.3221873217703132,31.037959361615123,7.397849520050124,234.80058911127432,2461.277205487451,75.0,14.18361272223528,86.57334636645086,30.870478108271797,3.164969309817842,0,0,False,False,0.9803771553061056,0.027390449331683598,False,False,False,False
2025-01-09 02:00:00+00:00,poultry_manure,0.3511765058734239,29.26657042186377,7.448368574840043,238.5299340263198,2556.3312180899693,69.80726067020171,12.3623255220115,86.14642162791304,30.73666508237305,2.991939847502618,0,0,False,False,0.990821721566212,0.025752596183785486,False,False,False,False
2025-01-09 03:00:00+00:00,poultry_manure,0.38559094981557673,28.417323619047508,7.264112808856849,226.26711669139752,2529.8047938718933,71.31012154469882,11.563792345052757,89.36348447408248,28.5814462946023,3.1876982047209643,0,0,False,False,0.9836334246712868,0.02581663417276178,False,False,False,False
2025-01-09 04:00:00+00:00,poultry_manure,0.4328853774111103,27.697959664147383,7.317759405335959,205.0077000548702,2835.9236176266404,69.0965636372875,9.230521042602971,85.53716012744954,33.56969425904751,2.73428605118521,0,0,False,False,0.9504556626225398,0.022779508668208256,False,False,False,False
2025-01-09 05:00:00+00:00,poultry_manure,0.47858263231849824,26.419651196612005,7.351377909833471,228.942577381198,2531.6819125525394,74.0026571766744,12.819213588229426,90.12906323100229,30.626306059202584,4.423572626064856,0,0,False,False,0.989640871466827,0.03244353708632478,False,False,False,False
2025-01-09 06:00:00+00:00,poultry_manure,0.6012755478278113,24.719102568809205,7.349395925072127,263.8860546321582,2492.1853452376176,68.35316127078217,10.654835192869108,88.69242625680938,29.12930547339695,4.545658460260959,0,0,False,False,0.9845672306983151,0.03213130664350795,False,False,False,False
2025-01-09 07:00:00+00:00,poultry_manure,0.6190268794951138,24.011917857379125,7.317784283286808,293.09934711489166,2517.5523107756076,67.56597110210821,12.370472844928312,88.72181226840767,26.6567848599289,5.435208378747335,0,0,False,False,0.9647154843746475,0.04031129367153105,False,False,False,False
2025-01-09 08:00:00+00:00,poultry_manure,0.7266327184067441,24.47504100818146,7.330078972815424,336.92637292702005,2576.643139239893,62.785662332585474,12.35568573986564,90.10718044722282,35.02631971175623,6.471890939664909,0,0,False,False,0.9479583741831095,0.04916507429338323,False,False,False,False
2025-01-09 09:00:00+00:00,poultry_manure,0.8096060470193792,23.04101328632111,7.303159620603213,447.1932071020145,2538.715171145181,65.94213598577242,12.554626581650503,90.41477148800003,31.21831989467851,7.0,0,0,False,False,0.9850436681449624,0.05193510167394012,False,False,False,False
2025-01-09 10:00:00+00:00,poultry_manure,0.8948213629408338,25.16424228967469,7.387714927776079,312.3382753516218,2508.8679087132355,68.41403217230013,10.47373727162445,88.4488030754413,30.87807872900179,6.6316251018733565,1,0,False,False,0.9835878990681044,0.050141903916785524,False,False,False,False
2025-01-09 11:00:00+00:00,poultry_manure,1.007962326397215,24.00437264274375,7.327946966218914,401.31145570922854,2418.1455429303714,71.11685960276638,11.324114616471238,88.61301344914732,28.71509127559122,7.0,1,0,False,False,0.9837714858382683,0.055535017888210435,False,False,False,False
2025-01-09 12:00:00+00:00,poultry_manure,1.0839168191963784,26.442085525719676,7.365236525997113,360.70299949619283,2498.2520303240385,72.35068192307224,12.533966324204851,86.7539366964916,30.553210998458063,7.0,1,1,False,False,0.991798058394395,0.07052634929554091,False,False,False,False
2025-01-09 13:00:00+00:00,poultry_manure,1.0996912008060251,26.897316171617124,7.337503936470273,339.6465491228614,2520.7850090183515,69.53190339405427,12.606335748188046,83.586778201284,30.287661725733077,7.0,1,0,False,False,0.994091704001729,0.07580590191952982,False,False,False,False
2025-01-09 14:00:00+00:00,poultry_manure,1.0413532469091844,27.478590199928494,7.357988613031982,358.0833840573185,2512.312518888651,65.66789123060461,13.513106332454276,87.16216608019327,30.304198837042055,7.0,1,0,False,False,0.9893924799673081,0.0836305306764795,False,False,False,False
2025-01-09 15:00:00+00:00,poultry_manure,0.9885490065655206,29.903403709718184,7.339821466770684,338.4138561235027,2503.077594287366,75.0,11.286265811555582,84.59190402629068,27.186012842013067,7.0,1,0,False,False,0.9682914574779086,0.06180794245105782,False,False,False,False
2025-01-09 16:00:00+00:00,poultry_manure,0.8069093157674683,30.793629367782035,7.41296654809293,321.3047842734819,2489.085750596843,72.00512247057209,10.64182097453829,87.53807445768086,29.457680343278813,6.013504694977059,1,0,False,False,0.9877859083054795,0.053188251887742205,False,False,False,False
2025-01-09 17:00:00+00:00,poultry_manure,0.8914269225656893,31.217075784553572,7.385891923871738,294.83892551567993,2502.4173846726253,67.78658211011911,10.406808499051646,90.63707528463515,30.397047604531934,6.726655394239198,0,0,False,False,0.988063566449939,0.06579975350516638,False,False,False,False
2025-01-09 18:00:00+00:00,poultry_manure,0.8625604861552193,33.42342952711941,7.286972559089104,341.430663806942,2520.780900300088,70.68749592974552,12.121918607491173,87.65092079129681,29.831862524143215,7.0,0,0,False,False,0.9977090322039762,0.07063393881887287,False,False,False,False
2025-01-09 19:00:00+00:00,poultry_manure,0.6902845796022288,33.2748701039444,7.394181221648557,357.07353384788286,2322.5855104591765,69.1607565847387,13.089203136441471,89.05230854134865,28.262459767522298,6.436896836551849,0,0,False,False,0.9771785819930157,0.06614993688053854,False,False,False,False
2025-01-09 20:00:00+00:00,poultry_manure,0.5945252157367692,33.24731236822249,7.432929305857805,241.17680221991617,2367.657692861734,70.3809472016536,11.50252917523822,87.39143985313238,26.88175412103177,4.781041401184035,0,0,False,False,0.9663301870865089,0.0475788675232873,False,False,False,False
2025-01-09 21:00:00+00:00,poultry_manure,0.5239357381172051,34.04757626609483,7.412988618045114,240.31660896315952,2542.1343298567886,73.81759640716894,11.407471829183349,88.45696048841877,32.30924052607325,4.229503876110694,0,0,False,False,0.9739449538851842,0.04234028707868184,False,False,False,False
2025-01-09 22:00:00+00:00,poultry_manure,0.45224836875214414,31.499451709910492,7.446847520270836,277.3622944689864,2488.686115245305,72.64483126155694,12.83502888682344,87.63844261842013,32.640116747718444,4.069663469171917,0,0,False,False,0.9694236880886984,0.037776110420261355,False,False,False,False
2025-01-09 23:00:00+00:00,poultry_manure,0.3852981610983413,32.403145208795095,7.367195826184709,252.3015630982536,2570.0463683822936,72.96724562929164,12.053385838052908,90.1498479638612,30.99208167588603,3.3493534551077992,0,0,False,False,0.9898122540508753,0.030459401980837547,False,False,False,False
2025-01-10 00:00:00+00:00,poultry_manure,0.3424769461363968,31.2702635414095,7.266194565487925,200.6749706890083,2508.775668585343,67.70148533705415,11.741655182292527,88.19149284806164,29.85441478875693,2.837117650545561,0,1,False,False,0.9972524237990319,0.027146959648982096,False,False,False,False
2025-01-10 01:00:00+00:00,poultry_manure,0.3436046866631695,30.251255459230997,7.469241404312213,189.91016000504538,2488.7344077468465,75.0,11.5075116455521,84.2157050231369,29.049635238625598,2.663934716713171,0,0,False,False,0.9880339106140165,0.02226181613149875,False,False,False,False
2025-01-10 02:00:00+00:00,poultry_manure,0.325062309614386,27.512627925471662,7.398278927626937,161.10179157257176,2465.6452992164905,75.0,12.104127103957422,86.14976181910248,27.781768298258736,2.711715729898411,0,0,False,False,0.9772970474628002,0.01990326947791546,False,False,False,False
2025-01-10 03:00:00+00:00,poultry_manure,0.3466946482589111,28.315053223938857,7.419674007832293,204.5866374505552,2404.2082604507555,70.35826405102229,11.702338511449172,87.39154904341596,28.348431670253408,2.8364766897304694,0,0,False,False,0.9819960092597799,0.024145721353205758,False,False,False,False
2025-01-10 04:00:00+00:00,poultry_manure,0.4660438395838346,26.773799962170735,7.296190391309422,290.8222558750244,2439.1382831703295,69.55897885851998,12.523404158381572,85.97643619752158,30.442904149632447,4.0143810540890685,0,0,False,False,0.9929539377117677,0.03167361495036041,False,False,False,False
2025-01-10 05:00:00+00:00,poultry_manure,0.4946553225758751,26.982190119401547,7.3729960341027185,253.23362808605006,2603.784490352574,73.82580560899164,11.220655005670869,88.3099726770126,30.18607113648685,3.9212148032755985,0,0,False,False,0.9942425636634858,0.029664307052924402,False,False,False,False
2025-01-10 06:00:00+00:00,poultry_manure,0.6086850829551528,25.13507967221608,7.342982892505091,294.14777161581424,2459.2251748017675,68.8740437735332,12.246173011709917,87.10466812761268,29.469876579979946,5.194269355919805,0,0,False,False,0.9934679007412498,0.0403281424017542,False,False,False,False
2025-01-10 07:00:00+00:00,poultry_manure,0.727467547143925,23.676751085570096,7.206324475431931,251.82972257960424,2561.3191671338263,64.9020751146753,11.206663639130218,84.32269067291257,28.433097811619724,5.4995151660641675,0,0,False,False,0.9803642963118484,0.03946845899255173,False,False,False,False
2025-01-10 08:00:00+00:00,poultry_manure,0.8088655510593376,23.80717741441461,7.266813038462747,320.75353540377137,2638.8783452936896,69.03374395508904,10.73403273523265,89.38115312522746,27.804552610208706,6.208335742612405,0,0,False,False,0.9717156897782503,0.04404124109998578,False,False,False,False
2025-01-10 09:00:00+00:00,poultry_manure,0.8204037451034988,23.72802973098364,7.268481881260702,359.7145001394226,2732.463209157244,72.4195224916984,12.77003312460128,87.44958465465362,30.22935889021764,7.0,0,0,False,False,0.9938562454748172,0.048187727771609186,False,False,False,False
2025-01-10 10:00:00+00:00,poultry_manure,0.9284840908746191,24.360458690444034,7.2373385527910505,378.81029160969285,2290.173076378475,64.41030820785865,11.874728622566261,86.6385274489004,27.766972359910064,7.0,1,0,False,False,0.9770433667119319,0.05973998726905528,False,False,False,False
2025-01-10 11:00:00+00:00,poultry_manure,0.910886734806852,24.354460622724073,7.363059790214795,360.295414880919,2708.3800357009154,68.68197413441953,11.33461617919695,88.1124202656871,32.33968981123094,7.0,1,0,False,False,0.9732761827836753,0.052888923875688915,False,False,False,False
2025-01-10 12:00:00+00:00,poultry_manure,0.9957660828224495,26.36958057018709,7.4114928444722095,374.79955683994336,2477.3585729842325,71.55462152267245,10.865307647283482,87.73308801123703,31.091536712790976,7.0,1,1,False,False,0.9834111711085076,0.058082264892076525,False,False,False,False
2025-01-10 13:00:00+00:00,poultry_manure,1.0654546081447966,27.459128657891625,7.281611984044099,342.4764390555081,2409.14855821373,74.64236736027375,11.586116090085103,85.67217250234333,34.10987233566398,7.0,1,0,False,False,0.9568318570937857,0.06469234002073386,False,False,False,False
2025-01-10 14:00:00+00:00,poultry_manure,1.0026028796488637,28.03989816328385,7.387316176386521,404.31073188832863,2584.9281975208883,71.93295894124466,13.191795655727754,87.48246012099209,30.865691028237762,7.0,1,0,False,False,0.9853841114389836,0.07186628542614423,False,False,False,False
2025-01-10 15:00:00+00:00,poultry_manure,0.8293794395540568,30.890415611075035,7.397475332180856,346.47137817673035,2508.0411164466573,74.6814734475146,12.237381306997602,85.53550464240254,31.291363162155566,6.945094611562572,1,0,False,False,0.9858994618434563,0.05949187220099019,False,False,False,False
2025-01-10 16:00:00+00:00,poultry_manure,0.8108053625523397,31.136464742349766,7.317834683315959,341.1127893333097,2414.2106922683793,73.51234238622543,13.053602420271067,91.98704918214237,30.532441308973453,7.0,1,0,False,False,0.9894075748089102,0.06946752211564548,False,False,False,False
2025-01-10 17:00:00+00:00,poultry_manure,0.8099331087415943,31.40095106425656,7.301923088405637,393.47245004269695,2604.8121112241897,70.90345767779988,12.630731781571306,87.82980596036043,30.469391726830793,7.0,0,0,False,False,0.9921524238238355,0.06678306566512868,False,False,False,False
2025-01-10 18:00:00+00:00,poultry_manure,0.8131713618453553,32.41231781238871,7.332661017363261,370.7669785205006,2554.875554276667,75.0,13.222072791814671,88.58639721526643,31.35052555006447,7.0,0,0,False,False,0.9803843805402819,0.06677723538346576,False,False,False,False
2025-01-10 19:00:00+00:00,poultry_manure,0.6817191275642631,34.038956049715885,7.309634796376166,337.5558664915556,2556.6912065515885,72.2211282864153,12.18085315446795,90.17048069020477,29.72155763051331,5.99014808642816,0,0,False,False,0.9963113105327934,0.06005642273739397,False,False,False,False
2025-01-10 20:00:00+00:00,poultry_manure,0.5917995197592502,34.070458813705336,7.326946637842513,345.12612285674174,2675.9116585129927,70.9633760308369,12.807141285381286,90.89525937292251,33.78271749766354,5.511350473651661,0,0,False,False,0.9581371185964581,0.0542057476453975,False,False,False,False
2025-01-10 21:00:00+00:00,poultry_manure,0.4729395806658783,33.5460085490324,7.388295604174188,236.84605595418455,2606.862404671581,75.0,10.297311824440602,87.29902535816822,31.08759134460723,3.4011744531325605,0,0,False,False,0.9806106456761307,0.031733141680469416,False,False,False,False
2025-01-10 22:00:00+00:00,poultry_manure,0.43954624460484004,31.8124951959079,7.358767078844656,198.09206435432355,2552.7333789179334,74.32147299277183,12.328547629094121,90.99645188178876,30.5539539448283,3.9448540219119153,0,0,False,False,0.9928177224062464,0.03544900593712572,False,False,False,False
2025-01-10 23:00:00+00:00,poultry_manure,0.33917913541242706,31.02095247941747,7.390525949378422,197.76589341006002,2470.0861240570093,75.0,10.000374081304953,83.59073318347649,25.46807419089378,2.268263457094378,0,0,False,False,0.9446826123154626,0.019542031544263656,False,False,False,False
2025-01-11 00:00:00+00:00,poultry_manure,0.3549650058005421,30.547412931509307,7.436146142307331,159.8326539027122,2574.105797432369,73.19904224502721,12.91491781071807,90.28902852251372,27.17338069578146,3.3113276395249103,0,1,False,False,0.9671592179042243,0.02920378193979791,False,False,False,False
2025-01-11 01:00:00+00:00,poultry_manure,0.35739968127106486,30.950241245397937,7.341172814108896,275.6524846387919,2497.5928473610747,75.0,14.697021920002214,91.80913344954995,29.856253039133517,3.857974724528126,0,0,False,False,0.9850774207913241,0.03271353388850742,False,False,False,False
2025-01-11 02:00:00+00:00,poultry_manure,0.33473313339662675,29.03494643502376,7.312581180322227,209.90405383813047,2663.3446431950406,66.05307006966505,11.754490580214101,88.9281145843598,30.11707826670857,2.7991849010441627,0,0,False,False,0.9976016702339848,0.02471095148899336,False,False,False,False
2025-01-11 03:00:00+00:00,poultry_manure,0.4034672357960309,28.4128845077122,7.33902127972818,277.8158112300616,2305.9498978024462,71.96185716828965,13.471004385798228,89.05399264090742,29.000297620718385,3.872145185955475,0,0,False,False,0.9826479542781926,0.032265547173631004,False,False,False,False
2025-01-11 04:00:00+00:00,poultry_manure,0.42064509125825955,26.042223912670533,7.36777375884105,257.2859260065776,2340.7787389749155,67.94253082135184,12.885050468438328,89.06825564972611,31.760969517578022,3.8620232429937227,0,0,False,False,0.9779650524820281,0.03079606527446586,False,False,False,False
2025-01-11 05:00:00+00:00,poultry_manure,0.50998042344171,24.598963254730318,7.269884367044227,255.90838770187955,2514.4579330702863,71.43616222146987,11.77956999927756,86.09251839415712,29.411616837105772,4.137503189252985,0,0,False,False,0.9930140183674455,0.029714943384093365,False,False,False,False
2025-01-11 06:00:00+00:00,poultry_manure,0.5836544379588873,25.12921049737762,7.313083809771828,316.23648645941273,2493.1204343605837,69.7439510529967,11.529507845562911,86.92783507896124,29.94565321433865,4.679671975947115,0,0,False,False,0.997104071371201,0.03365353766884763,False,False,False,False
2025-01-11 07:00:00+00:00,poultry_manure,0.6781680288502504,24.85323440410958,7.240478449098863,293.14569356749405,2484.162144798942,72.42042731872041,12.546600010940427,87.74045241780773,27.67808444233205,5.972459604400985,0,0,False,False,0.9740478443686184,0.041790145727067074,False,False,False,False
2025-01-11 08:00:00+00:00,poultry_manure,0.8205551957243539,24.23425910705694,7.249375673776001,344.9481254166533,2453.9284135526045,64.0622237039508,12.167158282055066,90.46284746759238,28.051524492920542,7.0,0,0,False,False,0.97967945351893,0.05287250044206228,False,False,False,False
2025-01-11 09:00:00+00:00,poultry_manure,0.8809262986524812,24.238070727637872,7.313110636983396,358.89940838123783,2702.612400147325,68.85337384361658,12.167300026587645,89.70843226434256,29.354764056470028,7.0,0,0,False,False,0.992711140431762,0.056655054150021866,False,False,False,False
2025-01-11 10:00:00+00:00,poultry_manure,0.8826885781606164,24.025144174733672,7.276186193492393,385.7370188611263,2528.4546912479527,66.83620515288275,11.872207437857265,89.64224002913487,27.69878128046134,7.0,1,0,False,False,0.9763488499938998,0.055233058935562726,False,False,False,False
2025-01-11 11:00:00+00:00,poultry_manure,0.8335584465938194,24.666601902527997,7.262785774654975,435.038951744082,2478.70993557243,68.33774541878985,11.654790355761786,89.20309077680311,33.07103922883574,6.932827780581345,1,0,False,False,0.9675635594904516,0.05005240691951512,False,False,False,False
2025-01-11 12:00:00+00:00,poultry_manure,1.045784873923461,25.95666002499398,7.228842372287207,318.2582385999942,2414.325700622784,70.42614526294585,11.093678316313557,88.51750953474549,27.92418374723123,7.0,1,1,False,False,0.97471022905388,0.059118989087571384,False,False,False,False
2025-01-11 13:00:00+00:00,poultry_manure,1.051172919826546,26.788722645194557,7.224928100129368,398.17631884517345,2544.104931025365,65.89118179050973,10.464106829813364,88.23993932377961,29.120778525558727,7.0,1,0,False,False,0.9835283194046541,0.06512632802166696,False,False,False,False
2025-01-11 14:00:00+00:00,poultry_manure,1.0092838180563883,27.61056861611883,7.334286417487818,354.7223969956376,2523.9802793564086,69.86779694811939,11.902642850891812,86.91268226098562,30.920375700708277,7.0,1,0,False,False,0.9903094572473763,0.06865896260778888,False,False,False,False
2025-01-11 15:00:00+00:00,poultry_manure,0.940287135684031,29.55532492052376,7.333372279421588,377.20026202838756,2496.2526530303444,75.0,12.325148908355095,86.8233330775098,29.725387579995004,7.0,1,0,False,False,0.9956281312581746,0.06596871194299564,False,False,False,False
2025-01-11 16:00:00+00:00,poultry_manure,0.9866676879787272,31.73950704834118,7.35012506273579,348.19220343782683,2480.92696106433,75.0,10.57881673763469,88.92906125045577,31.063812890685185,7.0,1,0,False,False,0.9822559547813215,0.06549024193757692,False,False,False,False
2025-01-11 17:00:00+00:00,poultry_manure,0.7683519994404774,30.583259350325893,7.408273263284185,320.9465155277768,2673.411974539627,70.06951747275863,11.255649805415501,91.07099205562291,29.653901830393433,6.300874837362597,0,0,False,False,0.9928172673310118,0.056716477528902846,False,False,False,False
2025-01-11 18:00:00+00:00,poultry_manure,0.7324528302784944,32.374804163987555,7.394408205510009,282.0511033840533,2538.3378960375067,73.19460008368362,10.403034735515982,87.93229375514976,29.71980722727955,5.360164266150528,0,0,False,False,0.9892132459503754,0.04897390514703061,False,False,False,False
2025-01-11 19:00:00+00:00,poultry_manure,0.6255108465811138,33.194583771986665,7.4413565073794485,329.520034195567,2485.646212345026,75.0,12.779864508348652,90.67464530603752,27.71395598809817,5.798784198479707,0,0,False,False,0.9732402373392384,0.054154358902915936,False,False,False,False
2025-01-11 20:00:00+00:00,poultry_manure,0.5985584764411532,32.414014456948024,7.32969317268106,328.4006651007784,2507.9056660518063,75.0,13.066570017641084,88.80784455302327,31.756146565793077,5.5566046990280995,0,0,False,False,0.9771056842538638,0.04852253637020608,False,False,False,False
2025-01-11 21:00:00+00:00,poultry_manure,0.49444064250296127,33.95543072208108,7.452599466908987,225.98147667477937,2483.319067202222,75.0,11.457456516612915,85.96935835184046,32.04246533767661,3.8961534397499475,0,0,False,False,0.9768626292062984,0.03790235899432629,False,False,False,False
2025-01-11 22:00:00+00:00,poultry_manure,0.4824125117181646,32.26995201979411,7.423470671548909,220.6066340974154,2617.3047176571836,72.91502488670606,11.88787535264904,87.30368140257809,29.690826584833648,4.005394988433592,0,0,False,False,0.9963476426115817,0.03822410334101599,False,False,False,False
2025-01-11 23:00:00+00:00,poultry_manure,0.3830571669300434,31.654511104725916,7.321712046784569,193.0057221213706,2493.494990148081,70.80769207603,12.319984670236778,89.89761653638824,32.53964289955205,3.3940006733844204,0,0,False,False,0.9730036476532956,0.030994310751008138,False,False,False,False
2025-01-12 00:00:00+00:00,poultry_manure,0.34483285099577704,30.355121845655713,7.383051257618382,147.99940774318873,2542.9329162004256,74.81372293561422,11.750179594811723,87.96253419724705,30.558910922221145,2.851286496409037,0,1,False,False,0.9931617887518471,0.023749390253394575,False,False,False,False
2025-01-12 01:00:00+00:00,poultry_manure,0.3471643192608658,29.63357054591193,7.39884826420242,197.99457300489675,2478.9025315870517,72.23359792216573,12.540587384663766,87.11246723053432,31.1076419622821,3.0340536985410727,0,0,False,False,0.9862206434538602,0.02659570261821009,False,False,False,False
2025-01-12 02:00:00+00:00,poultry_manure,0.3362231980449302,28.964702592663055,7.311613300366971,226.37787527575924,2591.1714191664523,73.25644422239664,13.790652916210863,88.42869589583177,28.024772861891194,3.280165150776425,0,0,False,False,0.9712944640378577,0.02644696736294705,False,False,False,False
2025-01-12 03:00:00+00:00,poultry_manure,0.36197493253953766,27.71360644716846,7.287029214944247,235.31488442956882,2228.628012899695,68.39364284056325,13.004151198823193,87.90137568497202,25.694213015493936,3.3101384973975088,0,0,False,False,0.9519213741608233,0.02724333772577382,False,False,False,False
2025-01-12 04:00:00+00:00,poultry_manure,0.44802399326603753,26.632448770981373,7.380125104258085,249.8055254877543,2636.405054063454,74.10135031534755,12.808304357905108,87.5091168486709,31.52890195295899,4.017317896789882,0,0,False,False,0.9806694586808845,0.029792273897838725,False,False,False,False
2025-01-12 05:00:00+00:00,poultry_manure,0.49387172188644674,25.44599019234736,7.296114814613793,300.40264016628447,2381.404851245864,66.40423808631836,13.839879510510482,84.9289838289461,35.219178253930906,4.644001849378438,0,0,False,False,0.9386088199081386,0.036576839199717,False,False,False,False
2025-01-12 06:00:00+00:00,poultry_manure,0.6163250746535229,25.52799907131641,7.328201626244285,278.9979257419852,2490.7372910021913,67.61586763233092,10.731127459690988,87.56465649046183,28.816446112776234,4.63312508622236,0,0,False,False,0.9818200984262173,0.03669268834211182,False,False,False,False
2025-01-12 07:00:00+00:00,poultry_manure,0.686298823643506,23.644648962034704,7.282996973634039,363.9686506061621,2681.330577181978,69.7144750477331,12.347416355671083,87.17470680255907,30.13930256417411,5.909759802440188,0,0,False,False,0.9968698925799035,0.04087725631402339,False,False,False,False
2025-01-12 08:00:00+00:00,poultry_manure,0.7667891146447349,24.836084261502247,7.157662948875784,402.24007245886224,2245.8750015527467,70.48963487429516,10.34820656728459,88.99790730820992,31.35291238686336,5.649510369875665,0,0,False,False,0.9782119089677893,0.03930203793401257,False,False,False,False
2025-01-12 09:00:00+00:00,poultry_manure,0.8466377498497845,24.22176354516774,7.270020479839645,363.30738909378,2472.3719813159905,69.3737434015249,13.743756953724281,88.80665865306263,32.558682102093805,7.0,0,0,False,False,0.9656943942104406,0.0591090592915993,False,False,False,False
2025-01-12 10:00:00+00:00,poultry_manure,0.909705673920882,23.994081846997062,7.284645652917001,456.7965875394383,2620.7209081235137,67.43509849667372,12.734873765669132,87.84332252161055,30.21675648952989,7.0,1,0,False,False,0.9941580662763554,0.0574638407071899,False,False,False,False
2025-01-12 11:00:00+00:00,poultry_manure,0.9869933560622842,24.89130421168623,7.283662041036936,331.06934487669685,2515.4371052474303,69.5767372434894,11.924561844705757,92.0,31.425684587380736,7.0,1,0,False,False,0.9853659633497214,0.061547901349489544,False,False,False,False
2025-01-12 12:00:00+00:00,poultry_manure,0.9811188065531061,24.890296234395723,7.303538784712813,401.6105216145214,2594.2198227926074,72.3942929704778,11.545076040109402,89.2706842430817,28.736045037462723,7.0,1,1,False,False,0.9850858305751743,0.058126494736058625,False,False,False,False
2025-01-12 13:00:00+00:00,poultry_manure,0.9133911995427675,26.891633903736146,7.279041138515674,340.03040966955336,2527.9793422341245,68.22477134244126,11.434009929682574,88.99014738578703,29.394122948491106,7.0,1,0,False,False,0.9911112791333239,0.059438587440855485,False,False,False,False
2025-01-12 14:00:00+00:00,poultry_manure,1.0048938610531002,27.71394975954941,7.428109097719419,394.58830596239744,2635.935597522137,64.3136317865019,11.723028927325055,84.04566560156839,32.122239640578805,7.0,1,0,False,False,0.9773927482308372,0.07107342385204679,False,False,False,False
2025-01-12 15:00:00+00:00,poultry_manure,0.9450071718325562,29.68705881480035,7.330651889663833,300.3634585393321,2644.633219494741,68.48461409456236,10.423504981771547,84.1261050542224,30.522867871877157,6.629330207182175,1,0,False,False,0.9868888461900862,0.061298912630622086,False,False,False,False
2025-01-12 16:00:00+00:00,poultry_manure,0.8507474644065153,30.57721161313395,7.400724709939542,342.14925879168726,2465.9643333985455,69.68118719646549,11.499768550071666,89.68792249877085,25.621024759555766,7.0,1,0,False,False,0.953709090345916,0.06352876708382832,False,False,False,False
2025-01-12 17:00:00+00:00,poultry_manure,0.876685146687282,31.297961174979324,7.5019484924925175,338.3699807387805,2479.1282271963746,74.71968149327647,11.478104872506595,85.5252038202132,29.994804714643287,6.884904837468333,0,0,False,False,0.9973385715089658,0.062467345982313294,False,False,False,False
2025-01-12 18:00:00+00:00,poultry_manure,0.7478573763065749,32.124375898199624,7.449846901172942,302.7975471754185,2311.9546799564637,73.04315915655485,11.144092204862307,86.22336692530101,33.70853315060411,5.748816453605862,0,0,False,False,0.9586351295182705,0.0526718846407496,False,False,False,False
2025-01-12 19:00:00+00:00,poultry_manure,0.6160983356758892,33.36635573896006,7.374560043624964,262.4238457193362,2495.491130700641,72.6323115721049,11.461683872307367,86.26493235931666,29.841956351995645,4.8732953686147775,0,0,False,False,0.9957279828814932,0.04723396001928773,False,False,False,False
2025-01-12 20:00:00+00:00,poultry_manure,0.5854517810191486,32.81106215621857,7.4326354556543,273.252419441879,2513.0367609628033,70.29353333018634,11.735493429451573,89.40723399816919,30.788206512522144,4.9142260799023925,0,0,False,False,0.9907954020220364,0.05018077320384954,False,False,False,False
2025-01-12 21:00:00+00:00,poultry_manure,0.4891699923280908,32.249376145824634,7.352363732618355,323.0091391886017,2470.1393755423155,73.09726767112777,12.232553686286218,89.18324090984355,25.73705210729876,4.269236126327454,0,0,False,False,0.9562077526415566,0.038243000261077076,False,False,False,False
2025-01-12 22:00:00+00:00,poultry_manure,0.3992278302945796,32.43471299112182,7.466424866066101,193.68529387333265,2495.906384555064,71.40555750596447,12.81424081737677,88.74594323618548,29.29115630585577,3.6320530776702795,0,0,False,False,0.9888403589716738,0.035659242419249094,False,False,False,False
2025-01-12 23:00:00+00:00,poultry_manure,0.38869037423044006,31.681082379214715,7.427967963352993,192.03752791189623,2494.1786708337277,70.09488262480046,11.603595760046908,88.9621152055776,30.227033861474393,3.209899710804311,0,0,False,False,0.9957476401854907,0.030267539100578132,False,False,False,False
2025-01-13 00:00:00+00:00,poultry_manure,0.3306677757262897,30.73089113850521,7.371880344667571,194.4521389620975,2492.2947740651025,66.98265975807516,10.022497414376947,85.82835923863036,30.266731339795005,2.275561745516078,0,1,False,False,0.9874451736739347,0.02175647656725091,False,False,False,False
2025-01-13 01:00:00+00:00,poultry_manure,0.34962250724021465,29.199705273076603,7.372117238531702,252.4841257633846,2397.830294122796,72.13684685014277,11.78273758883118,87.9069892348437,29.05505217359852,2.8970699511950206,0,0,False,False,0.9894642096801411,0.024967595764337106,False,False,False,False
2025-01-13 02:00:00+00:00,poultry_manure,0.3333388413748862,29.70173577142432,7.3145154002746695,179.97338338383253,2375.911388332952,70.69374254940759,11.210968675115863,92.0,29.320703822211655,2.750469763316003,0,0,False,False,0.9892618815976959,0.02369274165282269,False,False,False,False
2025-01-13 03:00:00+00:00,poultry_manure,0.4014130113686637,27.951111233128845,7.320525730749113,211.2245113208288,2481.382112933207,70.18809631004311,11.988738971605276,86.27945097228374,26.95012928607104,3.3217145583523946,0,0,False,False,0.9694449877187368,0.02807158251328296,False,False,False,False
2025-01-13 04:00:00+00:00,poultry_manure,0.44563316949938286,27.800140879050105,7.412075469605894,190.8202473864729,2527.53458491813,67.19729081537193,10.52760898320342,84.50613105283963,27.961311802783943,3.1716514970111427,0,0,False,False,0.9722511629438566,0.02844972070462147,False,False,False,False
2025-01-13 05:00:00+00:00,poultry_manure,0.5089991880050049,25.9185244550857,7.350998420520834,196.53315101851015,2338.3786663190235,69.71459186953983,11.169259269328439,85.77648674440046,29.21264796114123,3.9012133621386065,0,0,False,False,0.9879727759580545,0.02998081784147397,False,False,False,False
2025-01-13 06:00:00+00:00,poultry_manure,0.5654402929934754,25.714242615947697,7.443234186486969,327.282571386276,2493.682886712985,67.39666481626024,11.13414409788916,86.41744084953561,31.00219002814056,4.352461904063609,0,0,False,False,0.9856488202080402,0.03469748581757364,False,False,False,False
2025-01-13 07:00:00+00:00,poultry_manure,0.7055373588770555,23.523527420881937,7.301406480678821,340.5448625184,2538.9384446624167,68.34750567787043,12.300022589323097,87.22548772007792,29.958296788211122,6.055629800233612,0,0,False,False,0.9980828549354958,0.04288520924431625,False,False,False,False
2025-01-13 08:00:00+00:00,poultry_manure,0.7815457414175025,23.900801022582534,7.402002975182956,325.49843890454133,2558.0670855331546,69.50241739334132,11.177885977795768,88.57690057051857,31.40017027105331,6.190483107296194,0,0,False,False,0.9818877271784457,0.043731381928789594,False,False,False,False
2025-01-13 09:00:00+00:00,poultry_manure,0.8284612812253437,23.712359463092817,7.211853465567485,340.206142036761,2590.2532858621175,64.76831294356134,11.162937822719982,88.71291441969532,32.28508563643908,6.563380099403382,0,0,False,False,0.9729638327492092,0.048972813273891753,False,False,False,False
2025-01-13 10:00:00+00:00,poultry_manure,0.9401734597047035,25.177543188673823,7.31417122134169,369.8366800464167,2430.480496145098,65.89367726639342,11.64974307796652,87.5203942050205,28.995812755049393,7.0,1,0,False,False,0.9882068429403266,0.05965998072725289,False,False,False,False
2025-01-13 11:00:00+00:00,poultry_manure,0.9176821364282706,24.17703849953867,7.3451212116482765,411.8749676095396,2471.806956201925,71.13075870428646,12.248213945423561,88.16668776251969,28.97418809303739,7.0,1,0,False,False,0.9885008112032562,0.05741725929920682,False,False,False,False
2025-01-13 12:00:00+00:00,poultry_manure,0.9369476875244435,24.930188105836926,7.40962258969532,351.309286058603,2474.3804182715076,74.80391696198754,11.198995824480368,87.50996666995896,32.995712455422286,7.0,1,1,False,False,0.966037854568179,0.051652978712395346,False,False,False,False
2025-01-13 13:00:00+00:00,poultry_manure,1.0076619476509243,26.661501703218825,7.318329827747362,419.26098178030384,2710.651863648126,64.83378122620182,10.430052637748423,85.87190862450562,28.022199551522185,7.0,1,0,False,False,0.9723722587039639,0.05984201666887208,False,False,False,False
2025-01-13 14:00:00+00:00,poultry_manure,1.0045593608730987,27.910495881216946,7.246789646278335,343.47952007128464,2374.7398819336327,71.77573643554678,10.994222108110035,88.21710759157646,27.41044499625707,7.0,1,0,False,False,0.9690755605031209,0.06246759789769938,False,False,False,False
2025-01-13 15:00:00+00:00,poultry_manure,0.9879789246849651,29.697596996916864,7.400466476697692,390.9444453744432,2469.837319944629,71.06422230781881,11.920242475274142,89.96217034220257,28.49853116928057,7.0,1,0,False,False,0.9845865240691763,0.07541243069973849,False,False,False,False
2025-01-13 16:00:00+00:00,poultry_manure,0.9166200352976988,30.35285659639691,7.317240332658967,324.2614706045197,2597.9599360049974,71.78203413836249,12.220524202726523,90.62478099323648,27.000653374847253,7.0,1,0,False,False,0.96890391273484,0.07156573604230403,False,False,False,False
2025-01-13 17:00:00+00:00,poultry_manure,0.8960925994959673,31.410125718506652,7.287626089663075,300.66992803472675,2257.6527446364357,75.0,13.39231809010113,85.59157437573107,27.274211503765354,7.0,0,0,False,False,0.9657805245871479,0.07249167589987461,False,False,False,False
2025-01-13 18:00:00+00:00,poultry_manure,0.7131605626783524,33.192081606503415,7.518167369345064,324.3983224494855,2498.4264754820247,75.0,10.719985790220841,88.97482731890968,27.682750268229757,5.4417510463238665,0,0,False,False,0.9704274316334017,0.0521279921787056,False,False,False,False
2025-01-13 19:00:00+00:00,poultry_manure,0.6941810114227354,31.82353902506759,7.336429033241624,288.2005652927072,2396.9469833513126,75.0,11.15909007040306,87.41463405310726,29.103794096998925,5.4172096525560365,0,0,False,False,0.9868333913220045,0.04723159099478328,False,False,False,False
2025-01-13 20:00:00+00:00,poultry_manure,0.594278512689057,33.690384372506365,7.482871368495005,257.0902358423018,2623.5700196413145,75.0,12.782801068178216,87.06597313270831,31.11907912720305,5.2912039711778185,0,0,False,False,0.9848952033870785,0.04933386711879384,False,False,False,False
2025-01-13 21:00:00+00:00,poultry_manure,0.5405790899838101,33.56145859731462,7.359699487012241,247.35647232978408,2627.554025877311,69.50407516927878,11.139163486950583,86.74303479649437,29.682187552210756,4.178654076211935,0,0,False,False,0.9925176929568604,0.041997481087456934,False,False,False,False
2025-01-13 22:00:00+00:00,poultry_manure,0.4390768237783831,32.94016939413623,7.484815919098873,215.0513503047473,2208.951300165392,73.46630347252692,12.302492985866058,89.16196538554776,28.39319366681674,3.8530377145144157,0,0,False,False,0.982419471738837,0.038172504174589394,False,False,False,False
2025-01-13 23:00:00+00:00,poultry_manure,0.38876915876916324,30.453515229416478,7.374801066150068,244.8124964943845,2449.559260572834,73.32375224338791,12.655390020511629,86.18016465961036,33.80693568601627,3.392068746046897,0,0,False,False,0.9586536930372792,0.028670315514180787,False,False,False,False
2025-01-14 00:00:00+00:00,poultry_manure,0.3797344415563427,29.924300721923554,7.383319206247525,215.98270651277664,2547.9440738922353,70.73445225949051,11.76485583491704,84.3390526075826,29.257806420072235,3.014291882479804,0,1,False,False,0.9914023433753075,0.026373287516451002,False,False,False,False
2025-01-14 01:00:00+00:00,poultry_manure,0.35093740989764033,29.904399881978982,7.326948247202803,186.37877903652276,2630.7179983524243,69.50016777002591,12.62064727731633,86.70046520044033,30.90361093994905,3.072010603401204,0,0,False,False,0.9878606542139279,0.027377368930560662,False,False,False,False
2025-01-14 02:00:00+00:00,poultry_manure,0.35961933214928843,29.051500071855784,7.368253160709209,230.5871157104799,2456.9281784996724,70.27561378482132,13.607931131240246,90.44679262982098,30.94717292121058,3.540937739610563,0,0,False,False,0.9824886151316929,0.029689802333345693,False,False,False,False
2025-01-14 03:00:00+00:00,poultry_manure,0.3752509088314128,27.04197597685781,7.310882069835145,230.97117669595053,2545.4849176411794,73.35308010662551,12.663766681630296,87.18752854862625,29.381671465613252,3.3145838299913573,0,0,False,False,0.990497881247981,0.02521495180229755,False,False,False,False
2025-01-14 04:00:00+00:00,poultry_manure,0.4393830132009221,27.611978096511347,7.344655520602166,271.60568541273244,2766.7047087347723,68.81533371875096,12.617227837381275,88.26646966388581,30.91598223610585,3.9146501189139338,0,0,False,False,0.9877540384520351,0.030899575476722587,False,False,False,False
2025-01-14 05:00:00+00:00,poultry_manure,0.46442330116193414,26.996333709268047,7.329846327317076,237.84929150164345,2535.7981909391965,65.66443292381115,13.337205146919281,87.3506436564152,30.434759613631506,4.328475154236351,0,0,False,False,0.9889663781290885,0.03691904296737808,False,False,False,False
2025-01-14 06:00:00+00:00,poultry_manure,0.5628578711017352,24.77684741177661,7.37723824878102,291.25747784374005,2319.584209227952,66.78593718514827,13.268015392440022,90.168161574096,29.081842112684093,5.387011620586362,0,0,False,False,0.9844783441646409,0.04184917845215181,False,False,False,False
2025-01-14 07:00:00+00:00,poultry_manure,0.6968360253539811,24.311029812409867,7.285753672838555,350.5846008944148,2594.568404659227,64.86651285516994,13.50695597348602,88.94186762535969,28.83029539250125,6.697061865445632,0,0,False,False,0.9807681740575823,0.050894919359595135,False,False,False,False
2025-01-14 08:00:00+00:00,poultry_manure,0.6945338418572418,25.199703713379524,7.353068962231533,311.20037141938565,2307.9740327090612,65.18243780710577,11.473398451809572,92.0,29.934898471910945,5.864936340338156,0,0,False,False,0.9967159769781574,0.04621023469005207,False,False,False,False
2025-01-14 09:00:00+00:00,poultry_manure,0.8476688802319695,24.181295206433905,7.366878880900006,382.94968580294864,2479.2310762124594,70.3154332558773,11.735508723497412,89.35633439093375,26.365236121199416,7.0,0,0,False,False,0.9623299048294812,0.04987614940528828,False,False,False,False
2025-01-14 10:00:00+00:00,poultry_manure,0.9144632521120992,24.308872290297813,7.323586503779138,376.06169788480173,2630.950159655673,64.38360050994788,11.344615750715562,85.2279879874271,30.09400753783451,7.0,1,0,False,False,0.9957830033752327,0.05541300476880109,False,False,False,False
2025-01-14 11:00:00+00:00,poultry_manure,0.9861020169106699,24.63485454800916,7.278948357041813,420.02903332077847,2709.6668724686047,66.45823989025632,11.64500548322628,87.9394853805736,30.305168865546644,7.0,1,0,False,False,0.9951733387606649,0.05871168522618058,False,False,False,False
2025-01-14 12:00:00+00:00,poultry_manure,0.9161002717324803,24.471067323026674,7.281111138656895,330.5603148636728,2579.76981932218,67.94041694019684,10.685567044894325,91.014018581221,30.708123082073836,7.0,1,1,False,False,0.9863466044037332,0.051457854360214245,False,False,False,False
2025-01-14 13:00:00+00:00,poultry_manure,0.9096876622439196,26.37460421257681,7.353860719314176,321.6176751680596,2390.9627897396867,69.27028809857228,10.896696255923995,84.40024464952602,30.625989145945276,6.693000265595147,1,0,False,False,0.9882235898201672,0.05224534332655649,False,False,False,False
2025-01-14 14:00:00+00:00,poultry_manure,1.0565335472211204,29.15795673588452,7.306326238769835,373.5473238998996,2606.921775980629,69.599140641801,11.78200507391518,91.63553309101992,29.280993782485304,7.0,1,0,False,False,0.9917199631944289,0.08268025406533688,False,False,False,False
2025-01-14 15:00:00+00:00,poultry_manure,0.9726384452715486,29.02897082911237,7.365876115064905,336.2395125455987,2494.819988774771,69.70264039525458,10.32428665390152,87.78177510091977,32.840538456190515,7.0,1,0,False,False,0.9632160487076025,0.06218640875640792,False,False,False,False
2025-01-14 16:00:00+00:00,poultry_manure,0.9323857378055654,31.612707261348714,7.328927419897592,405.2575780076394,2456.6080371810967,68.43091229241647,11.328924104953067,86.60779004680062,28.004259216407615,7.0,1,0,False,False,0.9766872126888415,0.06773078144370662,False,False,False,False
2025-01-14 17:00:00+00:00,poultry_manure,0.9119516421345826,32.36906464632369,7.385927721437937,321.5939957211794,2409.2175755609055,75.0,10.803551167023205,86.29116274425138,28.333375769989136,6.801342584065042,0,0,False,False,0.9773515135350074,0.061440506107572374,False,False,False,False
2025-01-14 18:00:00+00:00,poultry_manure,0.7689777119145796,32.2174182730006,7.423184340256275,376.10193327095726,2543.572135996236,71.97488274811496,12.859895341724961,87.44867300974187,29.90429290924777,6.918220457014739,0,0,False,False,0.9947434523838529,0.06564287159278215,False,False,False,False
2025-01-14 19:00:00+00:00,poultry_manure,0.6087099751483094,33.64584971020063,7.4237380856872885,267.75395361458703,2477.59783266876,75.0,13.042581038364972,87.94140200542452,33.27770417506219,5.585439276767456,0,0,False,False,0.9620100530575533,0.05244175627870674,False,False,False,False
2025-01-14 20:00:00+00:00,poultry_manure,0.5784786582788588,33.58454494399082,7.383267826933056,295.6602420889845,2681.836780200361,68.03145756062507,12.447781013966582,86.33104249227351,32.16806198155125,4.973203755506816,0,0,False,False,0.9760804751146546,0.05097158219797724,False,False,False,False
2025-01-14 21:00:00+00:00,poultry_manure,0.5269651004483126,34.14045870537451,7.420813140384761,206.62773807139223,2721.06226659778,72.78874416544551,12.675477357628985,87.16044087877405,32.395918880597776,4.657529165192819,0,0,False,False,0.9726634244058773,0.0470127198451427,False,False,False,False
2025-01-14 22:00:00+00:00,poultry_manure,0.42707002978644143,32.472971038099175,7.483577607763522,312.969040315044,2480.492743607721,75.0,13.354910498195697,90.90710804859438,33.338639975412974,4.147896453060736,0,0,False,False,0.9598390477548918,0.03752433874220477,False,False,False,False
2025-01-14 23:00:00+00:00,poultry_manure,0.37692072384619496,31.553489352682274,7.467012313144855,233.85559574419833,2441.40262554455,70.21097255621798,12.781588786057211,86.14391549573813,28.313493383036768,3.320086910586186,0,0,False,False,0.9792269899000816,0.031930170567611646,False,False,False,False
2025-01-15 00:00:00+00:00,poultry_manure,0.3385028548677466,30.155520353438362,7.451360346759292,214.08849449271042,2563.141345762527,75.0,12.470495105974587,87.82606779758909,24.450765487817453,2.9659201717339108,0,1,False,False,0.9421551793483016,0.024853384279362192,False,False,False,False
2025-01-15 01:00:00+00:00,poultry_manure,0.36227039993520477,31.155367556104608,7.390332690755365,249.18868463804768,2455.927409799275,73.83600949527818,10.446063982449898,89.49359896827565,31.198950263463338,2.709364852712938,0,0,False,False,0.9802408172776161,0.023655421903622235,False,False,False,False
2025-01-15 02:00:00+00:00,poultry_manure,0.37069565972960244,27.707123167440656,7.4667291005173455,162.66992068744997,2574.2175025518914,75.0,10.28026571835361,91.12585239582145,27.910818491238608,2.7781355512797847,0,0,False,False,0.970509513504154,0.021575203014077338,False,False,False,False
2025-01-15 03:00:00+00:00,poultry_manure,0.34808437047153507,28.07212346368366,7.276551000659503,171.5201394402609,2493.635412557053,69.88570370015685,11.96264240306375,87.34118955497375,29.453055534815267,2.909515890244023,0,0,False,False,0.9943437673634714,0.022971616715489227,False,False,False,False
2025-01-15 04:00:00+00:00,poultry_manure,0.4778983789966241,27.183779261747144,7.298468778738191,311.8738721741305,2357.061343079268,67.0093884816654,12.955007129874783,88.33718094911393,31.468080219511343,4.375288917954602,0,0,False,False,0.9805441621555127,0.036561929549253594,False,False,False,False
2025-01-15 05:00:00+00:00,poultry_manure,0.48665603728695506,26.2576464518764,7.386086270358898,308.4539573755181,2593.4877009006414,75.0,12.144433188346715,85.69642986082773,27.804695004619646,4.051838081656895,0,0,False,False,0.9773247841044629,0.028817750521951672,False,False,False,False
2025-01-15 06:00:00+00:00,poultry_manure,0.6472255321953948,25.439522706539975,7.310332982700381,282.6341242837132,2338.7434740897315,64.73193191313688,12.191029512519423,88.34830155174407,29.321310015264412,5.576789034062706,0,0,False,False,0.992257952590047,0.043765881458565324,False,False,False,False
2025-01-15 07:00:00+00:00,poultry_manure,0.6306547168006899,24.488367141908782,7.334141327375918,240.07885604683048,2655.7638730121826,70.37314560616286,10.766845006271195,88.70206414384262,32.04703230398058,4.818410789996043,0,0,False,False,0.9733639019915502,0.03449720725043683,False,False,False,False
2025-01-15 08:00:00+00:00,poultry_manure,0.8043423843335018,25.11084367505743,7.358690843164756,376.9474990921198,2373.4197708194624,70.96090270728374,11.325095601643174,88.47918450411808,32.337632940631984,6.447835205334169,0,0,False,False,0.973249148601896,0.045712633885600554,False,False,False,False
2025-01-15 09:00:00+00:00,poultry_manure,0.8198537353849563,24.689381185531317,7.30263490959199,394.2138828860634,2404.758243045878,70.070619704297,13.409455373536575,87.24447181895002,31.69300130736993,7.0,0,0,False,False,0.9760227100586177,0.056459001448931984,False,False,False,False
2025-01-15 10:00:00+00:00,poultry_manure,0.9065348251497801,24.7297145285745,7.357040971913273,318.29321679316666,2615.8183119739365,69.01807805996424,11.635004160403629,88.39100815236704,32.75521118483215,7.0,1,0,False,False,0.9706229089536966,0.05503502867300312,False,False,False,False
2025-01-15 11:00:00+00:00,poultry_manure,1.0100072371564868,26.00158631963547,7.351034456531661,391.18705724318767,2412.436575485629,69.4006180194733,11.696007253001628,84.64039295854872,28.98799731128128,7.0,1,0,False,False,0.988360009377821,0.061040966024219184,False,False,False,False
2025-01-15 12:00:00+00:00,poultry_manure,0.9639801673635174,25.271923404130117,7.365862933652642,359.4688625299221,2523.3027290472664,69.10896580967689,11.105374596684182,89.9096613612295,29.607782702309812,7.0,1,1,False,False,0.991604700006519,0.06003928393242731,False,False,False,False
2025-01-15 13:00:00+00:00,poultry_manure,1.028462704446914,26.872404261423064,7.261911656271166,339.9404159844422,2506.5627528255577,66.1479719242025,13.61457065545325,85.14056105089878,31.940941243918832,7.0,1,0,False,False,0.9725177342835454,0.07904951841319376,False,False,False,False
2025-01-15 14:00:00+00:00,poultry_manure,1.0163885498362364,28.48933684230748,7.327359546910126,397.6921087388627,2552.8623189651507,71.03593467004214,11.063131479820699,85.76865421424314,31.893169104150388,7.0,1,0,False,False,0.9763839663575997,0.0635019691260134,False,False,False,False
2025-01-15 15:00:00+00:00,poultry_manure,1.0248981794843253,28.918477860472553,7.261957036968748,376.76908708340017,2615.4499849095178,70.18620868836605,12.738020374148455,84.77221441030396,32.05269294386675,7.0,1,0,False,False,0.9757829686905902,0.07530023651147093,False,False,False,False
2025-01-15 16:00:00+00:00,poultry_manure,0.9760807557277023,31.691853360064705,7.3797315507342995,376.25715468927194,2472.6680625064305,69.56097877989292,10.545590026976882,86.50773625640073,32.15667990726311,7.0,1,0,False,False,0.9711611510622533,0.06677517398897631,False,False,False,False
2025-01-15 17:00:00+00:00,poultry_manure,0.923020919351306,31.746484143026436,7.450667971075872,342.1223622230184,2306.8456684060798,73.50254127051916,10.03390604615217,88.24098690087519,34.25625558891852,6.537954860569124,0,0,False,False,0.9476069743415756,0.059395506001835026,False,False,False,False
2025-01-15 18:00:00+00:00,poultry_manure,0.7739342204378303,32.82299029759064,7.387607853158843,349.8046571753238,2359.004163870101,75.0,12.13382653422159,90.24869310509692,31.34139437458004,6.78004756239908,0,0,False,False,0.9859169235830917,0.06261919353057317,False,False,False,False
2025-01-15 19:00:00+00:00,poultry_manure,0.6887943567258978,33.436223860374156,7.420817684826053,304.8329658668077,2437.0056687701117,75.0,11.525093440808345,91.3803580836516,27.886070173494133,5.803324802661349,0,0,False,False,0.9764861689389831,0.05521476850784187,False,False,False,False
2025-01-15 20:00:00+00:00,poultry_manure,0.5709419034515787,33.26783530888708,7.373707184144684,360.96509274918253,2585.5907105475903,75.0,13.08176323415575,90.75501886377833,30.77888921110088,5.422740742034435,0,0,False,False,0.9868022917182125,0.050215857023701835,False,False,False,False
2025-01-15 21:00:00+00:00,poultry_manure,0.4868383039461542,32.40958630706478,7.402491585634416,272.74912651001193,2467.9971670586183,72.32890168717273,12.641091433951674,88.1405944503783,29.01407365407404,4.3394558640612715,0,0,False,False,0.986935279370982,0.040762061373048664,False,False,False,False
2025-01-15 22:00:00+00:00,poultry_manure,0.4075267396669061,32.57226872252611,7.394834318772795,265.02134032874835,2331.1605437109783,70.72620094866328,13.211619940792653,86.467415805473,28.43887458476691,3.724385683460884,0,0,False,False,0.9783306461437058,0.03623147590424067,False,False,False,False
2025-01-15 23:00:00+00:00,poultry_manure,0.3783863059822902,30.782092284618486,7.455306112648104,237.40667670549814,2436.5729476185275,70.19034623856867,11.911102791041788,87.22653404323037,32.421586963696356,3.1450386451271872,0,0,False,False,0.9753396443182454,0.029470674230696294,False,False,False,False
2025-01-16 00:00:00+00:00,poultry_manure,0.3517292556246036,30.844996509087217,7.389041188661325,220.4420554054853,2499.1235066385143,70.72784511040378,11.851984352585564,87.75635850399121,33.61196932068776,2.926632176111985,0,1,False,False,0.9631402285560502,0.02729555098439993,False,False,False,False
2025-01-16 01:00:00+00:00,poultry_manure,0.337841162619618,29.748783242215644,7.4078216282738145,199.94471168807277,2476.9417067997374,73.2462526635104,11.838637248775811,88.94018686662129,30.977059973543454,2.845786409230268,0,0,False,False,0.9894225865084445,0.02394535015116213,False,False,False,False
2025-01-16 02:00:00+00:00,poultry_manure,0.35900450562029484,29.38532762935702,7.30827462198772,198.50506440395014,2438.698922275803,70.58957135092697,14.245323642850064,87.68128502829113,30.8992140266747,3.5873116896662345,0,0,False,False,0.9797812415190027,0.03046847054033954,False,False,False,False
2025-01-16 03:00:00+00:00,poultry_manure,0.3567645026164747,28.318449198407343,7.29013219052393,172.01768082669486,2472.2477999859843,67.93737063838527,11.53154316436985,89.21939359906436,29.219207068036987,2.936420987715977,0,0,False,False,0.9898497865022191,0.024312611162982736,False,False,False,False
2025-01-16 04:00:00+00:00,poultry_manure,0.47415267868766603,26.788115650969342,7.3661731446851295,215.08186435611606,2356.939235503799,70.6007251433905,13.238667102883822,85.07321083828991,29.159296910836403,4.272138081976544,0,0,False,False,0.9853996335939449,0.034533302188662414,False,False,False,False
2025-01-16 05:00:00+00:00,poultry_manure,0.5140236999430411,26.374316143660824,7.351295681597738,286.5922982184699,2473.856362797335,64.8911970716404,10.219665505774412,87.28956297565297,26.61860882013914,3.668361534321581,0,0,False,False,0.9572844157302635,0.030758789521931285,False,False,False,False
2025-01-16 06:00:00+00:00,poultry_manure,0.6197695512975124,25.585632834210877,7.3575564412219325,248.92785101951537,2325.4291252646954,74.5205742335943,9.87384535953695,86.87107941748668,31.58710833350531,4.252866615791916,0,0,False,False,0.9734981434626317,0.030805509263569456,False,False,False,False
2025-01-16 07:00:00+00:00,poultry_manure,0.6866521040821445,24.926356269524014,7.325667519187879,312.45124024104604,2538.917667323778,67.5156555031865,11.944273831678936,87.03308362036555,29.138447495414507,5.710456986326175,0,0,False,False,0.9911058441125398,0.04260289258584036,False,False,False,False
2025-01-16 08:00:00+00:00,poultry_manure,0.7289408111029531,23.266538730363457,7.240910606539152,300.22476878750035,2478.1384012032977,70.33691995394697,11.100147370068594,88.07425651702701,31.235447088857427,5.70111738482549,0,0,False,False,0.9831462659617688,0.0379077795805717,False,False,False,False
2025-01-16 09:00:00+00:00,poultry_manure,0.8300025582445254,22.458196359856156,7.298689824818332,322.5589112620113,2603.569620679048,68.01186969278909,9.788633296029415,88.21176121142479,30.950708429470605,5.733475622218508,0,0,False,False,0.9794360821854411,0.03853511214056687,False,False,False,False
2025-01-16 10:00:00+00:00,poultry_manure,0.7629750411681134,24.090893488623223,7.263921157506133,348.30397006518024,2487.559258048263,64.7932459313819,13.870424934506081,88.49273283141723,26.045724265355442,7.0,1,0,False,False,0.951105117981024,0.05641116849139066,False,False,False,False
2025-01-16 11:00:00+00:00,poultry_manure,0.9776263355623829,23.178057918147267,7.295735853606986,343.1653559363591,2594.1586048228864,68.58810048766497,13.208225612585778,87.70489158783482,32.503971769148066,7.0,1,0,False,False,0.9689191542455905,0.06299864096768626,False,False,False,False
2025-01-16 12:00:00+00:00,poultry_manure,0.997531198191632,25.87094082352303,7.25967994602138,341.36581914678425,2424.7278214665694,68.23204038446157,13.100389044160197,89.22525464617281,30.66442569080665,7.0,1,1,False,False,0.9878537978711326,0.07357174108501871,False,False,False,False
2025-01-16 13:00:00+00:00,poultry_manure,1.0739088596601845,26.084284973353327,7.316709495129354,374.53109829681785,2481.019043010916,64.59445928304704,12.196188336827143,87.53741673753768,30.87129557454534,7.0,1,0,False,False,0.9903061025704109,0.07477519757272864,False,False,False,False
2025-01-16 14:00:00+00:00,poultry_manure,0.9131141589484613,28.629920141362074,7.420298833222131,414.2457423813275,2531.884838196255,68.1770518217301,12.843064588012371,85.85415483491886,27.227722284251126,7.0,1,0,False,False,0.9680618999024494,0.07155068363146824,False,False,False,False
2025-01-16 15:00:00+00:00,poultry_manure,0.9634828625548718,29.0207478363567,7.362817556118654,386.75627721282723,2348.0327063518507,71.43187561893673,11.216965349108527,89.53481253477028,30.306878591423608,7.0,1,0,False,False,0.9930160408313066,0.06535624843726856,False,False,False,False
2025-01-16 16:00:00+00:00,poultry_manure,0.8996967803114166,29.735966699180743,7.378474135668534,347.5049181103994,2331.390680908258,72.91919581128045,12.305443475597905,86.06824287296303,28.513087183659273,7.0,1,0,False,False,0.9836036544586032,0.0643575783091618,False,False,False,False
2025-01-16 17:00:00+00:00,poultry_manure,0.7904592804667595,30.787140189934668,7.359340264030547,363.0437183608477,2689.4257850763806,70.98688466991977,12.343477580035039,90.89272476996143,30.09185799907383,7.0,0,0,False,False,0.9973640321090865,0.06524190691268766,False,False,False,False
2025-01-16 18:00:00+00:00,poultry_manure,0.706388749775644,32.87072663132734,7.456353125324809,360.62170780303256,2485.0476444759506,72.0765594181084,13.415136076631978,85.66603179154497,34.036878749509626,6.4943769597749625,0,0,False,False,0.9525555321217439,0.06215278561284888,False,False,False,False
2025-01-16 19:00:00+00:00,poultry_manure,0.6353266649631152,31.95141679580893,7.336746138463907,356.1757957633031,2413.1479719727513,75.0,12.700405100303847,86.20268049919432,27.90304392394107,5.564490618241219,0,0,False,False,0.9755284137378915,0.04955020051745288,False,False,False,False
2025-01-16 20:00:00+00:00,poultry_manure,0.6165575826911517,33.63044307667599,7.4107164473138765,315.66577520293583,2681.209753894232,75.0,11.254846732078542,88.94402257569223,26.731929469323198,4.937646363717667,0,0,False,False,0.9635935283536247,0.04639178834566257,False,False,False,False
2025-01-16 21:00:00+00:00,poultry_manure,0.5311902808676137,33.12003340999341,7.39170652609678,232.15641325995165,2462.8439836738526,75.0,11.192112924321858,89.1856394517171,29.867338806484454,4.241770047361654,0,0,False,False,0.9946339526864538,0.03890867990383583,False,False,False,False
2025-01-16 22:00:00+00:00,poultry_manure,0.40493533404115817,33.23226855742313,7.421868656335819,272.98540539326893,2469.5443915284895,74.5377920148214,13.677509868789924,87.81762550562931,29.961793179039187,3.891028288059286,0,0,False,False,0.9912303824464422,0.03618199919391902,False,False,False,False
2025-01-16 23:00:00+00:00,poultry_manure,0.3795258780751083,32.275255053178796,7.372541252068504,225.1004118575502,2538.591424341809,75.0,11.176635485820128,88.67962533256193,30.69168763204679,3.00930576691974,0,0,False,False,0.9889663011086327,0.026986347457100216,False,False,False,False
2025-01-17 00:00:00+00:00,poultry_manure,0.35726065714821065,31.70714294147473,7.4848577443377815,245.9942580824167,2419.3208997575794,75.0,11.073187111373388,90.51957435932358,32.987142167419364,2.86477370292578,0,1,False,False,0.9654945138826733,0.02527925172065934,False,False,False,False
2025-01-17 01:00:00+00:00,poultry_manure,0.34299551072854395,29.28381722936613,7.320851754905461,227.92263400507815,2426.942308140599,70.11588239511082,12.277056358876015,90.6252572997219,28.576519936154977,3.052965699502469,0,0,False,False,0.9843799175671697,0.026771023809610613,False,False,False,False
2025-01-17 02:00:00+00:00,poultry_manure,0.32250260177228535,28.755806275459996,7.241563396189641,178.31759777249192,2337.127863330948,69.04883454608272,10.394301348397102,85.33612846194704,30.90628188891506,2.288502805031153,0,0,False,False,0.9829086878528349,0.019544951222575366,False,False,False,False
2025-01-17 03:00:00+00:00,poultry_manure,0.371202892983805,28.46825829078654,7.3738075328428865,199.91640593471035,2610.4135362848033,72.34173282553344,10.530379169858744,90.27836746364713,27.630243392910263,2.8231180933789775,0,0,False,False,0.9689543297783964,0.022398524830959127,False,False,False,False
2025-01-17 04:00:00+00:00,poultry_manure,0.4050271950536376,26.65366688409958,7.324674574623263,255.57866761571648,2560.153064742737,71.04441446180255,12.739230144776885,86.31989229356151,27.446961518938554,3.5631019158627493,0,0,False,False,0.9707734644655012,0.027806763054791538,False,False,False,False
2025-01-17 05:00:00+00:00,poultry_manure,0.5319779054427828,26.07360250153922,7.345314603798895,280.63889763547553,2431.5000742159814,64.68015734337828,12.576524243315248,88.96491638998035,30.673451729944798,4.761710517248156,0,0,False,False,0.9903828614839758,0.03891852074863967,False,False,False,False
2025-01-17 06:00:00+00:00,poultry_manure,0.6639049593623818,24.355580600261703,7.289262085289961,356.5917875046194,2450.7826687618776,66.43924499968514,12.455626072049725,91.45189956385128,31.614805070349377,6.0499835308437335,0,0,False,False,0.9815738189362576,0.045579635848134716,False,False,False,False
2025-01-17 07:00:00+00:00,poultry_manure,0.673316854132797,24.833902017000632,7.248870818712383,375.14835943510593,2323.361864459852,68.43991812308059,14.365856730565948,87.81021671726546,29.17477581219317,6.794946670761757,0,0,False,False,0.979918474469102,0.04999326039874901,False,False,False,False
2025-01-17 08:00:00+00:00,poultry_manure,0.6805632241636221,24.148672750038084,7.288684323323997,289.52230912393685,2330.1541389409813,72.41644301172822,12.79287250727992,86.40774210263572,27.76803874882225,6.018374280753596,0,0,False,False,0.9737160249518229,0.04036433377898698,False,False,False,False
2025-01-17 09:00:00+00:00,poultry_manure,0.8782831232372268,23.3362366982356,7.3101972406037,300.793471089441,2680.318684719324,69.38040178208063,13.145597265187558,87.22194100328669,27.381082280850777,7.0,0,0,False,False,0.96808283648257,0.05634444794612406,False,False,False,False
2025-01-17 10:00:00+00:00,poultry_manure,0.9847685870110972,24.916254756781203,7.289924052447502,360.71236931667494,2465.422121032839,73.51818723044671,10.886789637475902,86.04400573949756,29.089470862793007,7.0,1,0,False,False,0.9853286568153096,0.050896025846329025,False,False,False,False
2025-01-17 11:00:00+00:00,poultry_manure,1.038798342338873,23.83136949556958,7.307447050925768,410.4616585812874,2572.900444928647,61.72855528690738,11.708121188219717,89.11993045716574,29.666971455505305,7.0,1,0,False,False,0.9952103204961517,0.06783035680251732,False,False,False,False
2025-01-17 12:00:00+00:00,poultry_manure,1.0092402148892043,26.032592098169616,7.3345437760413885,345.0071765449005,2586.8876540747056,65.51333605109707,11.022748962740469,87.09173404275809,31.241891055066752,7.0,1,1,False,False,0.9826948342630347,0.06286194369912533,False,False,False,False
2025-01-17 13:00:00+00:00,poultry_manure,1.0393218930648358,27.682245728735236,7.371520112577833,390.50620922055,2525.1437243192217,68.21519874627268,12.288199963576554,84.76866613578916,28.525670077484403,7.0,1,0,False,False,0.9838157009569612,0.07233333013063542,False,False,False,False
2025-01-17 14:00:00+00:00,poultry_manure,1.0057473801885575,28.354215222359105,7.42123588554107,356.01008198300826,2679.3427969914105,72.20182027875738,12.438758863977348,86.67355026508741,27.25379447536256,7.0,1,0,False,False,0.9703441504337389,0.07118354250363479,False,False,False,False
2025-01-17 15:00:00+00:00,poultry_manure,1.0021326650917624,29.68036730392087,7.387417592211268,340.09797224864747,2484.8513561969676,75.0,11.559689641490433,86.70832719131049,27.60749988000718,7.0,1,0,False,False,0.9738734470075239,0.06776073207869436,False,False,False,False
2025-01-17 16:00:00+00:00,poultry_manure,0.9566546284666001,31.59532199967348,7.342184056846411,391.4073016145816,2522.1882486494073,72.01517335442288,11.97122682008606,89.190220063667,26.607320842735923,7.0,1,0,False,False,0.9659293425277895,0.07900385257923208,False,False,False,False
2025-01-17 17:00:00+00:00,poultry_manure,0.8119584465196698,32.82348142956711,7.407926926590665,448.8476860736259,2515.105533085039,71.85193489383384,12.688748762577193,89.2383439034692,28.705157298156855,7.0,0,0,False,False,0.9836078291686826,0.07133909704356789,False,False,False,False
2025-01-17 18:00:00+00:00,poultry_manure,0.7399951712039295,32.70837785941174,7.383004110430946,338.291480954775,2493.8635544240924,70.08459716824986,12.341829143177431,88.4464392614192,29.80000059689073,6.462175614229652,0,0,False,False,0.99629086025302,0.06302038875570479,False,False,False,False
2025-01-17 19:00:00+00:00,poultry_manure,0.6634686552725988,32.80021815800143,7.451438190224931,315.70989255880113,2787.3872314524842,75.0,12.674953639734586,89.03997843489448,32.332994391935905,5.990206894482343,0,0,False,False,0.9732952878819681,0.055598023590373954,False,False,False,False
2025-01-17 20:00:00+00:00,poultry_manure,0.5808818123031865,32.576968852698215,7.457468134121558,301.0445684185003,2510.1778578390213,75.0,11.89218120590469,88.09466520982977,32.768135405094235,4.86842958850242,0,0,False,False,0.9717795519785811,0.044508075947683516,False,False,False,False
2025-01-17 21:00:00+00:00,poultry_manure,0.5111031816370116,32.5773072471547,7.4401878628602205,245.83815075979612,2508.937704868493,72.5354991672956,11.290204626584204,89.80459306541586,32.043782908560054,4.145710141880025,0,0,False,False,0.9760131940473205,0.039453201296302,False,False,False,False
2025-01-17 22:00:00+00:00,poultry_manure,0.46075788831712405,33.32010875649169,7.450919742051154,232.3715075159841,2472.6181941047926,72.40015754085411,10.998292648666542,86.05300773600406,28.81829404765933,3.488623420835985,0,0,False,False,0.983174403719926,0.03359063423982659,False,False,False,False
2025-01-17 23:00:00+00:00,poultry_manure,0.35771413522539075,30.364706010417656,7.328041500672309,214.7011706350678,2434.429550412892,72.5153477550655,11.118957471314616,91.02577748515866,29.502673777680567,2.8963734313607077,0,0,False,False,0.9906215251333786,0.025912596074750518,False,False,False,False
2025-01-18 00:00:00+00:00,poultry_manure,0.3650279655299424,30.39478074383453,7.319331021383514,169.6786891727,2486.605778023614,74.81380360738677,12.60626151704947,84.94334432974605,31.306602584771568,3.127028165185983,0,1,False,False,0.983902666567037,0.026083633624943862,False,False,False,False
2025-01-18 01:00:00+00:00,poultry_manure,0.33417543724914955,29.135768059423082,7.289001471696037,169.73200903241025,2440.9126204754607,71.93855093796203,12.491946588225984,85.58517214677981,30.62407353734047,2.8582035820191964,0,0,False,False,0.9912995316854654,0.023149335371699987,False,False,False,False
2025-01-18 02:00:00+00:00,poultry_manure,0.29898622744409953,28.43560309664955,7.323407986549027,218.94359432206443,2461.0690274245,69.31590763506084,11.726342728621214,89.48836095706858,32.33195452811458,2.5099802682188375,0,0,False,False,0.9753121683619603,0.020578601313250965,False,False,False,False
2025-01-18 03:00:00+00:00,poultry_manure,0.3750867933664454,28.042662545149202,7.363848149211112,214.60866066087746,2553.4973307870523,70.89612629671011,12.118207282215185,88.251305352869,28.103547599303123,3.209085401243698,0,0,False,False,0.9804444395819553,0.027420242118460558,False,False,False,False
2025-01-18 04:00:00+00:00,poultry_manure,0.43039774184437435,26.89709126220718,7.382236218862314,236.08466002831298,2378.143879548807,65.91050136304291,10.443385239902302,87.50738911309848,31.139201405036385,3.1466322983669226,0,0,False,False,0.9808249121491477,0.02761156200686629,False,False,False,False
2025-01-18 05:00:00+00:00,poultry_manure,0.5201265687478662,25.726439211928138,7.269433152935308,262.6977067135407,2563.1474082558566,71.3578334319795,12.110406538928554,90.07189978005741,30.58544672137765,4.538862965069085,0,0,False,False,0.9935935000915808,0.03356424583568108,False,False,False,False
2025-01-18 06:00:00+00:00,poultry_manure,0.6049712595584263,25.197237248937885,7.204001715056317,250.0648051927591,2543.741310779531,70.32735577269798,12.316804288758933,91.18382946708223,30.106810191204328,5.435513742535027,0,0,False,False,0.997347876644162,0.03870482947732732,False,False,False,False
2025-01-18 07:00:00+00:00,poultry_manure,0.6747851621606601,24.642591058546184,7.360073822806403,359.8142989320568,2513.259804575372,65.47174679275659,11.022054809034405,87.50751896502992,30.58972210985278,5.206710708725243,0,0,False,False,0.9892130529466443,0.0399725455730853,False,False,False,False
2025-01-18 08:00:00+00:00,poultry_manure,0.7313067966598196,23.16389287237787,7.359618311961356,361.93706320304426,2544.144951833467,67.45341999342483,12.461112762026337,89.74940196061583,27.517421346049726,6.543016057024771,0,0,False,False,0.9728686496503656,0.045577085421869966,False,False,False,False
2025-01-18 09:00:00+00:00,poultry_manure,0.8839448642106799,24.061048583131264,7.22806562377699,369.3802895171929,2431.1279347264376,63.82924261576927,10.968671974910587,88.49798995314067,30.810527994033027,6.864400581168226,0,0,False,False,0.9867380799342227,0.05253133442353666,False,False,False,False
2025-01-18 10:00:00+00:00,poultry_manure,0.8827155804477184,23.642508900125115,7.231801998874977,378.9575980072398,2463.4135172216415,67.7327507532454,12.575705204031696,84.96795514765252,29.289453262642343,7.0,1,0,False,False,0.990016006606265,0.052447863213439756,False,False,False,False
2025-01-18 11:00:00+00:00,poultry_manure,0.9098052933826546,24.118697832956066,7.352156601076457,348.7494479610734,2476.4350742901383,64.13588232742707,12.084348268098413,88.27495829554162,29.45543947960867,7.0,1,0,False,False,0.9941326534555947,0.05960819803512496,False,False,False,False
2025-01-18 12:00:00+00:00,poultry_manure,0.9688932681507301,25.313995466683657,7.253138048995601,374.8434960251803,2677.703771934835,67.7659692047254,12.886017185468544,89.89736868495413,29.472832455466037,7.0,1,1,False,False,0.9902982386273176,0.06772084394572211,False,False,False,False
2025-01-18 13:00:00+00:00,poultry_manure,0.9852331549979325,26.206667033502544,7.25492156512427,327.7556636182481,2644.5869541514644,73.28567872441936,12.856580341081642,87.04324108501012,34.00582481557175,7.0,1,0,False,False,0.9556588501388743,0.06425227326342471,False,False,False,False
2025-01-18 14:00:00+00:00,poultry_manure,0.995288633617502,27.24239006289867,7.446463313237438,380.09663566087437,2530.5137919622543,75.0,13.487777526788967,90.8056917565985,30.994368355919725,7.0,1,0,False,False,0.9826174288068579,0.0727079098117722,False,False,False,False
2025-01-18 15:00:00+00:00,poultry_manure,0.9456186741306069,29.62969770878689,7.298495812479048,388.5850422267857,2521.058837946936,68.02848081490485,11.600112200850292,88.33090209174725,30.968968541605737,7.0,1,0,False,False,0.9883108755881941,0.06906495077768486,False,False,False,False
2025-01-18 16:00:00+00:00,poultry_manure,0.897003185624167,31.21931396611036,7.354785763852827,320.60318391101544,2420.7103459889036,74.97786125720046,12.856801023304733,89.96249462768672,33.58558748322484,7.0,1,0,False,False,0.9598601200512279,0.07321061621129883,False,False,False,False
2025-01-18 17:00:00+00:00,poultry_manure,0.8750372569011607,31.675570666168863,7.316045552776724,378.15273544611466,2491.9422005921924,70.86535341506222,11.706886977448015,88.13516200617983,32.39158222811405,7.0,0,0,False,False,0.9746186126060995,0.06670336313260462,False,False,False,False
2025-01-18 18:00:00+00:00,poultry_manure,0.7927121019157981,31.908450127524162,7.352357292917744,372.18622303519123,2415.668684573574,74.86255562392206,12.069252804848254,88.1372570801169,32.36849145896941,6.745985296735837,0,0,False,False,0.9759688213860646,0.05993919404359792,False,False,False,False
2025-01-18 19:00:00+00:00,poultry_manure,0.6929837723253875,33.38494550478034,7.412192854731521,331.816410621312,2586.0821986903325,75.0,11.905330574523056,89.13547757041853,28.204221617943617,5.883084772706242,0,0,False,False,0.9815688690520515,0.054600352203783876,False,False,False,False
2025-01-18 20:00:00+00:00,poultry_manure,0.5785563387783107,34.00023258891649,7.348757138287763,263.4960024674189,2365.986045185934,75.0,11.134079599478442,85.19962837163776,29.808114677100427,4.390638339944982,0,0,False,False,0.9937515447683964,0.04197907294894436,False,False,False,False
2025-01-18 21:00:00+00:00,poultry_manure,0.4893600467901422,32.91642615040958,7.456973704942001,246.6402771959577,2378.0093925810324,72.12240865869464,12.204324861978398,86.90378698408361,29.844067941486845,4.152130143032056,0,0,False,False,0.9974190551049765,0.04104104557683837,False,False,False,False
2025-01-18 22:00:00+00:00,poultry_manure,0.4312947162661047,33.409510616916506,7.353608612414745,259.2019752929279,2482.41370445764,74.0402070949112,13.21927320287435,90.09017897512746,31.904684923459783,4.109123106607604,0,0,False,False,0.9748567847510303,0.039104336107952366,False,False,False,False
2025-01-18 23:00:00+00:00,poultry_manure,0.3799092995632481,31.25359025574933,7.427385878682328,152.66177733212044,2614.0246891198417,72.0533999500494,11.732189045336183,88.16467645660374,33.035352988821565,3.1437180013766404,0,0,False,False,0.9683074153384653,0.029029406480191023,False,False,False,False
2025-01-19 00:00:00+00:00,poultry_manure,0.3636832866142198,30.970598703649753,7.388297848952179,237.0202652470234,2180.5867935235274,66.46719395242997,13.104498107394637,87.0812428007066,31.357258501665704,3.32015486304805,0,1,False,False,0.9809049244463698,0.0320996404574549,False,False,False,False
2025-01-19 01:00:00+00:00,poultry_manure,0.3327713244439558,29.906539118399877,7.374872005988076,184.75529401230293,2549.738899163153,70.4706723879341,9.388163179337539,88.61229021101236,31.68248408180622,2.2146773957734185,0,0,False,False,0.9701159750786255,0.019017283769303183,False,False,False,False
2025-01-19 02:00:00+00:00,poultry_manure,0.3279776124360135,29.49436443416911,7.457235848139976,261.4179390480322,2425.0212067266802,72.07753975405092,13.637547081622165,91.69923660350246,32.0717749799674,3.281226196111361,0,0,False,False,0.9710945147922152,0.02800016938936635,False,False,False,False
2025-01-19 03:00:00+00:00,poultry_manure,0.36669448911480984,28.265605739916726,7.330913236990604,242.62465090594745,2386.1443693072724,70.78432232303894,10.850996434162596,84.13021563793757,31.025309237598936,2.6780334238469985,0,0,False,False,0.9840018897948236,0.022703579383305895,False,False,False,False
2025-01-19 04:00:00+00:00,poultry_manure,0.47484170590405017,27.50769096814895,7.305592864005652,222.49426798939928,2462.075754995477,70.54869119560438,12.466100049961794,88.06205629907454,27.50833763599174,4.170213346915707,0,0,False,False,0.9727528761101084,0.03294376835003489,False,False,False,False
2025-01-19 05:00:00+00:00,poultry_manure,0.482642023733528,26.08641284842579,7.347795095071424,267.16484997335516,2340.5350124318834,72.89616447190366,13.443578559046543,87.24753650850383,31.438085953145837,4.528800427792779,0,0,False,False,0.9784012476733089,0.03352028378861718,False,False,False,False
2025-01-19 06:00:00+00:00,poultry_manure,0.550515152738229,25.714649746866655,7.336795251883763,275.86682446897106,2431.042496443435,66.97552492412896,10.549138193152958,86.05448148070339,28.66431852755103,3.9980639638223345,0,0,False,False,0.9793888762412751,0.03204438361008064,False,False,False,False
2025-01-19 07:00:00+00:00,poultry_manure,0.6651561542552945,25.084969329924338,7.315118868396494,312.289155434244,2473.7711397891194,68.11378482557758,12.388182736316548,91.83560030667414,28.640460461511466,6.053858598783619,0,0,False,False,0.9844636909335319,0.045638814466998655,False,False,False,False
2025-01-19 08:00:00+00:00,poultry_manure,0.8294789515657647,24.01072709142172,7.332168398088956,375.9288240214015,2441.994125898736,62.58603053059448,13.366661537579072,87.4035846159752,31.613552627495874,7.0,0,0,False,False,0.9770311660371459,0.06048256027994838,False,False,False,False
2025-01-19 09:00:00+00:00,poultry_manure,0.8478185942009299,23.733940963313017,7.3199384164277,378.8397465447363,2683.4620298238465,68.38300015028878,12.125539055230242,90.11326614038539,28.315733897106472,7.0,0,0,False,False,0.9825296436949135,0.05187766504078675,False,False,False,False
2025-01-19 10:00:00+00:00,poultry_manure,0.927017436679976,22.9803509591309,7.3174636768783605,382.267444044309,2642.3023091729187,68.22709434629809,11.90055920322419,85.49453835312191,31.359835590259735,7.0,1,0,False,False,0.9859044401135235,0.0515290432822109,False,False,False,False
2025-01-19 11:00:00+00:00,poultry_manure,0.8910344128578563,25.2119183627087,7.331542056301503,331.65389867779237,2591.4282776557657,72.26883743800053,12.039351224443214,85.11216795161863,29.330448503922458,7.0,1,0,False,False,0.9931077289170085,0.05042269611306526,False,False,False,False
2025-01-19 12:00:00+00:00,poultry_manure,0.9259837053876708,25.852651684583407,7.373980638730354,360.1849720205816,2507.0777698100505,67.59893641702722,12.265085581146122,83.56536053114843,29.958610779944,7.0,1,1,False,False,0.9982606798937094,0.05902447109932922,False,False,False,False
2025-01-19 13:00:00+00:00,poultry_manure,1.012379982261915,26.453233520051104,7.368993969719031,363.0256998127989,2342.7468498503404,72.0281740611434,12.570108546937922,89.81072018795409,29.43636279805571,7.0,1,0,False,False,0.9915130852458675,0.06909188923269362,False,False,False,False
2025-01-19 14:00:00+00:00,poultry_manure,0.9780965077556635,28.709946256593177,7.384240362709511,410.7481954062934,2442.1416217871138,75.0,12.570341212478212,92.0,30.965657157384392,7.0,1,0,False,False,0.987491722363765,0.07125408990886645,False,False,False,False
2025-01-19 15:00:00+00:00,poultry_manure,0.9861292027244096,30.772063627953795,7.4090509013244885,392.07269607152097,2368.527296064972,71.79156590520846,11.386048251125743,89.99499158132198,29.5247352598253,7.0,1,0,False,False,0.9921775938538817,0.07155641633852071,False,False,False,False
2025-01-19 16:00:00+00:00,poultry_manure,0.8632847794517621,31.320263646531995,7.298531000975562,342.42045108615696,2652.7417204193557,73.16085145014607,11.588181878588697,87.29866373109786,29.507195759576827,6.986617541238508,1,0,False,False,0.9930128669887117,0.061793286514773595,False,False,False,False
2025-01-19 17:00:00+00:00,poultry_manure,0.8881755048951502,32.43141459388235,7.3869131978655656,398.8589301801203,2541.9149747241268,74.25436045594235,12.925883323386092,86.71478824843142,30.82695838180183,7.0,0,0,False,False,0.9871009995650512,0.07597648724554427,False,False,False,False
2025-01-19 18:00:00+00:00,poultry_manure,0.8140950319567708,33.41771433090562,7.447696623206548,354.229290667047,2564.4006737572317,73.3716319566266,13.468731202008753,88.29987825452896,29.67611151604583,7.0,0,0,False,False,0.9894174591504146,0.07490750597635226,False,False,False,False
2025-01-19 19:00:00+00:00,poultry_manure,0.6227919463604191,33.46512064117244,7.291110938555568,281.4443008956673,2579.6168500454733,73.05743618678488,11.931204222527604,88.59323400033291,26.647349325706323,5.266448113010613,0,0,False,False,0.9661295143697013,0.04904582901360064,False,False,False,False
2025-01-19 20:00:00+00:00,poultry_manure,0.5948513081334398,33.94797097773743,7.328572961359797,281.628591730851,2614.6798890086707,71.02643269664152,11.709600821145205,84.77311932825916,28.860628703588528,4.723877882421065,0,0,False,False,0.9871542911416112,0.047676840855574984,False,False,False,False
2025-01-19 21:00:00+00:00,poultry_manure,0.4991821526745784,32.65718296551636,7.44593462500359,331.5470152076146,2688.2683221799093,75.0,12.493286725161767,91.29191665561088,28.160127102828692,4.554682086743382,0,0,False,False,0.9791348374024781,0.04212387089127681,False,False,False,False
2025-01-19 22:00:00+00:00,poultry_manure,0.4678256322816919,32.27337488435944,7.425088478888115,243.95067452034473,2516.3418933415983,75.0,13.017431856039721,87.77370111403476,31.068846690372418,4.276256275786729,0,0,False,False,0.9842243738160772,0.03735834580663726,False,False,False,False
2025-01-19 23:00:00+00:00,poultry_manure,0.38703785701049026,30.550924391872954,7.404107057134658,232.53803483015074,2616.1386775278015,75.0,12.195156508093502,89.82508804077835,30.795652044608662,3.391786155649715,0,0,False,False,0.9910676970134459,0.029285709804789204,False,False,False,False
2025-01-20 00:00:00+00:00,poultry_manure,0.36563428139839216,30.636629909464492,7.385048797111502,248.62804524610564,2420.5114336307324,72.59155143305634,12.164765489765553,92.0,31.250833025807765,3.273621492137566,0,1,False,False,0.9866678422930946,0.02866786672362014,False,False,False,False
2025-01-20 01:00:00+00:00,poultry_manure,0.33621293885079173,29.888255861415917,7.409391908722564,226.98676138125683,2671.3572783390177,70.39369262300275,12.945866490633861,91.44592219283064,31.198100776067996,3.1841966247657822,0,0,False,False,0.9832896597861507,0.02773031121349998,False,False,False,False
2025-01-20 02:00:00+00:00,poultry_manure,0.3544826354939538,28.77071151935317,7.371840144810838,163.61903093546223,2662.787676852382,64.46818230160132,12.523206576980547,85.98547333447951,32.16067745602108,3.0536944782265243,0,0,False,False,0.9757771925548865,0.02793053959580446,False,False,False,False
2025-01-20 03:00:00+00:00,poultry_manure,0.4235298173762961,27.829559514553008,7.325834077088093,213.99668345547312,2485.2585836918083,69.62933824126051,13.108312807341482,86.0631286777089,30.29084768146498,3.82241559744388,0,0,False,False,0.9915499591486429,0.03079020121882564,False,False,False,False
2025-01-20 04:00:00+00:00,poultry_manure,0.48165261834294776,25.940271568038682,7.3767556508937915,243.83818602652227,2621.015944233372,75.0,12.128499859594811,84.79356016778655,31.410516013795124,3.9627244097764676,0,0,False,False,0.9852523405640746,0.028086195243923626,False,False,False,False
2025-01-20 05:00:00+00:00,poultry_manure,0.46330901018807946,25.962994023937714,7.302919570375951,204.62848256713193,2540.6529580162874,71.32611673667172,11.825713836106495,90.41819173239836,30.52399729241112,3.963181081396194,0,0,False,False,0.9938885962564213,0.030327303474305626,False,False,False,False
2025-01-20 06:00:00+00:00,poultry_manure,0.5988504380783081,25.77913773312631,7.414703877263526,278.78213490437173,2548.0059122071366,69.269891650277,11.745954481502235,84.78061050841568,29.78351188571569,4.770821982783378,0,0,False,False,0.9965648912646681,0.03580383940563494,False,False,False,False
2025-01-20 07:00:00+00:00,poultry_manure,0.6831435098034911,25.073962405373344,7.354821535665014,309.02110557893417,2458.6879012638747,67.26740521934505,10.830996670353116,89.00688083077627,25.93862650398525,5.268584354019674,0,0,False,False,0.953541248391618,0.04043022822101765,False,False,False,False
2025-01-20 08:00:00+00:00,poultry_manure,0.7214213536635932,24.081955126227776,7.340104815883351,316.90982000104935,2435.673200332784,69.83160064341557,12.582841361325833,86.54397722560206,30.256195229162138,6.2848447067280855,0,0,False,False,0.9945238409017495,0.04569961321206447,False,False,False,False
2025-01-20 09:00:00+00:00,poultry_manure,0.8113497279885719,24.441753587656205,7.401132615737739,331.06477401954515,2499.9692362234,68.36880515530291,11.512158724004626,88.07175840530253,30.880142049162224,6.580994352016528,0,0,False,False,0.9887593731284009,0.048427842551396386,False,False,False,False
2025-01-20 10:00:00+00:00,poultry_manure,0.9220969605811558,24.00564931157428,7.3475242136928784,378.59207717295106,2714.799502987863,71.32744961704526,13.541630107671892,86.50684712571766,29.78868374402178,7.0,1,0,False,False,0.9901786869018583,0.058287883549739725,False,False,False,False
2025-01-20 11:00:00+00:00,poultry_manure,1.0135198640943346,24.903868316096265,7.333885303231244,384.2217803295468,2491.53245051728,68.35567968119457,11.120456567469892,86.62771127715418,29.533533691703514,7.0,1,0,False,False,0.9909376197543845,0.05715743631493711,False,False,False,False
2025-01-20 12:00:00+00:00,poultry_manure,1.0271817749917307,25.94769568020755,7.364399779591636,419.10518289318094,2569.8259758591416,68.68548445305878,12.01899223064302,89.87488494469446,30.38842713843511,7.0,1,1,False,False,0.9960207674624338,0.06759928808007565,False,False,False,False
2025-01-20 13:00:00+00:00,poultry_manure,0.9913015665384726,26.94248891590586,7.346248959736572,378.60343212176724,2492.0494168586456,63.95000783160086,11.207601000180611,88.59691611282017,27.118840049699415,7.0,1,0,False,False,0.9672264054978972,0.0695739178515973,False,False,False,False
2025-01-20 14:00:00+00:00,poultry_manure,0.9478886343483744,27.290526313158136,7.348677058240388,406.2492236651849,2484.328710380395,67.86933280550944,11.972309785312776,87.66758169201792,31.025462404312105,7.0,1,0,False,False,0.9896069248834428,0.06558577204709548,False,False,False,False
2025-01-20 15:00:00+00:00,poultry_manure,0.8660432680525866,28.437314200342897,7.348569636627414,377.32608753299826,2623.65334174566,72.52995430821736,10.989053187693205,89.42094664893035,30.831212682395556,6.808150000285486,1,0,False,False,0.9866331391145104,0.05479085246545063,False,False,False,False
2025-01-20 16:00:00+00:00,poultry_manure,0.9839999695394379,31.300420419679682,7.381327912029325,336.58468139680457,2479.814995837121,75.0,10.973751845725161,85.53416994306312,35.155652437283244,7.0,1,0,False,False,0.9433122348557934,0.06253584855621876,False,False,False,False
2025-01-20 17:00:00+00:00,poultry_manure,0.8202622834963894,31.407377942540982,7.4353870907699084,308.0251496541621,2404.239594722071,72.06972481640112,11.884697941322734,88.75374815667807,28.23151616208352,6.921776638456245,0,0,False,False,0.9817386513274489,0.06501125663819395,False,False,False,False
2025-01-20 18:00:00+00:00,poultry_manure,0.7295920002048537,33.193722923979465,7.3252663615524165,339.79583548280436,2364.078304248432,73.10380285397174,12.60010457411689,86.26442974161749,27.631879797184496,6.344186707795643,0,0,False,False,0.9733182751012605,0.05956347771794167,False,False,False,False
2025-01-20 19:00:00+00:00,poultry_manure,0.6863949175613607,34.39315094035492,7.350135113701481,370.85354829384977,2485.06117551203,75.0,13.611532051618779,88.05932555442092,35.46602914904027,6.5818262153343845,0,0,False,False,0.9372820482515035,0.06378146595393788,False,False,False,False
2025-01-20 20:00:00+00:00,poultry_manure,0.5851247553693046,33.743505247525526,7.306885344323979,298.49536696308166,2563.916873515116,75.0,13.477402989100813,88.44179420326114,34.691241714965884,5.5795891162546525,0,0,False,False,0.945700567904837,0.05266300705169231,False,False,False,False
2025-01-20 21:00:00+00:00,poultry_manure,0.5058283394311377,32.86717898608938,7.440051902231607,293.0703616087973,2449.1318895456707,75.0,10.76983612874698,89.88376516838811,30.421628086895513,3.917269904882685,0,0,False,False,0.9896328997747799,0.03710158185647289,False,False,False,False
2025-01-20 22:00:00+00:00,poultry_manure,0.45068930431065324,32.967871562513054,7.4153583392325295,275.72522936689575,2404.7543106383705,74.71701615358707,11.688843239930918,86.43153084755484,29.428174414657327,3.6425957625527636,0,0,False,False,0.9927259603462278,0.034602173764343526,False,False,False,False
2025-01-20 23:00:00+00:00,poultry_manure,0.3734122524157152,32.41311974370774,7.483495317583282,228.15540740044568,2449.7483994480826,74.71504724984604,14.030020561540569,87.69820198215551,26.719959636085044,3.675594117794548,0,0,False,False,0.9570494935531475,0.03472110185263763,False,False,False,False
2025-01-21 00:00:00+00:00,poultry_manure,0.33054333256453095,30.808241406633414,7.4510308075407385,231.25074549337202,2561.6638838336044,75.0,11.478463714779036,84.72103254670375,29.264042826684925,2.5715406518375263,0,1,False,False,0.9900327468407445,0.022534359390730816,False,False,False,False
2025-01-21 01:00:00+00:00,poultry_manure,0.33509464708233716,30.730070389104377,7.401934608589944,222.15818024850483,2451.7527458414274,75.0,11.736326025439547,87.98013637851047,30.547258266195914,2.7680521853557427,0,0,False,False,0.9932090474652385,0.023898161923951573,False,False,False,False
2025-01-21 02:00:00+00:00,poultry_manure,0.35014450930680674,29.1915013953105,7.429854272206859,214.37973017159507,2395.4835095207045,72.80190026092083,11.472238714688302,90.30383129095273,31.142778146134003,2.9019615846104414,0,0,False,False,0.9859334121121015,0.024317862041200733,False,False,False,False
2025-01-21 03:00:00+00:00,poultry_manure,0.3618883505082391,28.28815224920441,7.346101052246242,230.71654360411907,2396.4087620353216,69.395604232183,12.561626882895993,92.0,33.646000420318266,3.3457871342104717,0,0,False,False,0.9607318613823375,0.028575954525224833,False,False,False,False
2025-01-21 04:00:00+00:00,poultry_manure,0.41224017163222937,26.32695645938984,7.307828103406812,278.9568617481817,2427.7422729911923,74.91446642172447,12.983166092508146,88.13611619242825,30.335908150113085,3.7737647130404057,0,0,False,False,0.9917250880363284,0.026900452775752655,False,False,False,False
2025-01-21 05:00:00+00:00,poultry_manure,0.4797381250410811,25.854067722000046,7.337708193689222,290.07725186950756,2520.8851588442008,72.1596909377154,12.158497473044982,85.4345589682966,32.47541990538074,3.986646345009854,0,0,False,False,0.9744533135809678,0.02884862259308771,False,False,False,False
2025-01-21 06:00:00+00:00,poultry_manure,0.6116193807681336,24.699601838521318,7.293495379896024,305.12723462384264,2433.2551543876575,65.6736730715599,11.333338792202921,90.0034179722457,28.88065100766667,4.991006089551115,0,0,False,False,0.9854732040376813,0.03828713950194412,False,False,False,False
2025-01-21 07:00:00+00:00,poultry_manure,0.7217239016036077,24.35887588671563,7.316797428736849,356.57673417484074,2606.900333950688,65.65182789831742,12.874144636898906,87.67894548915821,33.05784248156541,6.517406015621148,0,0,False,False,0.9650508519998514,0.0499530759520651,False,False,False,False
2025-01-21 08:00:00+00:00,poultry_manure,0.8108934046271126,23.725933046717884,7.310557495498814,377.63874898664073,2484.1386177984987,72.5563836479208,12.193702854268595,88.81982795381036,27.96990728921704,7.0,0,0,False,False,0.9787305586208275,0.047697844582320605,False,False,False,False
2025-01-21 09:00:00+00:00,poultry_manure,0.8052276095543917,24.449615514164208,7.247556601923298,360.58426533585606,2742.570981482396,66.49582255920333,10.701274170128123,89.44071948305216,31.383853665596142,6.165657832726475,0,0,False,False,0.9796678341946792,0.0458770027879422,False,False,False,False
2025-01-21 10:00:00+00:00,poultry_manure,0.8819585666774901,23.496104612131454,7.406534580501632,383.2371425446207,2491.6544775830325,63.99275370513818,11.105214968846706,89.26374594337791,29.06034135506122,6.994235445757539,1,0,False,False,0.9861294883948457,0.05431090963383203,False,False,False,False
2025-01-21 11:00:00+00:00,poultry_manure,0.9055120792033445,24.105557295268337,7.296687567896407,382.77535341344793,2523.6524736936194,73.13505233089978,13.27337993255674,85.03210730921673,30.837581278607054,7.0,1,0,False,False,0.9852572875511457,0.05466720459329612,False,False,False,False
2025-01-21 12:00:00+00:00,poultry_manure,1.0929241578172744,25.858568081215356,7.221799937383364,340.0692959752798,2533.168869903097,71.3210340895964,13.43752684930828,88.69291507108457,31.45680929586218,7.0,1,1,False,False,0.9782442727948367,0.07564115888301823,False,False,False,False
2025-01-21 13:00:00+00:00,poultry_manure,0.9879859901895396,26.788429600623385,7.340958736811422,322.13272101360303,2558.8919891144906,75.0,11.994765229241747,85.70797772298637,30.532939975699257,7.0,1,0,False,False,0.9946444263892162,0.057539072307935125,False,False,False,False
2025-01-21 14:00:00+00:00,poultry_manure,0.9991207124591147,28.006257789016704,7.360139076708366,386.89232952228775,2349.780205120228,73.35746953586717,12.809874991949386,89.62001226838545,25.962441339445213,7.0,1,0,False,False,0.9555750384347053,0.07154720821583843,False,False,False,False
2025-01-21 15:00:00+00:00,poultry_manure,0.9442654796739504,30.453787413491405,7.355581029151177,370.7292154930987,2531.604738252739,68.351616272984,12.964177663129641,91.37772262450562,32.513216420201125,7.0,1,0,False,False,0.9700469474823405,0.08418854297150433,False,False,False,False
2025-01-21 16:00:00+00:00,poultry_manure,0.9212997198345936,30.78754578036153,7.447634945960877,398.72109321335404,2600.1493519057294,73.19254520782313,11.67237112682625,89.03132912758879,31.79461594410666,7.0,1,0,False,False,0.9804156961930647,0.06928465945415829,False,False,False,False
2025-01-21 17:00:00+00:00,poultry_manure,0.7995113923752885,32.847456440455844,7.357465310536976,333.6835674169907,2511.367118648368,75.0,11.732234911517036,83.44361093065878,31.277015658354724,6.261645593027198,0,0,False,False,0.985891017974038,0.05774285969081186,False,False,False,False
2025-01-21 18:00:00+00:00,poultry_manure,0.7387042462722997,32.138760358864964,7.448457383466334,371.05816878968716,2518.180948980924,72.02516536938298,12.481506956582194,89.71889593649543,29.33706478227132,6.6177678203845725,0,0,False,False,0.9909631130398022,0.06476711972948074,False,False,False,False
2025-01-21 19:00:00+00:00,poultry_manure,0.6442162337798859,31.461271954569153,7.368778929168854,347.2838916060701,2479.839688193836,69.33460860650365,12.739450021670315,87.22963848907986,27.889754981988656,5.727121589415585,0,0,False,False,0.975200299711535,0.05565067412797737,False,False,False,False
2025-01-21 20:00:00+00:00,poultry_manure,0.5181546668005826,33.31393653214742,7.435727127121532,267.77413321658776,2467.2948078157424,73.56122737714999,11.048041492880172,90.1589044914464,29.423001077947806,4.128985176065608,0,0,False,False,0.9894702182438789,0.03938699598017728,False,False,False,False
2025-01-21 21:00:00+00:00,poultry_manure,0.5126911721989248,33.07098052542327,7.4110503078137695,294.3704440305027,2466.818359122007,75.0,11.744217578562269,92.0,26.85459825148355,4.431571314207459,0,0,False,False,0.9672670704076468,0.04064749208026494,False,False,False,False
2025-01-21 22:00:00+00:00,poultry_manure,0.45245312457746023,33.28865009997579,7.44334843435286,235.7562920697113,2580.2903490064928,75.0,12.75064507379078,90.4985326897738,27.916882628526384,4.176738383592834,0,0,False,False,0.9754156009163099,0.03762510774519134,False,False,False,False
2025-01-21 23:00:00+00:00,poultry_manure,0.4012777237209738,30.871449673618148,7.35848763338878,220.8303490002121,2529.729406740643,73.90630111717037,13.53781314171994,86.87803418252233,31.870334459867884,3.775665738659659,0,0,False,False,0.9736075896927214,0.033454818601782635,False,False,False,False
2025-01-22 00:00:00+00:00,poultry_manure,0.3762056615084224,30.932193295076456,7.411512958242189,169.8539948986376,2511.7716903164787,67.6633228904637,11.756924922141287,85.15696977708596,24.0,3.0132090138590475,0,1,False,False,0.9387846246107063,0.02763335354117518,False,False,False,False
2025-01-22 01:00:00+00:00,poultry_manure,0.35352677947679173,29.351774335737396,7.423838996650305,223.63127326915122,2550.0356011047024,66.97231610722235,11.278239075718892,88.15049657647239,31.128041261775163,2.8117607460634564,0,0,False,False,0.9851107827608429,0.02646365493893568,False,False,False,False
2025-01-22 02:00:00+00:00,poultry_manure,0.34773912227986836,29.264649108890467,7.339260195046778,243.30129249590055,2504.04153685917,64.06789163325064,11.501377886557679,86.39802407929582,27.671821881738474,2.764376699017482,0,0,False,False,0.9742251082501732,0.026891726292697562,False,False,False,False
2025-01-22 03:00:00+00:00,poultry_manure,0.39310667328177085,28.585349504931582,7.2967493289951735,262.61155998725854,2517.808594592636,72.40794382413958,11.588205043777924,91.33791440409811,31.375059065116886,3.3286464185963105,0,0,False,False,0.9841904345677207,0.027581800108897825,False,False,False,False
2025-01-22 04:00:00+00:00,poultry_manure,0.4247635591370561,27.10482490224131,7.320041024856205,264.42592445266433,2363.704543603155,75.0,11.888116078220849,89.98554425882766,29.21681134364543,3.635155747573084,0,0,False,False,0.9916086938275586,0.02740326748841124,False,False,False,False
2025-01-22 05:00:00+00:00,poultry_manure,0.5263141576551882,25.533930519067308,7.375332608995622,217.22099583125757,2659.86787716657,69.49524866754493,10.682587105109896,86.45077642847016,30.44430333951254,3.8884845733706874,0,0,False,False,0.988969902130424,0.02914105020842993,False,False,False,False
2025-01-22 06:00:00+00:00,poultry_manure,0.5792069435871473,25.352293696486196,7.328380743280904,194.75713894210713,2433.6736401555904,69.11235175827623,12.793381377743135,89.94265617939087,27.33184683174328,5.331811685965581,0,0,False,False,0.9693515614287171,0.038833964328071645,False,False,False,False
2025-01-22 07:00:00+00:00,poultry_manure,0.5965290965843645,25.408479835528926,7.182554680048605,203.6453347515744,2401.1695681746287,62.571614715393125,9.883018506909501,86.88555174430354,29.612895629358192,4.097875793662237,0,0,False,False,0.9855440488281294,0.034229373606312286,False,False,False,False
2025-01-22 08:00:00+00:00,poultry_manure,0.7611488838004381,24.665161400695474,7.332055270052615,338.3043559095604,2419.373212598844,69.23626401345496,10.350274460886414,90.14519772711333,32.253123340259165,5.681382951651892,0,0,False,False,0.9692201389018404,0.04151392839656115,False,False,False,False
2025-01-22 09:00:00+00:00,poultry_manure,0.8463322631832458,23.650439679482698,7.393236437707495,335.6523871021372,2436.412957390815,67.89337750220642,11.393625772202967,87.22935325172931,30.52862904350623,6.729076835213016,0,0,False,False,0.9916818384259526,0.048205034692103035,False,False,False,False
2025-01-22 10:00:00+00:00,poultry_manure,0.8599670949792715,23.360582447846372,7.265670498340052,408.214952655331,2409.545683192929,72.61200837603629,12.592824926674904,89.8132981569942,28.122775235023678,7.0,1,0,False,False,0.9782636277168623,0.05102379910672184,False,False,False,False
2025-01-22 11:00:00+00:00,poultry_manure,0.9902165103042638,24.555253512444754,7.365224770389707,378.78595181038173,2543.644254901629,67.76541842518468,11.223274639499342,86.53050385815003,31.707187017502804,7.0,1,0,False,False,0.9790445030224686,0.05780690437796218,False,False,False,False
2025-01-22 12:00:00+00:00,poultry_manure,1.0604089731811877,26.190570562477678,7.246338377216407,422.83058087121003,2553.010481891452,70.26191196633526,12.364476569804689,84.7810369273117,28.20712716513195,7.0,1,1,False,False,0.980248888802296,0.06679877201904331,False,False,False,False
2025-01-22 13:00:00+00:00,poultry_manure,0.953972428661852,27.153651076375215,7.442029551633131,367.19930694157813,2352.313673856678,68.88020944209057,12.06422683135941,85.38741505809176,32.365859665163384,7.0,1,0,False,False,0.9760202691915691,0.06510769868303135,False,False,False,False
2025-01-22 14:00:00+00:00,poultry_manure,1.0388357635768632,27.90764436037591,7.308707083729625,344.69183727478867,2443.1108929831476,75.0,10.295809822498283,87.15786283328923,29.373018010870684,7.0,1,0,False,False,0.9852092292211982,0.05642453075095637,False,False,False,False
2025-01-22 15:00:00+00:00,poultry_manure,1.00923392723449,29.216215544837247,7.252133282738082,397.5898897015148,2610.6887288245134,75.0,13.23732176773039,87.88662945410125,30.694258070436852,7.0,1,0,False,False,0.9868708104569796,0.07361269193185892,False,False,False,False
2025-01-22 16:00:00+00:00,poultry_manure,0.8702326655913768,31.37924253039942,7.382995477569058,409.096637114896,2736.8273604548986,73.6460045201233,11.844135300423721,84.64466359359743,28.344787809339916,6.979564280304466,1,0,False,False,0.9826685545955178,0.06151712674854264,False,False,False,False
2025-01-22 17:00:00+00:00,poultry_manure,0.8250569855274491,31.93941432771056,7.406511708549204,376.21908441543934,2486.325594313526,70.8909376398709,12.07139506188743,87.81528596103304,31.860699466927013,6.996833122873304,0,0,False,False,0.9810360300212927,0.06739913461163548,False,False,False,False
2025-01-22 18:00:00+00:00,poultry_manure,0.7206812901011845,32.02780653543064,7.384262684663608,326.69918625856434,2469.4341238331403,75.0,10.579224231991919,89.57944932145281,32.477263272432744,5.4638081921882815,0,0,False,False,0.9681234884356322,0.050022995388599015,False,False,False,False
2025-01-22 19:00:00+00:00,poultry_manure,0.6554683658217032,32.72599390904061,7.370967403279762,300.80804296157464,2527.7781788705065,74.98369662827653,11.886315104312688,89.78182235638707,30.342144429919596,5.595995789800388,0,0,False,False,0.9960101312223675,0.05103820669466128,False,False,False,False
2025-01-22 20:00:00+00:00,poultry_manure,0.5861792992096208,33.59069278486592,7.364719768472282,371.3808947769618,2408.046839087873,75.0,12.880010297206702,86.93744170132119,29.876365006814304,5.251018286298235,0,0,False,False,0.9943635985821095,0.0480731107512708,False,False,False,False
2025-01-22 21:00:00+00:00,poultry_manure,0.5357699060251728,33.243258109380534,7.40019813956695,260.49413621258253,2593.894533700815,68.10947608632446,11.75844225633561,84.78643248230293,25.359293470943435,4.273113767316945,0,0,False,False,0.9523851459911123,0.044301330005111,False,False,False,False
2025-01-22 22:00:00+00:00,poultry_manure,0.42241184823564115,32.09124652962971,7.3910411359363986,206.18740366361186,2562.5947832789107,70.52351703525989,11.125733406622807,92.0,33.95390404813922,3.458936225893657,0,0,False,False,0.9560896265517218,0.03303617191345219,False,False,False,False
2025-01-22 23:00:00+00:00,poultry_manure,0.35296648230951505,31.758058479702743,7.366857638290615,182.11455581864993,2568.8719822844173,75.0,11.945331708358061,84.95703856834969,29.291880049657518,2.8656360580583073,0,0,False,False,0.9926454590383655,0.02544428633561806,False,False,False,False
2025-01-23 00:00:00+00:00,poultry_manure,0.2941293143433137,30.63243204757601,7.395998522866343,238.060088941403,2562.59702381904,75.0,11.971557693228176,88.04935631026403,29.85662317444417,2.480305325386951,0,1,False,False,0.9984240202105826,0.022663484489958488,False,False,False,False
2025-01-23 01:00:00+00:00,poultry_manure,0.3262029315707346,29.281555867475024,7.383051144297286,279.4034651304315,2529.234989122288,74.20007808880274,12.893993725178959,91.27191286256767,35.425999497691,3.0711600778140187,0,0,False,False,0.9412700363971952,0.02604575378183784,False,False,False,False
2025-01-23 02:00:00+00:00,poultry_manure,0.3260803080093466,29.575650233310185,7.49095682105336,219.0420273858594,2441.382133317125,75.0,13.12440812687778,87.25106226510016,30.438141139775716,2.9872048776796074,0,0,False,False,0.989996547967854,0.024934058627899963,False,False,False,False
2025-01-23 03:00:00+00:00,poultry_manure,0.38626759225578383,27.829313304609997,7.301248027240126,237.62578579165728,2447.624500053029,70.65321944579075,13.17927520316318,88.05674676133766,27.08801643676494,3.5861827959987664,0,0,False,False,0.9649837883518334,0.029276987719109065,False,False,False,False
2025-01-23 04:00:00+00:00,poultry_manure,0.44135660536489174,26.694056380134203,7.379869509063109,215.9095675598212,2520.3108407380123,73.623257427813,12.047746329976855,87.06673102336195,29.794233644004933,3.7037159450069934,0,0,False,False,0.9977036047901651,0.028157082455393497,False,False,False,False
2025-01-23 05:00:00+00:00,poultry_manure,0.46608048516304634,27.116709643481,7.406180527616919,301.975791418953,2520.9049079087135,75.0,13.768140367362552,88.09652695098225,31.661638614292592,4.5225666807976195,0,0,False,False,0.9745429120202613,0.034214150563609026,False,False,False,False
2025-01-23 06:00:00+00:00,poultry_manure,0.5982934520380659,25.90141914346181,7.352674238310326,293.9180897859467,2367.5479304491473,72.70076804554087,10.012714202126809,89.09526428761917,28.692277353534593,4.269830914342759,0,0,False,False,0.97698634454598,0.03252998992962436,False,False,False,False
2025-01-23 07:00:00+00:00,poultry_manure,0.6678588328507258,24.732292372765855,7.374990659938557,409.0370795819746,2419.21779023662,70.72924169696651,12.648947693792975,88.49031278914713,28.817812203249428,5.980325023949227,0,0,False,False,0.9849333835635294,0.04449033542194691,False,False,False,False
2025-01-23 08:00:00+00:00,poultry_manure,0.7527004580629919,23.303994579531732,7.3847074732094695,309.3437970499146,2436.3178943002913,63.145505164925105,11.676943550745776,86.05218150600176,27.2599986080073,6.050666729037876,0,0,False,False,0.9709847038338019,0.045750412899034955,False,False,False,False
2025-01-23 09:00:00+00:00,poultry_manure,0.8217878898123433,24.4992811339484,7.300975039178686,302.9025796911031,2603.4369688951015,65.13131949319671,10.237415164063872,89.69560044570673,26.047204588763016,6.036861071298751,0,0,False,False,0.9516591217079495,0.04626693054312348,False,False,False,False
2025-01-23 10:00:00+00:00,poultry_manure,0.95752230729078,24.12820870652695,7.328940233821296,415.0521836388457,2495.913842496471,65.39231735748022,11.045320362948372,90.52178326405713,29.429326443655906,7.0,1,0,False,False,0.989519866251301,0.05736390607234049,False,False,False,False
2025-01-23 11:00:00+00:00,poultry_manure,0.9960396951463036,24.20103828855503,7.370772135405503,393.010904365998,2384.039464245358,63.92198937580418,12.238492030247631,85.06193651417696,26.531657030354047,7.0,1,0,False,False,0.9641241101523023,0.06400792514247242,False,False,False,False
2025-01-23 12:00:00+00:00,poultry_manure,1.0103701168939874,24.582790360256084,7.3015233735430956,399.4216305244182,2545.983368374726,66.45119851794097,12.25764878731024,85.65080874995866,34.57174706972551,7.0,1,1,False,False,0.9529942853661937,0.06344218669411889,False,False,False,False
2025-01-23 13:00:00+00:00,poultry_manure,1.0707656153620388,28.079883414583602,7.409747928588009,365.29176614887643,2539.491318767644,75.0,11.604144935073753,88.09248303600822,27.219811922403935,7.0,1,0,False,False,0.970218843899408,0.06978376988905956,False,False,False,False
2025-01-23 14:00:00+00:00,poultry_manure,1.002738085729443,27.580811840974466,7.330225726049307,306.94295460940157,2475.001762582991,71.61525778133826,12.258707737611337,88.6297378566022,29.18462843981446,7.0,1,0,False,False,0.9905527457100879,0.06752105475459906,False,False,False,False
2025-01-23 15:00:00+00:00,poultry_manure,0.9739909226341478,30.58620239501566,7.363447958274533,405.4492896976061,2479.082609374433,70.00564805393616,11.457116633659448,90.29522847364805,30.468996776607923,7.0,1,0,False,False,0.992595615402218,0.07537452980430279,False,False,False,False
2025-01-23 16:00:00+00:00,poultry_manure,0.9381024886233424,31.042270329372183,7.337153054573917,369.8554694373829,2405.7415610643507,75.0,12.683903553956538,88.78525744832777,30.559167357675637,7.0,1,0,False,False,0.990988808653461,0.072163382185478,False,False,False,False
2025-01-23 17:00:00+00:00,poultry_manure,0.832342135250777,31.368104058969568,7.4707683686430855,343.0436877239057,2382.2364232805444,75.0,12.320987057882784,87.04246390399105,28.280262803963186,7.0,0,0,False,False,0.9811976927502178,0.06279695007155528,False,False,False,False
2025-01-23 18:00:00+00:00,poultry_manure,0.7165335915559206,33.11827289801941,7.415754731101137,306.3741498941899,2497.6072495936705,72.65016307599655,10.905705977491033,90.77561656045066,30.53781126898161,5.674786597102467,0,0,False,False,0.9891504171976391,0.05493794417991989,False,False,False,False
2025-01-23 19:00:00+00:00,poultry_manure,0.7344824202811714,32.69718339809789,7.402543406202336,342.2641665998163,2441.7974988635465,75.0,12.186879413757868,88.28972803362021,31.53023086625478,6.3222852338746565,0,0,False,False,0.9837632942686628,0.057208571692647155,False,False,False,False
2025-01-23 20:00:00+00:00,poultry_manure,0.6153566785638985,32.75468768422977,7.3946815762367235,360.09320048612403,2541.3625396718785,74.05695545777176,12.837452188347868,89.75888168243746,27.743763200067043,5.6724826675654505,0,0,False,False,0.9732503710589311,0.051908981751447016,False,False,False,False
2025-01-23 21:00:00+00:00,poultry_manure,0.4733577951180771,32.91004892722052,7.346356066508208,247.71589442397632,2599.346497039752,75.0,11.298340131644375,86.43671731568978,33.09665105281164,3.6982173362232906,0,0,False,False,0.9655251901301055,0.033180833208923316,False,False,False,False
2025-01-23 22:00:00+00:00,poultry_manure,0.41490019331236,32.16156131669124,7.418650709239954,200.3685074057362,2653.208661644577,75.0,10.593410156437036,88.8692638079959,29.753849805404776,3.124791138306866,0,0,False,False,0.990505548836233,0.027899836468541103,False,False,False,False
2025-01-23 23:00:00+00:00,poultry_manure,0.36232437915101395,30.89260406615475,7.373168839607879,252.84020206282077,2498.8897484538393,74.3046681340563,11.538900377089915,89.37149278929667,27.588691540571606,2.98917251010724,0,0,False,False,0.9735814172911657,0.025775693587962886,False,False,False,False
2025-01-24 00:00:00+00:00,poultry_manure,0.32241211523717067,30.867055101461087,7.405569627555817,166.64009248463356,2497.4926116133574,74.06329435574673,12.648260465225198,92.0,27.631308532957362,3.0013729742486572,0,1,False,False,0.9730717830034477,0.024858297975624048,False,False,False,False
2025-01-24 01:00:00+00:00,poultry_manure,0.34361005402438394,30.29775280048463,7.370709136297306,144.19222153878098,2453.994596127296,73.95395114773028,11.553539362453025,86.50491458320444,27.41362533724712,2.7473353845915804,0,0,False,False,0.9719039501847363,0.02307013884183647,False,False,False,False
2025-01-24 02:00:00+00:00,poultry_manure,0.3752122606958093,29.639832914515452,7.367519750879377,256.05443076053785,2669.7234344014537,71.91859335666925,12.685787338686012,89.39175408110493,32.93867877992519,3.403939983467849,0,0,False,False,0.9671842755073181,0.02978334675630629,False,False,False,False
2025-01-24 03:00:00+00:00,poultry_manure,0.39012461709342705,27.454122583188063,7.302518437221002,225.92855274005208,2627.8056273344428,69.74702219786228,10.43365686458007,89.84961356746344,32.59603495350243,2.9258099049799555,0,0,False,False,0.966207934787876,0.023230595465312115,False,False,False,False
2025-01-24 04:00:00+00:00,poultry_manure,0.47036885052896465,26.797686162296536,7.413303751855585,226.7495988359493,2527.464280320859,66.76873455101864,11.042501798223217,89.2132494088188,31.113940770244824,3.7070238238100517,0,0,False,False,0.9840731012886679,0.03096262791710873,False,False,False,False
2025-01-24 05:00:00+00:00,poultry_manure,0.4956622731130609,25.203277482829915,7.272042868777999,275.41972819310195,2593.1737912757294,62.250876459815935,12.442099748558025,87.29216359507826,28.49564611875033,4.306701661605287,0,0,False,False,0.9827459624447131,0.03519366092302348,False,False,False,False
2025-01-24 06:00:00+00:00,poultry_manure,0.5953746800023031,25.91437179679177,7.351534015917033,303.10116088064666,2452.2243772515567,66.24045389555796,12.284644178380445,87.70446747105579,34.60887759378904,5.13174001286114,0,0,False,False,0.9524880031702073,0.040237329518294264,False,False,False,False
2025-01-24 07:00:00+00:00,poultry_manure,0.6437269531125771,25.26722610858419,7.384716914556749,261.0018645801289,2342.5890112628354,70.3201143488943,11.735921436700472,88.4399744569264,27.834178510031922,5.345120281815147,0,0,False,False,0.9770213922838216,0.03829802082625054,False,False,False,False
2025-01-24 08:00:00+00:00,poultry_manure,0.7631705049555086,23.905735665298213,7.289340690193421,312.4320976587686,2452.6405684200154,65.46748662243945,11.356045649473696,89.04590794550774,28.477877221489408,6.173801480006981,0,0,False,False,0.9815590004622625,0.04678885093810125,False,False,False,False
2025-01-24 09:00:00+00:00,poultry_manure,0.8890627739773401,24.903229002299845,7.457273130890836,410.9281489897213,2506.3799048530286,72.96687993419776,12.895019026016916,91.06673810202125,31.233104202867153,7.0,0,0,False,False,0.9831938628412439,0.059886318264630305,False,False,False,False
2025-01-24 10:00:00+00:00,poultry_manure,0.946244737069273,23.784341045758662,7.354045010382323,367.8087575967236,2557.7860311265117,71.8853976037779,11.755021542017976,89.4044004756996,33.07541370570988,7.0,1,0,False,False,0.9680209706529912,0.051670957753038614,False,False,False,False
2025-01-24 11:00:00+00:00,poultry_manure,1.0166311491702151,24.120962667042164,7.275384292356898,363.89893471478405,2566.829713307588,67.38507874358599,13.588503923498694,85.73893460578519,25.48660797597573,7.0,1,0,False,False,0.9469235601422639,0.06797818622160352,False,False,False,False
2025-01-24 12:00:00+00:00,poultry_manure,0.9805936105076333,25.325427468351105,7.226257646383163,364.71966880430625,2599.9325622618762,67.83805877162871,11.988600563708088,84.52594961872715,30.912395121268858,7.0,1,1,False,False,0.9908190516058518,0.06181183804280551,False,False,False,False
2025-01-24 13:00:00+00:00,poultry_manure,1.058702740247788,26.976701522007854,7.351587839209843,440.5482587832369,2518.2482998110495,70.57411029382024,12.023344399673947,88.12886618812799,28.38943986635729,7.0,1,0,False,False,0.9837776766652031,0.06957751166591042,False,False,False,False
2025-01-24 14:00:00+00:00,poultry_manure,1.0735829509563666,28.54258698125211,7.357618499743414,364.58761670817836,2479.899014897689,75.0,11.498186586637303,88.02626584664982,27.493927293384345,7.0,1,0,False,False,0.9724302058670299,0.06927928586576582,False,False,False,False
2025-01-24 15:00:00+00:00,poultry_manure,0.9945397199849517,29.52120651812636,7.383263694751421,329.09258011609865,2571.6178147402406,69.58443843829578,13.122880108161855,89.35012211173647,30.78905317111026,7.0,1,0,False,False,0.986495067748088,0.0819466555896738,False,False,False,False
2025-01-24 16:00:00+00:00,poultry_manure,0.8501452751119721,31.280404812326744,7.385636321743395,381.2633167555276,2784.328570419497,75.0,10.651753276198097,88.02139715305691,29.033868097988602,6.376648656283231,1,0,False,False,0.9835974473608765,0.05646738326382878,False,False,False,False
2025-01-24 17:00:00+00:00,poultry_manure,0.8556608331548768,32.288457236858456,7.380963460921642,371.7345673447422,2540.0895822802513,74.57275882229324,12.7730159893649,85.94982357946803,30.288205693875426,7.0,0,0,False,False,0.9932528631144213,0.06914344858489231,False,False,False,False
2025-01-24 18:00:00+00:00,poultry_manure,0.771662549711168,33.70194461004235,7.460304888889217,386.4524633517251,2668.41838178894,71.98574999371941,11.639072219855292,86.6829651117909,25.489688313900913,6.228300128395759,0,0,False,False,0.9530922442382855,0.06168381704116526,False,False,False,False
2025-01-24 19:00:00+00:00,poultry_manure,0.6523174997591868,32.78108022687261,7.365273220855267,332.6068436178407,2508.2265846139717,72.54920672393222,10.812844311553222,87.1734050825434,30.865246985139358,4.9189564401224155,0,0,False,False,0.9854117517063725,0.04670737476317484,False,False,False,False
2025-01-24 20:00:00+00:00,poultry_manure,0.5573614359994863,33.828188856452435,7.447812082019581,290.397982746305,2561.0830475862144,69.12059693954701,12.210096207215622,85.70149783465287,32.36356352660489,4.665888987091175,0,0,False,False,0.975313883697873,0.04685334861351992,False,False,False,False
2025-01-24 21:00:00+00:00,poultry_manure,0.4856874003024525,32.99152041454046,7.473002281170061,222.095687348198,2474.8970958765303,72.82006225693505,11.125868631970112,86.60730847963264,27.34157919536502,3.7439952923642594,0,0,False,False,0.9690451351135008,0.037461116142953714,False,False,False,False
2025-01-24 22:00:00+00:00,poultry_manure,0.46141765358903825,32.88147219702924,7.363879194525813,294.41292649893273,2604.0232758352668,72.97874024627667,13.331494286766537,88.02438450419584,27.990855454962542,4.331776304235725,0,0,False,False,0.9732510831157928,0.0413213784996392,False,False,False,False
2025-01-24 23:00:00+00:00,poultry_manure,0.38526149906865415,31.842668113642123,7.361580268196424,182.66388752971378,2536.383719256179,71.93569076690662,11.428337450895093,86.90356207970872,31.377159453033727,3.0610204481295873,0,0,False,False,0.9833700927241382,0.02841881783167714,False,False,False,False
2025-01-25 00:00:00+00:00,poultry_manure,0.37815747007875883,29.633881930957955,7.306245358441994,206.85379851907675,2420.5747136817386,73.07273537079804,10.878825563833466,88.65390752502437,32.652034761136704,2.917712972681225,0,1,False,False,0.9678737802078003,0.02459906236349533,False,False,False,False
2025-01-25 01:00:00+00:00,poultry_manure,0.3071759415053891,30.2970236743067,7.4001059215321146,186.30048208169674,2637.9243885006404,66.2980779426061,10.759333737294899,89.07204882346365,31.187434721864534,2.3550710069304963,0,0,False,False,0.9819223214678292,0.022750035075415516,False,False,False,False
2025-01-25 02:00:00+00:00,poultry_manure,0.35637248997078785,28.261463503116396,7.317160857957726,222.52636454791417,2465.76350535357,68.27264125637528,13.565302883391741,89.02125885006478,32.654842314017465,3.442844318623882,0,0,False,False,0.9656250624428666,0.029291377591124507,False,False,False,False
2025-01-25 03:00:00+00:00,poultry_manure,0.4133368860824661,28.424811421566538,7.362514505168923,248.28607801548418,2311.7323880302943,68.993803955786,12.217758591194393,88.20911387881851,25.075634407690387,3.5636836896947006,0,0,False,False,0.9496675511209319,0.03131964174169393,False,False,False,False
2025-01-25 04:00:00+00:00,poultry_manure,0.4763079370962574,27.231525115906543,7.288726576830893,279.05021400824864,2521.3891429146365,66.55949111736535,11.530344578785572,86.87986292658451,27.80964598548369,3.817149932363515,0,0,False,False,0.9757481827487648,0.031235733141080062,False,False,False,False
2025-01-25 05:00:00+00:00,poultry_manure,0.49260339358814287,25.951613087728912,7.312801254643505,201.09276738384304,2472.2168368938787,66.73657302580128,12.695257440855238,85.74345355615493,30.707890667795656,4.289729134542849,0,0,False,False,0.9894448061177673,0.0348581674062965,False,False,False,False
2025-01-25 06:00:00+00:00,poultry_manure,0.6344059780545412,25.638082769435943,7.1983537460990705,288.82495471304503,2610.0265072508996,69.8558675778005,11.944858620028553,89.74175459140369,30.724139137904334,5.440424953397806,0,0,False,False,0.9924829017210994,0.04033021831150761,False,False,False,False
2025-01-25 07:00:00+00:00,poultry_manure,0.7119207324294019,24.889783155123695,7.2941495433733285,371.06155722703073,2534.6163880584163,65.73464769952014,11.958423597394068,88.53596563863712,29.50228564596894,6.0299719110394845,0,0,False,False,0.9948149744466597,0.04561595391021403,False,False,False,False
2025-01-25 08:00:00+00:00,poultry_manure,0.8074194252714211,24.926807428645283,7.328130616245325,387.42028864349845,2374.613302961108,68.04211249182018,12.991297086519598,89.60955089097752,28.039878701568682,7.0,0,0,False,False,0.9754423015830889,0.05546212153127439,False,False,False,False
2025-01-25 09:00:00+00:00,poultry_manure,0.8527820985219285,23.285757644853184,7.293280025815771,319.0878771059232,2560.456877780871,71.49222588206402,12.746535786640196,86.56859064077958,29.650942856661548,7.0,0,0,False,False,0.9927767496334146,0.0491906001484379,False,False,False,False
2025-01-25 10:00:00+00:00,poultry_manure,0.9597953292554411,24.66729551261075,7.350273651416536,358.6936664400015,2498.8611230522465,74.54477843477122,10.38948360470229,88.08657112043977,27.099124993233747,7.0,1,0,False,False,0.9629386679558489,0.04728636044012617,False,False,False,False
2025-01-25 11:00:00+00:00,poultry_manure,1.0115435738915177,24.209951639012974,7.321022705332154,404.85580952354377,2344.324970286859,72.71820246189885,12.057852657593548,84.94104349661741,28.45395330125154,7.0,1,0,False,False,0.9842502697245477,0.05404104945341204,False,False,False,False
2025-01-25 12:00:00+00:00,poultry_manure,0.9708501548158507,25.74922291949152,7.301797193381915,393.7995561711344,2425.6589570076767,75.0,12.884375000199785,88.45435360225133,26.14212686997116,7.0,1,1,False,False,0.9569993936987127,0.06417156592431068,False,False,False,False
2025-01-25 13:00:00+00:00,poultry_manure,0.8757127852084802,26.878302359944918,7.261611041380904,435.8272023914045,2576.71531027685,68.99234138659963,12.32833433483482,86.01192987874082,26.794071402849873,7.0,1,0,False,False,0.9662990423543246,0.059602182513090754,False,False,False,False
2025-01-25 14:00:00+00:00,poultry_manure,1.0581595327705167,28.36608959436962,7.342648810742776,363.59378648614455,2359.819200982666,74.00655910448448,12.160648105900664,85.88505699811222,29.986952700521414,7.0,1,0,False,False,0.9990662864757108,0.07277322226090492,False,False,False,False
2025-01-25 15:00:00+00:00,poultry_manure,1.0188688342157257,30.03889997849992,7.40126381810943,324.66712429601756,2364.1316155227887,73.90758499305569,9.911769294785703,87.80120514330073,31.898657657449107,7.0,1,0,False,False,0.9705722698994375,0.06021696360244994,False,False,False,False
2025-01-25 16:00:00+00:00,poultry_manure,0.9480255020970321,30.901009925943956,7.347325401743321,403.54757244665524,2825.641540393365,75.0,13.088655389999492,87.09203561485617,28.636593863693513,7.0,1,0,False,False,0.9809226616869376,0.07449840498619135,False,False,False,False
2025-01-25 17:00:00+00:00,poultry_manure,0.8271172251672678,31.228682755294102,7.469097324645446,371.71174796485883,2604.6372183237913,75.0,11.314470324456803,87.48183735834397,29.214363749827648,6.549515524149747,0,0,False,False,0.9887159891205605,0.057863930717656206,False,False,False,False
2025-01-25 18:00:00+00:00,poultry_manure,0.7472604290776823,34.04907002667152,7.399669218652362,365.9543974734841,2379.1331769317244,70.39832988995036,12.024498799633113,86.6043376995631,33.49139789247383,6.225419190207127,0,0,False,False,0.9649635270770962,0.062073663886327395,False,False,False,False
2025-01-25 19:00:00+00:00,poultry_manure,0.6222336558410618,33.32412472745801,7.385167193656424,293.53450447076364,2453.5320293833747,70.78345175530038,12.860639812453485,89.35560301614477,26.614156262841668,5.72041912534605,0,0,False,False,0.9618383635661493,0.056382248528594546,False,False,False,False
2025-01-25 20:00:00+00:00,poultry_manure,0.6356494037345545,33.189411929110285,7.312861501492643,292.7511108633285,2489.1076014686273,75.0,13.08462816980504,89.29052718741069,27.827269091805434,5.941203164764037,0,0,False,False,0.9728495500690292,0.053779651185288685,False,False,False,False
2025-01-25 21:00:00+00:00,poultry_manure,0.5044026741473262,33.648598414556325,7.38937537477265,293.8615709631104,2321.257707453602,67.34520432740966,11.226567949721234,88.67841688016424,30.036973143287334,4.017281899587672,0,0,False,False,0.9957631083157329,0.04220540300874181,False,False,False,False
2025-01-25 22:00:00+00:00,poultry_manure,0.4550348236846654,32.243859710682976,7.387399982649968,245.9847134910114,2529.1149821464255,71.81435059598064,12.443372925288815,88.8087808995786,29.350843037458585,4.022801902253188,0,0,False,False,0.9912915657481417,0.03844076630662174,False,False,False,False
2025-01-25 23:00:00+00:00,poultry_manure,0.33868105064640924,31.181912253921123,7.399091259953187,155.59191605595686,2354.8991774171855,70.27070505813138,11.578402122278867,87.18180274199196,30.75188620888695,3.03887509362476,0,0,False,False,0.9903731485225248,0.022222909531955954,False,False,False,False
2025-01-26 00:00:00+00:00,poultry_manure,0.27739063266858893,31.936946171286177,7.443068346539466,242.7854025143257,2519.3701448226907,75.0,11.932949418029636,91.99151713460705,29.206710386568467,2.706667135318713,0,1,False,False,0.9917318509558328,0.0198779012383642,True,False,False,False
2025-01-26 01:00:00+00:00,poultry_manure,0.31602885242204926,29.874468091083905,7.346954160951778,207.30192068995547,2500.485095945478,74.65661064348575,12.096331930003588,90.47323054557334,32.82672222276082,3.074312460454945,0,0,False,False,0.9712511181223739,0.02071322414990519,True,False,False,False
2025-01-26 02:00:00+00:00,poultry_manure,0.3334706542523698,30.09538529103336,7.340704571068012,245.01683226181538,2317.7125066124913,66.17980835408297,13.113796014790928,87.74407677770019,30.232343133515087,3.4107613409775612,0,0,False,False,0.9921075885908944,0.02537825507508228,True,False,False,False
2025-01-26 03:00:00+00:00,poultry_manure,0.37678669753716865,29.394776394288154,7.422194035109326,215.44849884095856,2391.6686440511553,74.61050313960023,11.562513125951062,88.74275530918935,32.270608071552594,3.4365936763377065,0,0,False,False,0.9751064849142294,0.022802314745542136,True,False,False,False
2025-01-26 04:00:00+00:00,poultry_manure,0.3908740586370983,26.253822743530666,7.320441947689538,219.1575514292138,2643.3909577458503,68.92344098678012,13.63645991273116,85.00530868506762,29.921909381278056,4.02746722405744,0,0,False,False,0.9910367942491247,0.025116604176368535,True,False,False,False
2025-01-26 05:00:00+00:00,poultry_manure,0.4451801947627419,25.12419669262458,7.333972168383556,235.97172310418193,2230.825565446583,72.69022433980322,12.375836319935217,85.91036486155792,27.77295481611672,4.207299541748969,0,0,False,False,0.9758503665614912,0.024147712005934338,True,False,False,False
2025-01-26 06:00:00+00:00,poultry_manure,0.5334153238376632,25.179654283657122,7.3175002106796,264.1878718289818,2582.3592577172,70.49157047457844,9.680224788146113,89.53142980524585,31.32861675804553,4.109357527274271,0,0,False,False,0.9751149563602752,0.024292616182087844,True,False,False,False
2025-01-26 07:00:00+00:00,poultry_manure,0.5764604259645991,25.249337159499532,7.316092403695303,349.2724262710534,2523.684060820146,74.38107458979167,11.972606218358981,91.39142280396081,30.83824025575191,5.60674898558859,0,0,False,False,0.9914806285342758,0.030965249504643008,True,False,False,False
2025-01-26 08:00:00+00:00,poultry_manure,0.6566828811399338,23.754919358474794,7.311333464257539,290.26217707028616,2410.9472741735462,72.98467617924005,10.301740311498834,90.86387168715257,29.045261724418285,5.463928510541292,0,0,False,False,0.981961318801677,0.02876475981268692,True,False,False,False
2025-01-26 09:00:00+00:00,poultry_manure,0.7832700639396593,23.71521016100516,7.374837507405101,328.1970433524991,2415.008624538603,68.46659605908766,12.36333043457313,87.31672239296005,27.365105952257622,7.0,0,0,False,False,0.9718344073497106,0.04376495587014739,True,False,False,False
2025-01-26 10:00:00+00:00,poultry_manure,0.8132957362050721,23.32754894806459,7.29746030849323,371.7563844586515,2468.3569896053023,67.81353261751795,12.02416403896938,88.2687176983589,26.88349065917365,7.0,1,0,False,False,0.9687140863968896,0.04336695378782881,True,False,False,False
2025-01-26 11:00:00+00:00,poultry_manure,0.8481718102584388,25.346712824003564,7.348953068848866,336.45860706611694,2445.1510630318685,66.68100726697935,12.035412593290548,86.2226174019525,28.885274225995733,7.0,1,0,False,False,0.9886756792935046,0.04901461917725082,True,False,False,False
2025-01-26 12:00:00+00:00,poultry_manure,0.9190909034641535,25.237441983392362,7.329121354372632,395.97522612480975,2588.030530144128,69.53910591541216,14.250459207222356,87.2742161769036,28.81714143823618,7.0,1,1,False,False,0.97691911834625,0.06156246144513055,True,False,False,False
2025-01-26 13:00:00+00:00,poultry_manure,0.8959838478835997,26.46544965466769,7.263747971149887,353.1806805698782,2447.5784373001147,68.88736492595955,11.628326968671347,90.73559874732119,29.676060236103517,7.0,1,0,False,False,0.9949022372043919,0.05156653601088315,True,False,False,False
2025-01-26 14:00:00+00:00,poultry_manure,1.0099542244745985,28.9693076356455,7.346157042364676,384.4701982174986,2686.6605763035022,69.01364528813852,12.447476318437888,87.8459219077472,29.692635245605477,7.0,1,0,False,False,0.9946889708638653,0.06907208051456791,True,False,False,False
2025-01-26 15:00:00+00:00,poultry_manure,0.8583329718520919,30.198011024161705,7.4196923647371,332.910193163827,2493.98164032989,72.22893264726702,15.162874931875661,86.5155613431494,29.228034641547907,7.0,1,0,False,False,0.9764659717561007,0.06956857320286873,True,False,False,False
2025-01-26 16:00:00+00:00,poultry_manure,0.8865522727858188,31.076788973724707,7.385646320739385,350.900082979117,2615.764186126709,72.18297634502244,13.138290945644336,87.55902940170017,28.00725938441019,7.0,1,0,False,False,0.9743811391158803,0.06590343226466917,True,False,False,False
2025-01-26 17:00:00+00:00,poultry_manure,0.7863796016481617,31.408673753672314,7.302469509693253,416.4744085271987,2443.17577745047,69.76689102607158,12.320291290387994,85.48055886545865,31.90933579561183,7.0,0,0,False,False,0.9793051855919417,0.05644543599106358,True,False,False,False
2025-01-26 18:00:00+00:00,poultry_manure,0.7198644228499845,32.595490127585066,7.346062594122886,394.02446406186476,2549.2286931653425,73.19925267810204,12.534214044208284,90.55356633912024,32.12282283849686,7.0,0,0,False,False,0.97610070139399,0.0547199142768161,True,False,False,False
2025-01-26 19:00:00+00:00,poultry_manure,0.618668698596298,32.843113799655036,7.4294107644474225,340.8788329668321,2599.4941030763725,75.0,11.847059522482274,90.02151692109798,32.11407430743709,5.864925750701264,0,0,False,False,0.9780945545380404,0.04395587471559373,True,False,False,False
2025-01-26 20:00:00+00:00,poultry_manure,0.525247683181865,33.1482859694537,7.408160529683035,340.0572021038248,2481.901308064063,75.0,12.875674592917054,90.37759878308526,31.31283193199443,5.433033885698214,0,0,False,False,0.9824933077154704,0.040697411491253305,True,False,False,False
2025-01-26 21:00:00+00:00,poultry_manure,0.4558683128109886,33.71436563919716,7.433996056240106,228.6820730801971,2480.3220199625034,67.98238685477567,10.857278898718455,83.9777058517824,30.66403467485317,3.6946379205750923,0,0,False,False,0.9876460477450606,0.031735482836756736,True,False,False,False
2025-01-26 22:00:00+00:00,poultry_manure,0.3810342820743334,32.69536321443329,7.313515040594562,269.5969733082587,2460.3853025029875,69.11837543186607,12.20209024056917,87.63298425494195,36.0,3.621707419808551,0,0,False,False,0.9389895487971541,0.02889437930817826,True,False,False,False
2025-01-26 23:00:00+00:00,poultry_manure,0.3509944467085602,30.738017878998498,7.295498152995533,141.89251987211014,2553.1230682816035,73.61382511449568,11.316448138633993,87.70188852733925,31.32773948246422,3.0964694932398107,0,0,False,False,0.9833048458685277,0.021359032606036384,True,False,False,False
2025-01-27 00:00:00+00:00,poultry_manure,0.36608566371161494,29.97954440110432,7.29837500300822,204.71890812308288,2420.257799713627,71.99177217584449,12.512529597395785,92.0,28.888080293159035,3.3713640689471633,0,1,False,False,0.9863181549446114,0.02908973480689964,False,False,False,False
2025-01-27 01:00:00+00:00,poultry_manure,0.2965148949135263,30.225983114501606,7.435233389753322,273.8816221293886,2463.7441719286226,66.17271416502422,13.37024145740555,85.44691903471514,27.036271954098645,2.7100179010530554,0,0,False,False,0.9635115122539587,0.0262724713062952,False,False,False,False
2025-01-27 02:00:00+00:00,poultry_manure,0.3269978868828549,29.389793229259997,7.393426760325057,238.5322631294923,2538.4402821760086,72.85510371807838,10.717923712819964,88.61118919626155,31.673267849414525,2.4844723037231904,0,0,False,False,0.9768569400699545,0.020470169048038535,False,False,False,False
2025-01-27 03:00:00+00:00,poultry_manure,0.35989224065212627,27.611374310941837,7.292613646480944,202.40721633318037,2460.1827259315464,71.30573352290594,12.07827056538264,87.50664229186772,29.78613868637423,3.043044085629966,0,0,False,False,0.9974700340368291,0.024990554246778096,False,False,False,False
2025-01-27 04:00:00+00:00,poultry_manure,0.4506088934475236,26.3867886767314,7.289890822440991,235.9797388066779,2656.961333472172,70.9488064379938,12.481775655921396,89.21928276984703,28.876152201279965,4.014438841537447,0,0,False,False,0.9863526437331926,0.030405190811632947,False,False,False,False
2025-01-27 05:00:00+00:00,poultry_manure,0.5220865702619761,25.022108758595593,7.324322596084022,296.3777958917732,2516.8348388861477,67.28862226818859,11.430799717246503,86.97527483718191,30.410406088787614,4.152454993861324,0,0,False,False,0.9930499376983564,0.032549362730212465,False,False,False,False
2025-01-27 06:00:00+00:00,poultry_manure,0.575521188833861,25.651563502553966,7.3223010672471505,270.63449340804925,2456.5827046846653,65.23211946033275,12.227377239152242,86.18456312839011,28.025919236917247,4.851925238486755,0,0,False,False,0.9791223061734112,0.03728262900679521,False,False,False,False
2025-01-27 07:00:00+00:00,poultry_manure,0.7257979014212664,24.873967642412506,7.248887239752008,345.1070422953741,2519.152997524285,69.57979802214689,12.8069066666708,88.67873237637428,28.48474850684256,6.594310858146443,0,0,False,False,0.9808129517350715,0.047450892652081356,False,False,False,False
2025-01-27 08:00:00+00:00,poultry_manure,0.7478471858111939,24.437254566288903,7.276934515468431,376.84482998152464,2532.197688409367,71.22139444328069,12.295777987872501,88.94617121720907,28.090128749208294,6.543138629933781,0,0,False,False,0.9794223975527204,0.046054574628060084,False,False,False,False
2025-01-27 09:00:00+00:00,poultry_manure,0.8664988994374465,24.365878522391878,7.29464116450953,369.6852458333386,2494.295314773266,70.54792684640361,11.563568224680044,87.20374749279564,28.825372648609985,6.990126225842281,0,0,False,False,0.9860715676095001,0.048368023221277694,False,False,False,False
2025-01-27 10:00:00+00:00,poultry_manure,0.9500221276898875,23.863354659615055,7.274222258410343,405.19323376027216,2431.5053496498144,67.60938559513929,13.047953331407943,89.52937638790313,31.658786942447634,7.0,1,0,False,False,0.978172363918484,0.06300161570251478,False,False,False,False
2025-01-27 11:00:00+00:00,poultry_manure,0.9593505736370275,24.614776254484656,7.278466107908983,365.15303124212903,2407.4613703604036,65.92748012177981,13.661667125319335,89.63944029070323,27.989709071446413,7.0,1,0,False,False,0.9715887550878675,0.06833210447837444,False,False,False,False
2025-01-27 12:00:00+00:00,poultry_manure,1.0529605790848764,25.38294061303546,7.294309389177616,333.6934705730707,2440.042367625504,70.5935418000071,12.221795464490173,89.48384490038899,30.892219186895744,7.0,1,1,False,False,0.9899688308085917,0.06825391493218323,False,False,False,False
2025-01-27 13:00:00+00:00,poultry_manure,0.9936274350647964,26.721854208376786,7.3821999769176765,348.1662327858765,2675.5886850208694,68.2836255389701,13.134263848349224,88.20770656518516,29.499808940513415,7.0,1,0,False,False,0.989326770163388,0.07517110662972859,False,False,False,False
2025-01-27 14:00:00+00:00,poultry_manure,0.9998596995479312,27.09180373405618,7.34636940803387,266.4052771371274,2545.8430908722094,75.0,12.378092048793365,89.97938579210917,26.74448159906312,7.0,1,0,False,False,0.9655543557466645,0.06794763814254329,False,False,False,False
2025-01-27 15:00:00+00:00,poultry_manure,0.9724514286612168,29.685744410133545,7.407674046963842,301.13993497305205,2449.5188613687496,75.0,10.7812145139714,90.94178252669161,32.45695594605894,7.0,1,0,False,False,0.9693365131092676,0.06243073774531062,False,False,False,False
2025-01-27 16:00:00+00:00,poultry_manure,0.9479926389092249,31.26332085003639,7.4697414206576305,368.2071424568773,2535.70486188781,71.69562493738823,12.888612960613655,85.69386905840337,31.497191723731472,7.0,1,0,False,False,0.9805850179596171,0.077103015766118,False,False,False,False
2025-01-27 17:00:00+00:00,poultry_manure,0.9042050674038989,32.47171396614399,7.382790894982313,360.40404478101806,2490.5755682834038,75.0,13.21131255172265,87.28699557782767,28.36470138830222,7.0,0,0,False,False,0.977590451124409,0.07359116468013308,False,False,False,False
2025-01-27 18:00:00+00:00,poultry_manure,0.7332385159203167,32.137021507735874,7.31520764844654,365.64493324853953,2451.416895963014,69.78699747365478,13.324353924067344,87.94769274434812,30.45216632126637,6.8739420602045005,0,0,False,False,0.9888565671669997,0.06645994631166698,False,False,False,False
2025-01-27 19:00:00+00:00,poultry_manure,0.6282339695375768,34.17665898738397,7.357602641823458,366.1535397945021,2391.403195380929,74.31051782529549,11.937591450172542,87.46980290110196,27.93254340573967,5.247908595006687,0,0,False,False,0.9790133913082594,0.05196570671000483,False,False,False,False
2025-01-27 20:00:00+00:00,poultry_manure,0.6070084182205004,34.07338321977819,7.3739169766818895,306.670546820118,2480.4111816376358,75.0,14.752371669399054,87.97930933468037,31.58194584730804,6.302706661156796,0,0,False,False,0.9704186831799243,0.05970922321865709,False,False,False,False
2025-01-27 21:00:00+00:00,poultry_manure,0.45303951652501767,32.54775803680293,7.410712549802111,239.59715015709554,2472.2082255633145,72.23858204972868,12.687475621897066,87.17584849527397,30.41874803064289,4.008643879547437,0,0,False,False,0.9923751415840858,0.03819932746227334,False,False,False,False
2025-01-27 22:00:00+00:00,poultry_manure,0.4373434473364136,31.996229191883828,7.451259439105037,263.98716144184976,2306.9577627562358,75.0,12.066198372956901,83.87899388086899,30.798638185957838,3.541084451884819,0,0,False,False,0.9916826262756372,0.03126543253246764,False,False,False,False
2025-01-27 23:00:00+00:00,poultry_manure,0.39370863020782754,31.937538473310852,7.345336557694928,263.6471785801123,2655.271440414822,73.56020404858447,10.820468468168363,86.4345481680355,28.10509113774482,2.9457667216328955,0,0,False,False,0.9751532537182901,0.02705574887659083,False,False,False,False
2025-01-28 00:00:00+00:00,poultry_manure,0.31830412030690675,30.790858201270225,7.42560791191491,207.6584359443241,2263.8233460875326,72.55028754505796,11.173098157688575,83.42855432392872,29.82581603775982,2.3736713044647626,0,1,False,False,0.9941236511660411,0.0211825052601776,False,False,False,False
2025-01-28 01:00:00+00:00,poultry_manure,0.323235290690723,29.716554508608642,7.283615021693181,177.91973941389628,2526.4163625405818,73.62772593704355,11.405951630062354,91.47066188891078,29.15327289855271,2.697876747013954,0,0,False,False,0.9885624871358389,0.022508014224832854,False,False,False,False
2025-01-28 02:00:00+00:00,poultry_manure,0.3435375535661137,28.700030108696296,7.429186974069958,177.80756763052196,2429.1174652584004,74.61329395546834,10.765174579017973,87.16956842789897,29.50650159422341,2.5789930903580367,0,0,False,False,0.9888908888373239,0.02073545002301254,False,False,False,False
2025-01-28 03:00:00+00:00,poultry_manure,0.380387882221526,27.867320946224684,7.436018879620926,202.62239108620136,2505.2200011890072,74.24999670131776,13.778089533718555,85.38649960428981,30.07399018218327,3.5800976551655093,0,0,False,False,0.9903696505095745,0.02856832058885947,False,False,False,False
2025-01-28 04:00:00+00:00,poultry_manure,0.43618353864531156,27.721154528810192,7.2809781279593135,169.1754022141585,2546.87676191746,69.8883135260653,12.804604527339961,83.26372192958134,25.75231567959032,3.7203281504436045,0,0,False,False,0.9535001341592033,0.03037028723746956,False,False,False,False
2025-01-28 05:00:00+00:00,poultry_manure,0.516264733996176,25.740862762097084,7.366391784170977,221.38552259224926,2487.7390259473523,70.75536657890653,9.915590147116813,89.8256977128978,30.432124147013294,3.6785919228087534,0,0,False,False,0.9852567092654512,0.027286155146942305,False,False,False,False
2025-01-28 06:00:00+00:00,poultry_manure,0.607882099151585,25.112453130141805,7.330414059746369,306.503787582962,2346.871739589792,69.11026945677305,12.074968759078622,88.6065058697532,29.44105808205844,5.2030855671196345,0,0,False,False,0.9940357370251913,0.03896549774282414,False,False,False,False
2025-01-28 07:00:00+00:00,poultry_manure,0.6215031994884203,25.142611701618,7.303758218182199,257.47526860380754,2437.442732801896,64.6977905779619,12.318504665956741,83.96942140034513,28.401183452565505,5.142952446564322,0,0,False,False,0.9824193111958713,0.04140438763686271,False,False,False,False
2025-01-28 08:00:00+00:00,poultry_manure,0.8097818962058143,25.008723218850395,7.273658245203187,355.8008661739113,2397.9529282059475,69.63150346362998,12.070806574365362,87.0286283556162,33.320013478722935,6.805444236447593,0,0,False,False,0.9664458323409438,0.05087130035855884,False,False,False,False
2025-01-28 09:00:00+00:00,poultry_manure,0.831497302812291,23.844439067316955,7.208863498434088,407.4463896621953,2551.1223856373595,61.904130418661516,14.789822659092883,88.05772750252476,33.24741686602525,7.0,0,0,False,False,0.9535767180442831,0.06703239374145908,False,False,False,False
2025-01-28 10:00:00+00:00,poultry_manure,0.8944260772120756,23.786616910165066,7.250634248878647,405.71678307654906,2473.653299866654,65.38381357968946,11.351434719020276,87.65444210240585,27.025614592662695,7.0,1,0,False,False,0.9670133195217283,0.05285432981624925,False,False,False,False
2025-01-28 11:00:00+00:00,poultry_manure,1.0209008409971623,24.735165903991753,7.2116946248474205,377.660986098098,2520.539702466986,69.05638868070199,13.701192782721172,88.31441585730202,28.2137112384657,7.0,1,0,False,False,0.9736311484710511,0.07224305365305328,False,False,False,False
2025-01-28 12:00:00+00:00,poultry_manure,0.9739108181022739,26.085803672511894,7.353940976455054,372.4649818661943,2533.40698463114,68.40833651429237,11.91584035718875,88.68961972263806,31.576351710221648,7.0,1,1,False,False,0.9838156846837273,0.06787168031049026,False,False,False,False
2025-01-28 13:00:00+00:00,poultry_manure,0.9679807292752776,26.46885273055529,7.326643597175847,378.2948983735376,2538.8735452758388,69.98359332228922,14.284045395238044,87.9722268163712,28.64433092735136,7.0,1,0,False,False,0.9750230822973233,0.07612317656059778,False,False,False,False
2025-01-28 14:00:00+00:00,poultry_manure,0.9063858570571417,29.908629352190957,7.457227931310712,320.3978499504635,2536.5847662751953,75.0,9.024394808951,85.14687002904637,29.68751614310834,5.571727685576251,1,0,False,False,0.9819971354758383,0.04684269336513097,False,False,False,False
2025-01-28 15:00:00+00:00,poultry_manure,1.0281107387701292,29.37955888215854,7.313199803099948,319.4364804113762,2548.978947801127,72.0476709969386,12.246278310519548,90.35699577084466,29.32475954081799,7.0,1,0,False,False,0.9920162038555821,0.07624886688521504,False,False,False,False
2025-01-28 16:00:00+00:00,poultry_manure,0.8320467791609963,31.525684703365,7.449463170440358,390.1645645234906,2393.7002281488944,73.30914478181026,14.070217878935285,87.9589727930108,30.56412770441906,7.0,1,0,False,False,0.984007633561133,0.07524782387040525,False,False,False,False
2025-01-28 17:00:00+00:00,poultry_manure,0.7881418442565618,31.575359766721775,7.37735453112044,338.05863613061854,2438.2194873879776,72.35988638840986,12.621559993598014,87.27435712695055,29.055395159922234,6.945348896050569,0,0,False,False,0.9874461516312323,0.06587106204695123,False,False,False,False
2025-01-28 18:00:00+00:00,poultry_manure,0.6811787060408355,33.31776169399441,7.450821074016291,326.8278652819892,2490.5877842189266,75.0,10.848220995535364,88.02954234223846,30.113532539394754,5.204008750306075,0,0,False,False,0.9931057795837293,0.050896913986753306,False,False,False,False
2025-01-28 19:00:00+00:00,poultry_manure,0.6614841342102217,34.39642984780971,7.384044698879799,328.62018520091544,2553.774505451071,75.0,10.240636082546398,88.6623106437202,29.569449498358086,4.804800913477662,0,0,False,False,0.9868976753963129,0.04543820284054369,False,False,False,False
2025-01-28 20:00:00+00:00,poultry_manure,0.5327230250618358,33.040545398051826,7.322261980202476,246.29233588680336,2423.8061696794493,74.47533780878426,11.217665815099588,85.39531810869084,28.967240530235802,4.082517109592339,0,0,False,False,0.9857607343778559,0.03699250778990447,False,False,False,False
2025-01-28 21:00:00+00:00,poultry_manure,0.5359346829910799,31.97783999463531,7.2984202436189065,280.807452524292,2456.6311652313248,68.72299455544824,10.797423653208336,87.31478062186945,30.409173934608226,4.042125183606535,0,0,False,False,0.9898953789199594,0.03848965520564373,False,False,False,False
2025-01-28 22:00:00+00:00,poultry_manure,0.4213270221805788,32.73626219040275,7.425550633350133,204.8418799599101,2360.2875164704674,74.74128580665237,10.640851222157831,87.83780372283285,29.054353063751762,3.1504104556494004,0,0,False,False,0.9837477867483068,0.028332707176778653,False,False,False,False
2025-01-28 23:00:00+00:00,poultry_manure,0.360362961349829,31.516175297916252,7.374087738994432,232.6061552651072,2424.2467321130907,72.6559907565737,13.724423987560641,88.66698887772871,27.443131848469047,3.50821515634531,0,0,False,False,0.9658091985468873,0.03204954127693203,False,False,False,False
2025-01-29 00:00:00+00:00,poultry_manure,0.35557151758024,29.859033206257678,7.372016205171744,226.36770730450004,2483.9631946413747,65.55644553209802,12.002449008848194,91.61115944730416,29.81469774153443,3.1277728215919574,0,1,False,False,0.9981347323711033,0.029317719804747493,False,False,False,False
2025-01-29 01:00:00+00:00,poultry_manure,0.31931202986365,31.041718758003817,7.360002568928057,133.50572666124935,2470.603939710711,73.32088595750075,11.080503591755912,87.72244734525147,28.02722100782567,2.482993061065314,0,0,False,False,0.9756747280370363,0.021821470910379108,False,False,False,False
2025-01-29 02:00:00+00:00,poultry_manure,0.3467946728922746,28.771520599469262,7.31237089744007,207.4955711384512,2285.6614243251565,72.19158112979486,10.861728708685769,88.61739098512484,31.070656474002895,2.670424572624371,0,0,False,False,0.9836020788033999,0.022062486861353398,False,False,False,False
2025-01-29 03:00:00+00:00,poultry_manure,0.4001255379366952,27.287316877626886,7.256067905911612,233.67961792549926,2426.9358658999427,71.01459841026428,10.61634692483089,88.7314507840903,29.65677199989955,3.0153584247081078,0,0,False,False,0.98964945462315,0.022928735768356797,False,False,False,False
2025-01-29 04:00:00+00:00,poultry_manure,0.41880309436061125,28.071741480115065,7.404627500650762,239.13203383962428,2394.878546186992,70.52158250778393,12.557991670443066,87.10893540806629,29.242449250643855,3.665074150685027,0,0,False,False,0.9896345341542232,0.031061512173255267,False,False,False,False
2025-01-29 05:00:00+00:00,poultry_manure,0.49685020334440333,26.15692898089014,7.423401880918552,271.40387766703265,2313.142404400384,72.51934997481597,12.287728792264472,88.63890079399837,32.52549154249173,4.329237761928893,0,0,False,False,0.9733064406137604,0.03345650692918258,False,False,False,False
2025-01-29 06:00:00+00:00,poultry_manure,0.565884087325769,25.49109313607729,7.253866522829748,258.83699767015514,2585.677579471864,66.98244034947147,11.195714821749489,86.80784774460413,30.039020616966855,4.399752887903045,0,0,False,False,0.9955883679390789,0.03482317039774762,False,False,False,False
2025-01-29 07:00:00+00:00,poultry_manure,0.6644548722923538,24.845923918866355,7.283743574490366,349.8820430436813,2556.5708537598234,67.664071429634,13.701223568907174,91.74134155379562,30.096627242406253,6.681591450237136,0,0,False,False,0.9905276097314015,0.049775673892452944,False,False,False,False
2025-01-29 08:00:00+00:00,poultry_manure,0.8789242659100502,25.42197647164798,7.355871467625082,366.57024123354097,2534.603135124469,66.35851353272301,11.093977672612427,90.91809213449648,32.668577859505056,7.0,0,0,False,False,0.9687841097680115,0.05830789485817362,False,False,False,False
2025-01-29 09:00:00+00:00,poultry_manure,0.7538055638280261,24.122048181714387,7.2530353637382845,326.29611616777635,2541.550698949602,64.76062000223348,11.355860899166531,88.20846364889718,31.516264322959074,6.040594010011014,0,0,False,False,0.9816166612662419,0.045305146840253545,False,False,False,False
2025-01-29 10:00:00+00:00,poultry_manure,0.9553673506185837,23.487325162820586,7.33102638556842,383.22718141575893,2463.3158108381595,64.0615142282044,12.214212474213472,87.85235771900136,30.961582712389852,7.0,1,0,False,False,0.9893131105050341,0.06129181604644969,False,False,False,False
2025-01-29 11:00:00+00:00,poultry_manure,0.9701096523233026,22.925041569521206,7.381480710112391,426.02270252456356,2490.7502266911038,68.9756093133292,10.921645177413527,87.38404961397431,31.476822015092836,7.0,1,0,False,False,0.9798400057361393,0.05049569236729353,False,False,False,False
2025-01-29 12:00:00+00:00,poultry_manure,0.9661446128543895,25.37819457999896,7.316156970581359,405.5397062372409,2486.1043786958858,72.06077248359357,12.431826811074695,88.92423677147872,29.81020885363933,7.0,1,1,False,False,0.9959429544810198,0.06368101444871005,False,False,False,False
2025-01-29 13:00:00+00:00,poultry_manure,1.0640051534221036,27.96189396887179,7.3469282540619645,348.36032298468143,2594.2745793779495,68.14959035156004,10.571985503063978,84.30583952945875,29.556438047280338,7.0,1,0,False,False,0.9884243079881233,0.062430219778442396,False,False,False,False
2025-01-29 14:00:00+00:00,poultry_manure,1.0636065856813597,27.988785178504905,7.33017417778531,376.56528953652247,2695.899262204155,75.0,11.152078202511502,87.3839718477886,27.15371104420702,7.0,1,0,False,False,0.9672975014546278,0.06290816089276531,False,False,False,False
2025-01-29 15:00:00+00:00,poultry_manure,0.9238011197531912,29.379728625719757,7.378765052752271,348.9041568740962,2527.829368505338,74.59133131566615,13.592991314012131,87.27841403013285,28.334136916429813,7.0,1,0,False,False,0.9753764125942375,0.07311083913546618,False,False,False,False
2025-01-29 16:00:00+00:00,poultry_manure,0.9096536393680167,31.858337563288124,7.371223218664568,326.03510603700397,2406.8907659525503,70.44279879935246,12.165401047028178,88.06489894162829,28.713332637974226,7.0,1,0,False,False,0.9863063211446014,0.07370829846254057,False,False,False,False
2025-01-29 17:00:00+00:00,poultry_manure,0.8180437530193146,32.3428163422532,7.4039689545675955,385.8014778217336,2504.9740749457537,75.0,12.413964129275342,88.13291835392599,32.03389840693609,7.0,0,0,False,False,0.9775911952842624,0.06298310102415615,False,False,False,False
2025-01-29 18:00:00+00:00,poultry_manure,0.7795784602277824,32.44822441303797,7.405032429405793,413.5989376868831,2604.1522168319902,75.0,11.469783346946873,86.56211861686299,28.389495143471926,6.192027976834096,0,0,False,False,0.9812438681694536,0.05890766750123233,False,False,False,False
2025-01-29 19:00:00+00:00,poultry_manure,0.681066913613673,33.40896493205022,7.3465621637622815,337.3776881134535,2243.910986840885,67.82860581280462,12.835057749601944,89.10776838116489,30.458933208463485,6.2315081023401016,0,0,False,False,0.9912353791673554,0.06560763088231134,False,False,False,False
2025-01-29 20:00:00+00:00,poultry_manure,0.587159010780136,33.309538681887,7.381629681949947,317.43948905983905,2670.8857776182253,75.0,11.87724277688659,91.16356041074133,30.73463233001474,5.0860734672719055,0,0,False,False,0.9920398905842855,0.04811191712958671,False,False,False,False
2025-01-29 21:00:00+00:00,poultry_manure,0.5171809945455026,33.299518414937495,7.481018296873861,294.365135970409,2459.80882460546,73.6014852517801,10.964938861665702,88.76990167652879,30.70439853394858,4.02721204643106,0,0,False,False,0.9877807089688427,0.03961461454562822,False,False,False,False
2025-01-29 22:00:00+00:00,poultry_manure,0.44752631148218286,32.44684522265313,7.365695163249349,288.55781887850276,2519.694258474571,69.45561844159488,13.529444142242488,88.43205128433421,32.00989982821243,4.283494503823306,0,0,False,False,0.9722537810066632,0.04156146877258601,False,False,False,False
2025-01-29 23:00:00+00:00,poultry_manure,0.4111876985654593,31.631682384949034,7.391434486800462,273.6836740280882,2517.1872206295952,73.43382911128454,12.31353580425684,88.40437045279866,27.451627744700264,3.580853996938138,0,0,False,False,0.9729485984257185,0.03306962936350267,False,False,False,False
2025-01-30 00:00:00+00:00,poultry_manure,0.33397963540909814,30.113843698126193,7.356926129534333,228.96823376982624,2672.1101164522674,66.97236596215348,13.12246124467887,88.7059074227706,33.00468676460496,3.11012479042427,0,1,False,False,0.964340826130556,0.0284702323638138,False,False,False,False
2025-01-30 01:00:00+00:00,poultry_manure,0.3364234963437152,30.490281315486943,7.437653151571075,203.30331042448398,2545.858325015255,74.90485181973078,11.780767861533965,85.7798060565803,27.851920298550883,2.719787449140929,0,0,False,False,0.9774230422931787,0.023436201249594724,False,False,False,False
2025-01-30 02:00:00+00:00,poultry_manure,0.39175198652566434,29.36331141254829,7.346107091649546,170.2116369032864,2458.374448354992,71.29202829834051,11.130307054323675,86.4509347577095,29.525455773836953,3.01562984900843,0,0,False,False,0.990906093009988,0.024967913532864473,False,False,False,False
2025-01-30 03:00:00+00:00,poultry_manure,0.3705576877948939,28.379684390869656,7.289207569029146,184.21040132390152,2492.0197085830328,72.56216618009539,12.465467250867755,88.09295132853961,31.04680846888527,3.255333871539385,0,0,False,False,0.9872045790568085,0.0256898117835691,False,False,False,False
2025-01-30 04:00:00+00:00,poultry_manure,0.4632625937128918,27.35918348195289,7.345874102543056,314.2459100306379,2437.1359113549856,67.84240831961408,12.491719587722901,89.30740912070972,29.385295707754764,4.13453752916861,0,0,False,False,0.9913943591389331,0.03551516273203229,False,False,False,False
2025-01-30 05:00:00+00:00,poultry_manure,0.48152729468854527,25.989993161737992,7.360942313724293,268.84875741049217,2432.3587950375836,73.10477933569157,12.51063961102508,88.86786409172565,27.760804399468835,4.282872565684372,0,0,False,False,0.9750548459395629,0.03108978320261535,False,False,False,False
2025-01-30 06:00:00+00:00,poultry_manure,0.6090625402943258,25.00408688976066,7.307514341507519,299.153913487649,2490.106905951206,68.65887355481065,12.692600222520312,88.15635951280382,25.4362675445624,5.452003490420296,0,0,False,False,0.9508996743330225,0.03960948019495875,False,False,False,False
2025-01-30 07:00:00+00:00,poultry_manure,0.6692077118251868,22.646531623136013,7.302639232196022,334.49516648993,2327.982299955564,65.50960387039912,11.297079538688656,82.25201700693093,29.578411520854907,4.974663018518352,0,0,False,False,0.9922695129019923,0.03639448419322365,False,False,False,False
2025-01-30 08:00:00+00:00,poultry_manure,0.778067277146895,24.226427860917074,7.361808634004004,409.4454019944967,2431.975986502807,67.96843148723974,13.937052903779708,88.86578555172753,32.940568210764226,7.0,0,0,False,False,0.9609090533734592,0.055335652798203704,False,False,False,False
2025-01-30 09:00:00+00:00,poultry_manure,0.8315530148133853,22.224025414082295,7.330064674263275,378.5501876231513,2536.2380779515984,67.31069684700081,12.698172062312546,88.6786326043831,32.52760449141905,7.0,0,0,False,False,0.9712330947742468,0.04952279104905044,False,False,False,False
2025-01-30 10:00:00+00:00,poultry_manure,0.9730075588081746,24.36216282290506,7.348013519724481,387.57782005849214,2530.1954757423605,70.89394099645403,12.887417834654146,90.51359527590321,25.656876231689846,7.0,1,0,False,False,0.9521316731436278,0.06461090339844222,False,False,False,False
2025-01-30 11:00:00+00:00,poultry_manure,0.9655835015173738,24.97089408843522,7.4237217572139285,325.17508696984544,2405.8689351415014,69.31021122435861,10.124267822343919,91.03903476501529,30.610472128559422,7.0,1,0,False,False,0.9845166178261253,0.051468077664551345,False,False,False,False
2025-01-30 12:00:00+00:00,poultry_manure,0.992748563153809,26.099345837160488,7.4013918662394955,339.3394633533625,2432.304616128597,68.88970360514331,10.419194969419374,86.22042124606797,30.710754738720787,7.0,1,1,False,False,0.984988427459889,0.05563095729990922,False,False,False,False
2025-01-30 13:00:00+00:00,poultry_manure,1.0367580807116041,26.88957148256687,7.312497771606239,337.8278036023397,2446.705062586413,69.82112384932174,10.96910272161304,87.99602822442097,27.71998117628474,7.0,1,0,False,False,0.9720453253709126,0.06367618766091614,False,False,False,False
2025-01-30 14:00:00+00:00,poultry_manure,0.9656504839932586,28.896601100374067,7.2976330829852385,361.9606029734187,2458.130450882856,72.04289763496833,10.340041937464104,86.23641320671709,27.808391397695917,6.888472587444835,1,0,False,False,0.9697841236642797,0.0583407953304258,False,False,False,False
2025-01-30 15:00:00+00:00,poultry_manure,0.8542491687271029,30.553831444893124,7.471655184577603,373.7402019896779,2563.5186005111427,74.25727887577756,11.705220657389052,86.26751124881653,28.675916131265055,6.900831545609287,1,0,False,False,0.9852852645995958,0.05989213980471819,False,False,False,False
2025-01-30 16:00:00+00:00,poultry_manure,0.8451293942496175,30.821838015659758,7.422644789302631,408.35986422150677,2506.8655023944007,75.0,12.410113189664427,89.58888709234988,28.169829326413222,7.0,1,0,False,False,0.9796477273158102,0.06416675769048538,False,False,False,False
2025-01-30 17:00:00+00:00,poultry_manure,0.813540109449276,31.938360956348383,7.419054136811338,342.01476436129246,2446.6480338986394,69.10118413323416,12.277076574521448,88.26413425512486,28.923466791557907,7.0,0,0,False,False,0.9878492850429718,0.07060063150387008,False,False,False,False
2025-01-30 18:00:00+00:00,poultry_manure,0.8279683238593134,33.52889463160179,7.414822929464015,412.9215792190759,2352.8474308017935,71.80447399598329,12.72634257641452,89.79937829864389,28.195867765379596,7.0,0,0,False,False,0.9783269647717233,0.07520525908097891,False,False,False,False
2025-01-30 19:00:00+00:00,poultry_manure,0.7520386515644406,33.3184499868607,7.361291642037103,365.6361044275678,2594.406714358097,73.72247344468205,14.541609802983311,85.50221668078409,31.732524132809942,7.0,0,0,False,False,0.9699667096569841,0.07240024324695217,False,False,False,False
2025-01-30 20:00:00+00:00,poultry_manure,0.5481950197583975,34.70677781349153,7.404519222115518,228.7075084673914,2517.773071816418,75.0,10.770731282407006,87.78775927328068,28.576120387695248,4.146715381543151,0,0,False,False,0.9796148602889875,0.04032452789756168,False,False,False,False
2025-01-30 21:00:00+00:00,poultry_manure,0.5104295317648764,32.85463233689553,7.324150537257165,222.35046192585324,2483.051218486877,72.6463629698804,11.146370022721587,86.96482642036503,28.764936452298297,3.958246813613548,0,0,False,False,0.983381214636591,0.037614023112729926,False,False,False,False
2025-01-30 22:00:00+00:00,poultry_manure,0.42156639099374504,32.59922879249604,7.395806854218887,260.0036789290616,2334.9500026739133,73.30879069778464,13.090392999630494,85.47541935631087,26.054329335156144,3.7735481174382675,0,0,False,False,0.9550913283534089,0.03573569009935012,False,False,False,False
2025-01-30 23:00:00+00:00,poultry_manure,0.38760697379951686,30.94703379294464,7.3212725326272565,187.56012758549974,2528.899722533752,75.0,11.409800494816363,84.29762977601129,29.658849735366033,2.9824624431646187,0,0,False,False,0.9936374998277421,0.025211299544140798,False,False,False,False
2025-01-31 00:00:00+00:00,poultry_manure,0.3266402698267327,31.00696087213477,7.393858886351137,200.91903944855255,2486.860771707047,75.0,10.648338912515703,89.9968243179734,28.584653207931776,2.504198568169674,0,1,False,False,0.9790882266418962,0.02120254605340923,False,False,False,False
2025-01-31 01:00:00+00:00,poultry_manure,0.3436206880930878,29.721174066349636,7.35522241379125,179.3076184184639,2579.3631643083445,75.0,11.131032741475263,86.15397853180829,26.768638358649756,2.6362105154654314,0,0,False,False,0.9633415472938739,0.021142459556379948,False,False,False,False
2025-01-31 02:00:00+00:00,poultry_manure,0.3351065356502263,28.065372998537466,7.304388437969656,202.12032339963758,2514.384695534576,62.16884236479041,12.236647970338225,86.02796811501065,28.179431071137625,2.822117012109363,0,0,False,False,0.9806110708596851,0.025937514789678696,False,False,False,False
2025-01-31 03:00:00+00:00,poultry_manure,0.3599558095924967,26.851624472068288,7.2811100111806555,199.130796076021,2465.2342835366294,63.205937872779835,12.076959255539446,88.79849953985335,29.627589203595317,3.088178555428792,0,0,False,False,0.9958910957582559,0.025661818327799027,False,False,False,False
2025-01-31 04:00:00+00:00,poultry_manure,0.42207514556165787,27.195452732889503,7.211924166687775,225.2374699306427,2437.714465681146,71.11871079552176,12.014778703056365,88.48467700338075,30.78488281950297,3.5897451043247703,0,0,False,False,0.9920772782896885,0.027537810441786468,False,False,False,False
2025-01-31 05:00:00+00:00,poultry_manure,0.4552760995608252,25.501610328527946,7.318523437697326,253.26423758821346,2606.070230936222,71.72982803241476,12.343883676875578,88.11047512375433,33.130895438377486,3.9613590018215405,0,0,False,False,0.9669716272318473,0.028584820655724274,False,False,False,False
2025-01-31 06:00:00+00:00,poultry_manure,0.6075550293733684,25.106073961234248,7.2632482092227075,271.5979271214997,2254.7686001956913,59.235125904870515,12.429681858382686,85.92843972255757,35.31830742443959,5.1912571969005885,0,0,False,False,0.9446685164636908,0.04472472037488433,False,False,False,False
2025-01-31 07:00:00+00:00,poultry_manure,0.6461302266464968,24.494358336677955,7.3577718287432265,301.47653909484984,2271.2485160256992,65.28431864053495,10.78163215083152,92.0,29.540100712093828,5.127225080973642,0,0,False,False,0.9893091678750958,0.03898464614513073,False,False,False,False
2025-01-31 08:00:00+00:00,poultry_manure,0.8194848978118985,23.874763850109403,7.278783134947927,403.0172711340534,2671.5824713066895,69.92009162443169,11.357261021079047,89.97757389419462,27.265664463126118,6.699445022070913,0,0,False,False,0.9694429497366565,0.04616154196716549,False,False,False,False
2025-01-31 09:00:00+00:00,poultry_manure,0.8792168156113037,25.01491597579696,7.36293007769823,326.3033823183426,2591.488852624029,73.2533061764832,12.727470960351198,91.69945257666866,30.04784039605327,7.0,0,0,False,False,0.9958842412377114,0.05755851336453472,False,False,False,False
2025-01-31 10:00:00+00:00,poultry_manure,0.9702882492834892,23.998638076703834,7.365444807642369,357.29470664697755,2545.2924101682574,66.87924013510761,12.393371624998403,85.05710616936192,28.338115083060618,7.0,1,0,False,False,0.9814142927056142,0.06097390999120745,False,False,False,False
2025-01-31 11:00:00+00:00,poultry_manure,0.9478870505146662,24.184888645067186,7.326541662066518,337.21454750688264,2395.2350459848035,69.06200275974597,10.700345109653403,87.51161950982906,29.98029886618326,7.0,1,0,False,False,0.9933047142100996,0.049479292027664434,False,False,False,False
2025-01-31 12:00:00+00:00,poultry_manure,1.0678521254635065,25.09461482779933,7.325530994113466,392.9550155133708,2643.1655013832096,67.1753733852455,11.867658705614048,86.01671327700909,31.558651914420807,7.0,1,1,False,False,0.9837517743838622,0.06845554639826518,False,False,False,False
2025-01-31 13:00:00+00:00,poultry_manure,1.0798725679156023,27.503861911762364,7.323221703932121,352.583072255267,2834.533174910687,70.25791017801964,12.205344729274405,85.68351667228228,30.254669931333805,7.0,1,0,False,False,0.9964265770402899,0.07510648072192816,False,False,False,False
2025-01-31 14:00:00+00:00,poultry_manure,0.9816978639722465,28.128042999571765,7.3154901532599945,440.65189405603445,2499.534037644281,72.25046461695462,10.68683646995455,88.9600346443183,30.465678532917256,7.0,1,0,False,False,0.9887773970206002,0.06133340798190864,False,False,False,False
2025-01-31 15:00:00+00:00,poultry_manure,0.9710748786144101,30.470417193855685,7.399843467371593,338.14517683115594,2506.6053553021175,69.31704654939513,9.081033095210437,89.15575209565286,29.828504496682402,6.289662363042601,1,0,False,False,0.9836902104428762,0.05831733571138481,False,False,False,False
2025-01-31 16:00:00+00:00,poultry_manure,0.9808026756117738,31.2848442297762,7.417540120601259,393.08403875234177,2500.919691712353,72.61110744603778,11.027333790112813,88.83705082487363,28.137254440847105,7.0,1,0,False,False,0.9765092133590352,0.06846276063246688,False,False,False,False
2025-01-31 17:00:00+00:00,poultry_manure,0.8511732797049679,31.712244825118567,7.485579612429596,369.6950086028031,2458.630340621173,75.0,13.038327864623902,92.0,27.806888096995966,7.0,0,0,False,False,0.9728772416468402,0.0746938890817108,False,False,False,False
2025-01-31 18:00:00+00:00,poultry_manure,0.7356667148665085,33.02412246546408,7.439670567036893,302.31356628161586,2554.2279914399564,71.62783958340972,10.61766505735353,90.73256520484736,27.532361251731565,5.669742098452159,0,0,False,False,0.9684119378040833,0.053595108462995,False,False,False,False
2025-01-31 19:00:00+00:00,poultry_manure,0.7122804395381009,33.52470553264994,7.431071335593958,300.2070652099278,2324.267971744703,74.66498579981084,12.206288254512843,86.04893397927962,31.25169238588831,5.985082223491112,0,0,False,False,0.9864516348685526,0.05635794387865909,False,False,False,False
2025-01-31 20:00:00+00:00,poultry_manure,0.6238658687342266,32.78091867185313,7.331528920415798,266.8290812653113,2470.2499454218846,75.0,10.760911682067315,88.8463720221325,29.266113385033336,4.771665360462588,0,0,False,False,0.9864656922606699,0.04216077759461881,False,False,False,False
2025-01-31 21:00:00+00:00,poultry_manure,0.48391567458051393,33.14801895833058,7.407572977323388,245.39683839802322,2503.6713705482393,75.0,11.482564790124517,88.85398930458986,31.16622153219228,3.949803701300058,0,0,False,False,0.9857506086286998,0.03631421860448141,False,False,False,False
2025-01-31 22:00:00+00:00,poultry_manure,0.446395188346555,32.59731722294378,7.418581650873575,244.73770668588026,2346.6910509518757,75.0,14.080683629255528,89.61420593822851,28.95219628000518,4.506196161793528,0,0,False,False,0.9791185446537741,0.0411101892121888,False,False,False,False
2025-01-31 23:00:00+00:00,poultry_manure,0.3834497349212065,31.51789042332667,7.388498698206473,232.60746354547166,2449.4922305346026,72.23880672531065,12.552582861954109,89.70616463970977,29.34346017993638,3.4542503854660276,0,0,False,False,0.9906716874895933,0.031010265485004733,False,False,False,False
2025-02-01 00:00:00+00:00,poultry_manure,0.36913261335477393,31.201235117438692,7.368768145902997,202.94500894307586,2479.6975531548446,71.15145645985295,13.829847692609933,91.40212454973668,30.618320591338552,3.7328977341915826,0,1,False,False,0.9846675556235648,0.03511600570225449,False,False,False,False
2025-02-01 01:00:00+00:00,poultry_manure,0.3252017587187141,29.921689717389967,7.328207089509027,197.5752615817025,2398.508965803401,66.64350830900776,9.427400257470437,90.2035216849432,29.850854482375993,2.212372809474802,0,0,False,False,0.9856455461111121,0.020913279681804692,False,False,False,False
2025-02-01 02:00:00+00:00,poultry_manure,0.37250711686282734,29.9920187936946,7.3008051489967905,219.43530698861696,2244.725844913239,72.5698949460738,12.00677554298348,90.94237741925878,27.78650975117843,3.253997813421824,0,0,False,False,0.9778312197968669,0.02664696612767226,False,False,False,False
2025-02-01 03:00:00+00:00,poultry_manure,0.40093299593457793,29.53569756307858,7.3637459340815,240.07879093341654,2307.7433026828294,75.0,12.82954252098552,88.73853552969332,27.97666877612638,3.651616946441025,0,0,False,False,0.9756189751563362,0.029726227245833833,False,False,False,False
2025-02-01 04:00:00+00:00,poultry_manure,0.4284901776098737,26.730520974628494,7.28500160050072,259.2846144208793,2710.425601775412,71.16869639046662,12.383301078299075,84.73145007564533,30.4681962764156,3.596763886156133,0,0,False,False,0.9934015318443487,0.02648715022923728,False,False,False,False
2025-02-01 05:00:00+00:00,poultry_manure,0.4926921285588151,24.86257812327358,7.32777606452498,247.1714745707578,2444.099858452138,72.38338542124653,12.079498104680328,89.93759870287835,25.776798483029992,4.282089978448395,0,0,False,False,0.9573704943068982,0.030597541076038473,False,False,False,False
2025-02-01 06:00:00+00:00,poultry_manure,0.5533624232396281,25.41113831574341,7.332637132794334,290.3650989799804,2852.599434532123,68.38625138304826,11.127015017188144,86.32902998743538,31.545143120313057,4.252410548427281,0,0,False,False,0.9801836438828102,0.032743153844637087,False,False,False,False
2025-02-01 07:00:00+00:00,poultry_manure,0.7239221160019927,24.81943474510588,7.334553137763988,360.0301042837804,2365.041327422624,69.333115638918,13.397319046034335,86.72400979729657,30.576660437249537,6.7288226416027,0,0,False,False,0.987246800397333,0.051228114888006576,False,False,False,False
2025-02-01 08:00:00+00:00,poultry_manure,0.7258339175467605,24.241072096309054,7.325440250908011,307.6411228072515,2389.5852658672234,66.60349972812342,11.485380678799455,87.06651080018786,30.062419822742875,5.80662500844967,0,0,False,False,0.9968027051665685,0.04353651586734994,False,False,False,False
2025-02-01 09:00:00+00:00,poultry_manure,0.8363515978540796,23.258252189403905,7.342395768691805,349.6260482755447,2321.7403498215876,75.0,13.691664809124104,87.36032403945417,31.68220984874275,7.0,0,0,False,False,0.9747195774669519,0.05208414493120661,False,False,False,False
2025-02-01 10:00:00+00:00,poultry_manure,1.002143790402731,24.371746972589627,7.304287130681966,391.4963739681549,2413.9452834423787,66.67525030974686,12.113621330305236,88.63986975378124,29.685452695227685,7.0,1,0,False,False,0.9962864203007507,0.06471818417429175,False,False,False,False
2025-02-01 11:00:00+00:00,poultry_manure,1.0072253684248746,25.06126249222283,7.358795592194156,352.39578821783317,2281.989194742947,74.17601016748614,13.212775101642634,90.20034720493211,31.9974972683176,7.0,1,0,False,False,0.9739611518086109,0.06501192810731508,False,False,False,False
2025-02-01 12:00:00+00:00,poultry_manure,1.0177326052737248,25.207159108955416,7.3321564720968775,359.53930986947023,2536.7641430630692,66.88365630431151,10.908701841420504,89.93818993283979,31.3063802089918,7.0,1,1,False,False,0.9814797071171846,0.06065418958217581,False,False,False,False
2025-02-01 13:00:00+00:00,poultry_manure,1.0265748376822654,28.115162037601866,7.35394735062356,404.61541549993694,2504.427461737793,68.72832521413065,12.112065913609054,89.55939015210761,29.371971498877343,7.0,1,0,False,False,0.9931593854207281,0.07515215038871371,False,False,False,False
2025-02-01 14:00:00+00:00,poultry_manure,0.9919459828020855,27.89369876664322,7.316557870249606,415.22775905740934,2603.7507674323588,64.04670266216641,12.857905428165068,87.89282691497063,28.31057217497674,7.0,1,0,False,False,0.9788161946089421,0.08192656080978708,False,False,False,False
2025-02-01 15:00:00+00:00,poultry_manure,0.9009313940519422,30.216366691115716,7.413663404597234,392.5122928901676,2524.150840672756,69.85985927863813,11.149321588168233,90.86493186015541,30.352518222252336,7.0,1,0,False,False,0.9922214257183177,0.06448966479850816,False,False,False,False
2025-02-01 16:00:00+00:00,poultry_manure,0.9412325929298843,30.899397401782448,7.356557036535184,364.20691616664914,2450.085236526868,72.33574295354857,10.88357535036759,87.72277618688608,29.546147097585553,7.0,1,0,False,False,0.9898793477276935,0.06309664478979164,False,False,False,False
2025-02-01 17:00:00+00:00,poultry_manure,0.7965122298792014,31.14455500308989,7.4308428792554935,330.46163199186947,2471.609906384736,75.0,11.412844458364976,89.05037875927091,28.843153451475285,6.476078507297711,0,0,False,False,0.9854957568065777,0.05644816610189875,False,False,False,False
2025-02-01 18:00:00+00:00,poultry_manure,0.8456354147056772,32.77961090993413,7.3987250378201725,390.8371918039291,2629.217771783608,75.0,11.456848667425728,85.06818123450311,29.857131759021307,6.593340033679556,0,0,False,False,0.9958555609273417,0.06270612914160682,False,False,False,False
2025-02-01 19:00:00+00:00,poultry_manure,0.6204904074023417,33.14637242246422,7.437000067000709,363.4984557076164,2283.7021705683924,69.87289419340716,13.81259713668318,84.92265980327683,28.49765836567569,5.822694331509001,0,0,False,False,0.975913597973341,0.05554212275065632,False,False,False,False
2025-02-01 20:00:00+00:00,poultry_manure,0.5797592759433822,34.894135655444714,7.463301856491997,255.41721368871276,2521.8969503898606,75.0,9.799603851921262,87.6089057719237,33.79436409339763,3.9819377714134916,0,0,False,False,0.95105437832563,0.039910093740585774,False,False,False,False
2025-02-01 21:00:00+00:00,poultry_manure,0.5076417557524198,33.67665172110606,7.479752409003687,253.3014701219237,2569.2032072299126,73.90614669511592,11.34676517088427,89.2684536330263,29.70095032098757,4.113555897490315,0,0,False,False,0.9937433290642971,0.04128168786909981,False,False,False,False
2025-02-01 22:00:00+00:00,poultry_manure,0.42352961013684204,33.552805572620386,7.380491315140607,249.30390554923926,2487.107265850163,74.58396030789278,13.588322825827714,89.32950696815931,32.68446625198853,4.11277128426218,0,0,False,False,0.9652137233509762,0.040162272583616,False,False,False,False
2025-02-01 23:00:00+00:00,poultry_manure,0.3838086830895482,32.39287942393809,7.341907992606648,220.84094225194605,2630.9963058975113,73.22720584814684,11.829094265230188,81.56140490731444,31.403344896846846,2.962381407860214,0,0,False,False,0.9851120223576825,0.02673577446901642,False,False,False,False
2025-02-02 00:00:00+00:00,poultry_manure,0.3616034950589982,30.884354760592835,7.406795896798211,219.88565348197795,2536.981923992182,73.33172026252961,13.418221661990119,89.79882672899515,33.656046910559986,3.485685748565438,0,1,False,False,0.9563484225844495,0.0307231284110763,False,False,False,False
2025-02-02 01:00:00+00:00,poultry_manure,0.36272956215305774,29.657655180203367,7.340898346032067,193.6046697035952,2509.038837232284,72.23742962862559,11.995151665386432,86.23367381605188,30.606174095096016,3.001619035663151,0,0,False,False,0.9939140173759721,0.025563150575906274,False,False,False,False
2025-02-02 02:00:00+00:00,poultry_manure,0.35215505379832684,30.150420147235494,7.259008712496067,159.32645476876598,2257.2178366540315,62.056928065550466,11.545351507765126,90.89280460140108,27.683568000231396,2.956382184750468,0,0,False,False,0.9745624375411396,0.029339920528996862,False,False,False,False
2025-02-02 03:00:00+00:00,poultry_manure,0.383195552540884,27.365284155101396,7.3545923180075405,232.12073898442853,2528.1795746940757,74.66874216081081,13.796511069388842,90.4020324929447,30.77449062671648,3.8234720111371776,0,0,False,False,0.9832725383858909,0.029251089207038842,False,False,False,False
2025-02-02 04:00:00+00:00,poultry_manure,0.44513820048713476,27.018626373980567,7.28221494608946,238.15986381609576,2628.17166465141,67.76435533428122,12.635672707789368,86.1529318777209,32.27816717758655,3.876620450761929,0,0,False,False,0.9740399646851876,0.03228384136805897,False,False,False,False
2025-02-02 05:00:00+00:00,poultry_manure,0.5083818455678852,25.674595525141743,7.339913279275931,279.890328675809,2476.1577517109467,64.54869151170001,11.934478860262827,89.29663017002329,27.165101930197125,4.334295829198693,0,0,False,False,0.9713234136032854,0.034462241938024746,False,False,False,False
2025-02-02 06:00:00+00:00,poultry_manure,0.5665858980864656,25.62496442326901,7.3869434790084005,287.7459100655879,2455.9363257605846,72.12233991681296,10.802999176090081,88.73324523038076,30.761516099789585,4.344966738681965,0,0,False,False,0.9863998348825546,0.031321638419430316,False,False,False,False
2025-02-02 07:00:00+00:00,poultry_manure,0.6763754257955858,25.762349390288566,7.316738858253376,316.8373195898668,2667.6340910249432,68.49203872615139,11.757016065436732,84.23780065061867,33.74444193058718,5.358977558602772,0,0,False,False,0.9613406610213118,0.0403348424898374,False,False,False,False
2025-02-02 08:00:00+00:00,poultry_manure,0.8115932003197593,24.039972670643376,7.3915108593424375,354.8793357268096,2381.831640981139,63.820292455642814,11.259405640436132,87.38133495125868,31.560151877329037,6.38796499630498,0,0,False,False,0.9806955094288903,0.04924981003806874,False,False,False,False
2025-02-02 09:00:00+00:00,poultry_manure,0.8497874640314507,23.4078021552623,7.189463225245231,313.85359867268846,2385.440427474478,65.12042638881907,10.932325688574142,85.67329831414705,33.114651333283106,6.367344616107917,0,0,False,False,0.9635151151100397,0.04497469025961632,False,False,False,False
2025-02-02 10:00:00+00:00,poultry_manure,0.9154043397015074,24.79421999594179,7.367919815894251,337.3595273483802,2490.5994833869377,69.02111385990658,13.082281971127664,87.86376813010027,29.67258744115997,7.0,1,0,False,False,0.9913144645559613,0.0615977415702139,False,False,False,False
2025-02-02 11:00:00+00:00,poultry_manure,0.9625442689682806,23.617836715430613,7.314837434759946,394.18996515762643,2452.3811137609346,70.14749027971548,10.889617802625104,88.92716206440942,28.00670228544499,7.0,1,0,False,False,0.9745151118675754,0.051370996033352684,False,False,False,False
2025-02-02 12:00:00+00:00,poultry_manure,1.031875376407295,25.92738223325388,7.310624392064707,383.0691379482831,2596.551439808094,68.69884430564605,10.691460608474248,87.86697982959097,30.544012664364907,7.0,1,1,False,False,0.9880171763987222,0.06263985783550982,False,False,False,False
2025-02-02 13:00:00+00:00,poultry_manure,1.0356000253597568,26.66512128380705,7.278362974436441,355.3118152040345,2607.7383821854673,64.78859047508276,13.161163552528452,90.15815188496953,30.118159731199302,7.0,1,0,False,False,0.9930125849253647,0.07994220337276792,False,False,False,False
2025-02-02 14:00:00+00:00,poultry_manure,1.025593572812105,28.717837284204755,7.367292355558304,368.65377213579643,2608.997282408578,75.0,11.94546463220611,89.55227276001675,31.8699039902942,7.0,1,0,False,False,0.9810282832580886,0.07032821751869585,False,False,False,False
2025-02-02 15:00:00+00:00,poultry_manure,0.9530989923631786,30.028675136847824,7.33577370147197,370.16465271484344,2479.7424102428963,67.18871488455834,10.00645210227994,89.16878665801298,30.16337272006219,6.8033211991711475,1,0,False,False,0.9883985333107778,0.06269418222842145,False,False,False,False
2025-02-02 16:00:00+00:00,poultry_manure,0.8070326773504236,30.39555605652022,7.447171524445266,418.4041207559371,2549.8022953591435,68.40543597754781,12.446754246529897,86.66952678617457,28.691213325055017,6.964719771141909,1,0,False,False,0.9846783620179007,0.06485428764409606,False,False,False,False
2025-02-02 17:00:00+00:00,poultry_manure,0.8185401727170802,33.159128258870666,7.376716712453039,332.74964278266845,2520.92094684406,75.0,11.041686093987595,86.85956577812439,30.938086348915952,6.280338267673303,0,0,False,False,0.9858275669807784,0.059484278719164806,False,False,False,False
2025-02-02 18:00:00+00:00,poultry_manure,0.7619430755269568,33.62927778722378,7.418270695291299,321.77963620650627,2334.3275157222106,75.0,11.908830526831846,87.80463579361043,31.65343661515408,6.3738094285809295,0,0,False,False,0.9830097864826184,0.06151267313571427,False,False,False,False
2025-02-02 19:00:00+00:00,poultry_manure,0.6448375448577645,32.68704602003499,7.429290104958083,339.14815551542813,2493.5407299180624,75.0,12.494718692719363,83.69445651924114,25.927122265082083,5.394652557173971,0,0,False,False,0.9567976291872241,0.049687726792628874,False,False,False,False
2025-02-02 20:00:00+00:00,poultry_manure,0.6085420184987969,32.62941825606696,7.387048857937956,325.4257886350837,2337.3474312669186,72.95645593001075,13.87274599628388,90.76401179359739,26.993532778134853,6.129946382785694,0,0,False,False,0.9605715977999291,0.05678421693832382,False,False,False,False
2025-02-02 21:00:00+00:00,poultry_manure,0.48398967581753316,32.78790640432777,7.346840814508117,274.43232830182956,2523.5463283735908,75.0,12.643722586571762,84.21681551164187,31.363041059809493,4.1228720644241355,0,0,False,False,0.9831509764690463,0.037551128690442095,False,False,False,False
2025-02-02 22:00:00+00:00,poultry_manure,0.3881747856441501,31.623510691085105,7.389611315637019,222.20287535237878,2437.069375933497,73.10529658024936,10.83095974259175,90.297573544802,32.43006487195479,3.0371086636810447,0,0,False,False,0.9698541499934108,0.027074370238467635,False,False,False,False
2025-02-02 23:00:00+00:00,poultry_manure,0.3990682500872479,30.85174934679,7.326402880586243,259.31316466588424,2394.060359131422,75.0,13.326282185433406,85.8350578538784,28.513108773326774,3.65183269950609,0,0,False,False,0.9784996768061007,0.030955978304980265,False,False,False,False
2025-02-03 00:00:00+00:00,poultry_manure,0.3452609105459297,31.487555326977333,7.344404158598643,213.81333759356195,2466.97498357795,75.0,11.39957861387349,85.05284669635705,25.840209034789964,2.6780276110397696,0,1,False,False,0.9553999834172672,0.0239987129775109,False,False,False,False
2025-02-03 01:00:00+00:00,poultry_manure,0.3379407945988027,30.04708009566015,7.337026326955293,209.99399602319903,2480.8707719313625,68.73487982035454,10.949190364080524,88.89466537952407,26.153262775987912,2.6314087465578724,0,0,False,False,0.9562785795802817,0.023636542491551938,False,False,False,False
2025-02-03 02:00:00+00:00,poultry_manure,0.31809207673797235,29.514943047723357,7.3711105373091454,213.5916546017798,2333.1764449268503,70.18826431524654,12.563594878269889,89.76012391337689,29.964104492771305,2.8697245020750226,0,0,False,False,0.9968230705363637,0.025188605621256147,False,False,False,False
2025-02-03 03:00:00+00:00,poultry_manure,0.37614622738340997,29.31774539406552,7.383319988321725,206.41284154174744,2479.199907910008,73.90753239686688,12.398075508434399,87.8684245472125,28.030329439890487,3.278187682075234,0,0,False,False,0.9783129168567328,0.02749906647594416,False,False,False,False
2025-02-03 04:00:00+00:00,poultry_manure,0.4335075688101408,26.923186293742365,7.425262271541572,203.13219421796504,2392.774854085107,71.66420678839775,10.600344233746021,87.9265096652723,32.211720390523325,3.2324102395545493,0,0,False,False,0.9708845172634968,0.02516396394322995,False,False,False,False
2025-02-03 05:00:00+00:00,poultry_manure,0.5084687409894768,25.70382736751735,7.306151937051039,323.22992678589094,2650.3942793336946,66.34203994143115,12.800838454685536,85.5615737800461,29.279024614810684,4.455243313730541,0,0,False,False,0.9887860538746792,0.035833855218854814,False,False,False,False
2025-02-03 06:00:00+00:00,poultry_manure,0.6148404680497302,25.178642524285614,7.344109566586253,303.6684958947517,2600.938718111248,67.21122344697534,11.857538898774532,88.20732164697282,28.427895227694208,5.1446001346318555,0,0,False,False,0.9835666467708147,0.04094059295418079,False,False,False,False
2025-02-03 07:00:00+00:00,poultry_manure,0.6538643718212838,25.183942952883474,7.273335150483576,310.8012681605881,2509.2945129708683,69.64818301554445,13.863690887833199,86.38150376691247,28.73686777572708,6.264368363446217,0,0,False,False,0.9780502233181048,0.04722021873860704,False,False,False,False
2025-02-03 08:00:00+00:00,poultry_manure,0.7541389371605942,24.303803687549106,7.210025799103543,322.7119806726411,2392.4273301797302,68.36936204323548,10.559922938079486,87.69954548059604,27.35414485107419,5.587267224148167,0,0,False,False,0.9663410632011393,0.04065339430161371,False,False,False,False
2025-02-03 09:00:00+00:00,poultry_manure,0.916569112757537,22.91376130186603,7.288541044724252,363.4553858099096,2641.364797012433,63.831163054749865,11.398739934706501,87.92660418189797,29.454475392218455,7.0,0,0,False,False,0.991538453595717,0.05276335775660559,False,False,False,False
2025-02-03 10:00:00+00:00,poultry_manure,0.9075323384956628,23.757971887832426,7.371157280840088,372.12298038346546,2367.2727926329217,71.48244993286491,13.165224964869914,89.89456722141658,30.459700119410897,7.0,1,0,False,True,0.9895768739815415,0.0,False,False,False,False
2025-02-03 11:00:00+00:00,poultry_manure,1.0382251855070743,23.6819171160286,7.280021593982695,315.74979081792856,2503.531467058346,63.535280538731904,12.162670640384645,90.17010977880363,26.21038641451792,7.0,1,0,False,True,0.961290510943256,0.0,False,False,False,False
2025-02-03 12:00:00+00:00,poultry_manure,0.9136700336676663,25.07720166203726,7.296241588885744,386.6661080138548,2479.1820896269055,66.50218164093073,11.713888502937733,89.43441692570691,31.23701607689317,7.0,1,1,False,True,0.986199281745757,0.0,False,False,False,False
2025-02-03 13:00:00+00:00,poultry_manure,1.0043243847937018,26.102666123066417,7.339413346517646,415.2935417193976,2424.4215473177355,68.86255483034748,12.465241035010848,88.08015850722568,30.85701040366217,7.0,1,0,False,True,0.989103690788324,0.0,False,False,False,False
2025-02-03 14:00:00+00:00,poultry_manure,1.0640327918015342,28.709414283537857,7.375236691515551,372.8202878186548,2461.0879830295426,71.12545192840994,9.360164939813778,84.51253843909551,28.88928866417626,6.733636179383371,1,0,False,False,0.9756937113408315,0.05856179003752322,False,False,False,False
2025-02-03 15:00:00+00:00,poultry_manure,1.0021239763214842,30.2482130984381,7.481088126739109,372.81966643976807,2780.2987193419694,68.05094638644482,12.260023102555005,90.73338991909453,26.24488337778883,7.0,1,0,False,False,0.9611487182651133,0.08153492246231672,False,False,False,False
2025-02-03 16:00:00+00:00,poultry_manure,0.9843525923281748,30.894790034480284,7.33284998591851,400.1713861144146,2482.9786109522597,69.59710573227075,11.547630422450883,86.67739985705111,29.418915487594646,7.0,1,0,False,False,0.9919273069882009,0.07350463840975047,False,False,False,False
2025-02-03 17:00:00+00:00,poultry_manure,0.8289553919515033,31.38552822389545,7.379475634261908,331.2143696876886,2637.3647874649396,73.35613312269714,10.231637308482146,86.31627712359318,29.212215864800633,5.856781004587897,0,0,False,False,0.9832803451904171,0.051398793045391175,False,False,False,False
2025-02-03 18:00:00+00:00,poultry_manure,0.7681852778912938,32.85184668988766,7.437703990067999,346.5609062188266,2390.2721048786234,75.0,12.590129743477418,87.01561648848964,29.20651562615544,6.732608697197047,0,0,False,False,0.9891145075441674,0.05924033459099531,False,False,False,False
2025-02-03 19:00:00+00:00,poultry_manure,0.5954133098799504,33.225842028675814,7.422438738264944,284.7393485303191,2374.241511106924,72.01003148902998,11.624967564169632,86.32934111118793,30.184393551995186,4.780339063922719,0,0,False,False,0.9962809023008963,0.046068997403335074,False,False,False,False
2025-02-03 20:00:00+00:00,poultry_manure,0.5465788352311921,32.72608417631583,7.335438603998699,254.22593943690973,2315.171150335601,71.2204273492268,13.23519678336073,88.19915622544688,32.25187493958552,5.104316917157681,0,0,False,False,0.9713052666873412,0.04894656141602806,False,False,False,False
2025-02-03 21:00:00+00:00,poultry_manure,0.5200571619186454,32.51360434677246,7.328451070078248,217.22467303402271,2568.8800708968406,75.0,12.497845145799221,86.88465677045212,27.184914394835953,4.517719864941817,0,0,False,False,0.9693599182193634,0.041820935666986865,False,False,False,False
2025-02-03 22:00:00+00:00,poultry_manure,0.4229127188971826,32.32510196334488,7.390725159056464,199.21675568459415,2466.693912133011,67.43500708074373,12.05486181474913,90.32811810269519,27.232686006426906,3.684053531878939,0,0,False,False,0.9720525509905235,0.036170641483040826,False,False,False,False
2025-02-03 23:00:00+00:00,poultry_manure,0.3993270570967382,31.31747169760097,7.437734684492009,238.96396170359193,2541.3261794581445,69.97750249762271,12.037315343627226,85.19590339138637,31.19501981164534,3.276174871500442,0,0,False,False,0.9878632251654105,0.030372020346322602,False,False,False,False
2025-02-04 00:00:00+00:00,poultry_manure,0.34390431989643905,30.479125121144186,7.255308348309748,216.6168445741619,2538.0082110298217,73.65754091884355,13.043039147130369,86.70830631089053,31.460196381354624,3.1114807545283636,0,1,False,False,0.9801828404508018,0.025718269363001547,False,False,False,False
2025-02-04 01:00:00+00:00,poultry_manure,0.34697475094851976,30.009341609965013,7.444435677432015,143.87316064627208,2463.0084161123577,69.06646318823891,10.275091900563115,82.75623463648148,29.55250768378787,2.36033853568007,0,0,False,False,0.9869005363406943,0.022144835020046588,False,False,False,False
2025-02-04 02:00:00+00:00,poultry_manure,0.3344043311423457,29.09925690635674,7.399222165183927,224.88481666319984,2490.575347224494,73.08350358385962,13.53151413156362,88.2390008113946,28.64297078769458,3.1942496639935687,0,0,False,False,0.9787721372191277,0.026469699310815963,False,False,False,False
2025-02-04 03:00:00+00:00,poultry_manure,0.3627679380019925,28.395686443015233,7.32642388641777,273.9569540675518,2521.140901249464,70.89608692213262,12.682851901488322,91.26341937389404,31.787026874985976,3.359174316587543,0,0,False,False,0.9787154717426987,0.028162269295184995,False,False,False,False
2025-02-04 04:00:00+00:00,poultry_manure,0.46043494999507817,27.66866596733463,7.414346024911695,289.4373398795928,2412.9106184620878,72.84893167368837,13.711561304237597,86.75523372634699,30.17662839214588,4.381682074093469,0,0,False,False,0.9896759095573532,0.03419027633355819,False,False,False,False
2025-02-04 05:00:00+00:00,poultry_manure,0.5210175319603221,25.79960245516212,7.4278544265118205,275.1047400834542,2535.047417711653,73.48782567263818,11.661171501452234,86.92606653878465,28.768413018799336,4.225076092300297,0,0,False,False,0.9859899876952546,0.03118719465226336,False,False,False,False
2025-02-04 06:00:00+00:00,poultry_manure,0.5882650537257023,25.437758140898588,7.284507439383567,298.47509280768566,2483.7985147033705,66.98565837970882,11.613216547756558,86.92071601787572,28.394058750251208,4.750494898663341,0,0,False,False,0.982006670241295,0.037221046409573355,False,False,False,False
2025-02-04 07:00:00+00:00,poultry_manure,0.7039676606686437,24.97098015567405,7.293690197573695,315.0305759716363,2365.466394935149,70.46794431030688,11.046296520032659,89.8226151889799,29.795583471102972,5.587854486041217,0,0,False,False,0.993187317311193,0.040876784597532634,False,False,False,False
2025-02-04 08:00:00+00:00,poultry_manure,0.7971010292322208,23.118254092024337,7.237189085256986,401.38716549857986,2430.4878277738208,66.51475603739591,12.81189270406068,89.99561760238615,31.215949468949212,7.0,0,0,False,False,0.9837810417902045,0.05028153276310347,False,False,False,False
2025-02-04 09:00:00+00:00,poultry_manure,0.8927956933255342,24.014674153225585,7.357162976419229,371.75105314898747,2570.2313514660245,71.0401773393265,11.219484421923605,84.61499645429502,33.15654473635766,6.780509270954044,0,0,False,False,0.9645319747460415,0.046281558686872205,False,False,False,False
2025-02-04 10:00:00+00:00,poultry_manure,0.899144099600835,23.955847921040743,7.284988815011076,392.4734690431247,2452.8333874446303,66.74904073505033,12.740195166503046,88.66304949510312,30.535927569233163,7.0,1,0,False,False,0.9909397484751531,0.05925009790667444,False,False,False,False
2025-02-04 11:00:00+00:00,poultry_manure,0.9316175093151634,24.706544922743102,7.281774356423855,366.9430594753033,2475.3732890901097,70.22860910266577,12.348740337624669,91.32724725288021,29.676839684981402,7.0,1,0,False,False,0.9950246951616907,0.06186079219878558,False,False,False,False
2025-02-04 12:00:00+00:00,poultry_manure,1.003928309740908,26.902721313561894,7.280844121761313,336.64053791892513,2431.984650805921,70.1706566090384,11.717825991867315,86.39389518505023,28.443518464574076,7.0,1,1,False,False,0.9830243146050773,0.0643862294244916,False,False,False,False
2025-02-04 13:00:00+00:00,poultry_manure,1.0309953069549096,26.852550295484846,7.429508410587763,397.9130397748555,2372.5436506822043,69.40295620673109,11.938125018998974,86.86615508995128,29.516420711724816,7.0,1,0,False,False,0.994854832212243,0.06860462456785356,False,False,False,False
2025-02-04 14:00:00+00:00,poultry_manure,0.9349721275653579,28.853992872580445,7.335697471020678,382.55727425058836,2669.8744294255835,75.0,12.843470759620375,85.76084824682714,27.88004163752946,7.0,1,0,False,False,0.9745830625771927,0.06591044623396311,False,False,False,False
2025-02-04 15:00:00+00:00,poultry_manure,0.8600072910205793,30.33787589408892,7.360856104288042,371.23730486216704,2351.4371587211594,72.13009754319287,11.840009467460646,86.70045829898739,32.31899906308905,7.0,1,0,False,False,0.9760100567064127,0.06078327251046563,False,False,False,False
2025-02-04 16:00:00+00:00,poultry_manure,0.932762507062551,31.315205249424793,7.3829070715334195,368.4297253255096,2634.765141449329,70.17618075130989,12.633510576120138,84.7584021117591,28.153425803181964,7.0,1,0,False,False,0.9783667051512189,0.07603845938892016,False,False,False,False
2025-02-04 17:00:00+00:00,poultry_manure,0.8961993201479631,32.35397480731528,7.415586667444652,360.9565244853846,2493.8742707710203,75.0,9.890950858416154,88.66823904709292,29.75859767929619,6.287829033797851,0,0,False,False,0.9870407310850426,0.05551293554171088,False,False,False,False
2025-02-04 18:00:00+00:00,poultry_manure,0.7675883351703154,32.0931413077092,7.457178392701634,382.0236357019952,2379.6355520282164,74.24011248036254,10.942865459446505,86.52234274517954,31.18474890198234,5.814035552784135,0,0,False,False,0.9828668382774092,0.054710820368806284,False,False,False,False
2025-02-04 19:00:00+00:00,poultry_manure,0.6666465265577116,33.134987470154016,7.438241217440754,278.7259640758651,2506.992823784718,74.72583550612042,11.428458044452507,88.27619079961143,32.08277617198437,5.380428080157444,0,0,False,False,0.9763145285024188,0.05257172070258314,False,False,False,False
2025-02-04 20:00:00+00:00,poultry_manure,0.59339252761144,33.31096336443231,7.379007645023352,295.7864962074553,2484.5728769739912,75.0,13.005118518936918,86.93570941325036,28.63266331341399,5.367160428541376,0,0,False,False,0.9813010405394553,0.05038430529422626,False,False,False,False
2025-02-04 21:00:00+00:00,poultry_manure,0.511895049349417,32.91571981125882,7.378020191659908,231.79167697322316,2544.6113762569526,72.20987572455797,11.44063225564534,86.73211313782716,33.775616128441385,4.06350566969773,0,0,False,False,0.9594469999938129,0.03937068344240549,False,False,False,False
2025-02-04 22:00:00+00:00,poultry_manure,0.4144229888708202,31.971338486031023,7.393152133365293,262.0994365191185,2553.0600131618744,72.11674210735657,12.60524720249793,91.75178166351566,24.52412684962207,3.8344201562146973,0,0,False,False,0.9422150324837311,0.03554824148869092,False,False,False,False
2025-02-04 23:00:00+00:00,poultry_manure,0.38819353688012775,31.86813752943443,7.408129798418077,131.35323043005076,2541.524311962104,68.69070003607312,11.472231866106794,86.4075301436785,27.327011176330654,3.0784903384075797,0,0,False,False,0.9706312710938405,0.02965727781862434,False,False,False,False
2025-02-05 00:00:00+00:00,poultry_manure,0.3699293871774977,30.821001723127427,7.430748018472654,260.097849393973,2395.7185648191607,70.46328776476433,10.94476848409198,87.09109098260201,28.746597818714154,2.820909349858652,0,1,False,False,0.9821898206076014,0.026067394156712147,False,False,False,False
2025-02-05 01:00:00+00:00,poultry_manure,0.3444997045965566,29.198979679524854,7.3127979008461566,203.52681656919052,2349.800366814951,74.11842839714967,11.720206617737144,87.06697695461472,31.433026306954567,2.812338384815095,0,0,False,False,0.9842707700191401,0.02240515556191065,False,False,False,False
2025-02-05 02:00:00+00:00,poultry_manure,0.3467191427334868,28.67968356508442,7.326997564897099,198.89793092042177,2339.0512293093607,70.35342771041576,11.763265033512049,88.95768710582573,29.79795397486066,2.9025464059795647,0,0,False,False,0.9967958649161669,0.02426199399540055,False,False,False,False
2025-02-05 03:00:00+00:00,poultry_manure,0.3974338371815242,27.143980898200297,7.25062925678141,236.55040999436858,2554.9737056154386,70.21226642208354,12.69551643354613,86.18125130830424,31.66655853792071,3.4787081472314605,0,0,False,False,0.9798568324530622,0.027341620021252334,False,False,False,False
2025-02-05 04:00:00+00:00,poultry_manure,0.44994765966513794,26.095507909217154,7.324495870582351,285.8368027071939,2580.839451262806,69.98494879035678,12.790371212843292,89.99325083876391,29.249591631951418,4.143287536043005,0,0,False,False,0.9885440602552977,0.03187834916361847,False,False,False,False
2025-02-05 05:00:00+00:00,poultry_manure,0.4805702134723554,26.42368449422748,7.263163072775145,253.72562087249946,2460.7853531617643,69.82207082719806,12.912848505102536,89.72927228945775,31.376550758398732,4.454541788873775,0,0,False,False,0.9816702498905,0.034826410012981354,False,False,False,False
2025-02-05 06:00:00+00:00,poultry_manure,0.6263695855879612,25.45615227066341,7.350666947345959,332.95943144097083,2425.0676446399775,67.92446410301768,13.403230261048577,88.65169423840061,31.521581564217637,5.954114296265649,0,0,False,False,0.9777680330525808,0.04495992365665465,False,False,False,False
2025-02-05 07:00:00+00:00,poultry_manure,0.7032716121062379,25.519030933582044,7.241974832244591,411.4774736600352,2637.266673858769,66.04004974750214,12.141124589863534,86.26173902679176,31.506606905782327,5.892372571754347,0,0,False,False,0.9842283079928591,0.04690968845060319,False,False,False,False
2025-02-05 08:00:00+00:00,poultry_manure,0.7760040788559472,23.399299789948724,7.27579130146992,295.8555245306477,2395.2097122632363,69.9926987179721,10.60307237693117,86.56515583542554,31.649210593434496,5.698083801729097,0,0,False,False,0.976523255950311,0.03871865352012159,False,False,False,False
2025-02-05 09:00:00+00:00,poultry_manure,0.8642178615733941,24.322707581735035,7.341720279008009,341.9957919499062,2207.596736794479,69.53732539516464,10.872814947922597,82.60602629633472,33.26062359487336,6.209647575694081,0,0,False,False,0.9617578387908794,0.04501702165576492,False,False,False,False
2025-02-05 10:00:00+00:00,poultry_manure,0.9247249345227051,24.445373094460344,7.294096459466647,399.5008220055135,2523.6939735085443,71.42898596024129,11.691415725679677,85.5797507857983,28.371824274566002,7.0,1,0,False,False,0.9821753213740584,0.052829484962736185,False,False,False,False
2025-02-05 11:00:00+00:00,poultry_manure,0.9322739311222439,24.882787201510563,7.340363883484242,357.5310465403039,2511.1440527385107,64.63867753926036,13.26474067807637,90.74303067377808,30.557007111385783,7.0,1,0,False,False,0.9881062254957603,0.07268841161033363,False,False,False,False
2025-02-05 12:00:00+00:00,poultry_manure,1.03407669081846,26.110530848301842,7.342728645768275,368.74767883616886,2514.515827775911,74.00569976487455,11.060460860201706,88.55277515111031,26.109076148657433,7.0,1,1,False,False,0.9563930657875829,0.06006599548063566,False,False,False,False
2025-02-05 13:00:00+00:00,poultry_manure,1.0153673226328106,27.344341005796622,7.339061337724583,327.60510603803505,2322.853940010682,71.93805290883917,10.864289863362602,91.47607763358842,27.9441767979755,7.0,1,0,False,False,0.973763217296568,0.06339553902416897,False,False,False,False
2025-02-05 14:00:00+00:00,poultry_manure,1.058297805151372,28.418711010363708,7.311468867220055,321.36238682730425,2544.7070281242663,68.50563609861696,12.4039119846478,88.59340110362838,33.86886271712424,7.0,1,0,False,False,0.9592918129055187,0.08220115473693244,False,False,False,False
2025-02-05 15:00:00+00:00,poultry_manure,0.9427098961686906,29.285987906238514,7.384343590934453,382.0026809247311,2523.7587685473027,69.907096248963,11.450177949303006,87.35866882888637,31.77296435595597,7.0,1,0,False,False,0.9795212461869552,0.06629370121765248,False,False,False,False
2025-02-05 16:00:00+00:00,poultry_manure,0.8793957577839363,31.581091631605215,7.3275369916467525,330.14067605349805,2449.5592256547584,73.7311582300686,13.05304171497621,87.7760735344565,31.326114903671698,7.0,1,0,False,False,0.9814736423884021,0.07446330516472188,False,False,False,False
2025-02-05 17:00:00+00:00,poultry_manure,0.8073699984636142,30.50409972327696,7.439641381027699,308.54226517684475,2486.7013930649196,74.37432056984798,11.537048799487772,88.08004234239853,30.638539700327637,6.563490160516561,0,0,False,False,0.9912998469941625,0.05748455831967919,False,False,False,False
2025-02-05 18:00:00+00:00,poultry_manure,0.8027641152584655,32.168239048343146,7.3399189990248574,323.42725743851764,2582.5672721599813,69.92345407190533,11.808815694235454,84.43158256884153,29.610828233285776,6.403084184320218,0,0,False,False,0.995152360804035,0.06194166521355409,False,False,False,False
2025-02-05 19:00:00+00:00,poultry_manure,0.6741677947826721,33.259535030342846,7.391072231154501,301.28155162901913,2622.604415201582,74.06682518674454,11.940237846959876,88.38387576787346,28.53954334595379,5.6917263194956025,0,0,False,False,0.9850966226943372,0.05429570746418333,False,False,False,False
2025-02-05 20:00:00+00:00,poultry_manure,0.5720154069849818,32.66174042750984,7.402690213181727,328.49479189186854,2625.6998654586932,75.0,11.826800960364707,89.80798445294586,30.901039132356054,4.860488848552158,0,0,False,False,0.990123613478263,0.045097278978179806,False,False,False,False
2025-02-05 21:00:00+00:00,poultry_manure,0.4745738170291377,33.159798553607104,7.4108608251624615,296.22444285988166,2594.501314043482,70.735979252025,11.281990965102644,89.33903434883644,31.240730647449645,3.8266678036004027,0,0,False,False,0.9840026483510167,0.03807510097848172,False,False,False,False
2025-02-05 22:00:00+00:00,poultry_manure,0.49228316179273673,31.81950041557023,7.3644651200880915,272.26508600079904,2400.233686713067,75.0,11.044299302444616,86.05306054550529,25.23292286740213,3.742910623934099,0,0,False,False,0.9475507251862443,0.032764724159827195,False,False,False,False
2025-02-05 23:00:00+00:00,poultry_manure,0.3848393179162875,32.30634353376749,7.411407669447789,222.14881945370922,2589.912578216861,75.0,12.525051315297796,88.19774574822792,27.526364945407874,3.4009983575477296,0,0,False,False,0.9726383928775898,0.029642634249328528,False,False,False,False
2025-02-06 00:00:00+00:00,poultry_manure,0.33826111260499064,30.49958668324777,7.393470190464408,237.4957985464005,2428.621427718699,70.61745195006112,11.711568362072699,87.79930775466427,30.857013820889208,2.782583525683132,0,1,False,False,0.9899877036014714,0.024256379469767334,False,False,False,False
2025-02-06 01:00:00+00:00,poultry_manure,0.32979576666633653,29.516961062461075,7.270296770192178,177.19729484259744,2499.93200302471,71.01460435523798,11.911278275756695,89.72628729396547,27.889786138350814,2.8197664074403708,0,0,False,False,0.9784542527622916,0.02363384638872126,False,False,False,False
2025-02-06 02:00:00+00:00,poultry_manure,0.36963592403784573,28.80379013822695,7.343696596356754,206.1120579543138,2456.868903071201,70.57334386258736,10.615114508411912,87.30655770946171,29.58524430344157,2.7405372431309445,0,0,False,False,0.9889280155764753,0.023201895520997613,False,False,False,False
2025-02-06 03:00:00+00:00,poultry_manure,0.37743787244801447,28.231023618626885,7.327075747550514,234.94598970185177,2527.71131864313,71.50938133627189,11.951399347458599,89.125925452438,33.48822230636973,3.2163127564559653,0,0,False,False,0.9648747736735958,0.02627167107750897,False,False,False,False
2025-02-06 04:00:00+00:00,poultry_manure,0.41312149264545145,26.56917193887258,7.399118951791522,228.99318948670043,2374.9731020282848,74.9317352365793,12.418516745065716,84.00924438901197,32.74883798713756,3.4479787651042155,0,0,False,False,0.9704190364032957,0.02466449402214453,False,False,False,False
2025-02-06 05:00:00+00:00,poultry_manure,0.5042086013474033,25.26564257654876,7.388638205363901,252.79869339689665,2384.4278478511696,66.64086259996449,12.675901985814752,86.86454493831137,29.471578231851737,4.441418102316955,0,0,False,False,0.9913362723894436,0.034868769015683164,False,False,False,False
2025-02-06 06:00:00+00:00,poultry_manure,0.635944327156816,24.930195046379247,7.34323644060694,345.35624885733824,2397.1376466050624,66.85401460345552,13.901008564020016,90.08007544009358,28.132644837189115,6.370655733902962,0,0,False,False,0.9718214055517911,0.047003191714333405,False,False,False,False
2025-02-06 07:00:00+00:00,poultry_manure,0.7174951980058266,23.83807512879691,7.3552538208249665,281.4545869846498,2548.8291843385223,65.94586399980946,11.597748543745924,86.19466869052395,32.098773480979574,5.738033492402021,0,0,False,False,0.9770010079089338,0.042656885355899454,False,False,False,False
2025-02-06 08:00:00+00:00,poultry_manure,0.8131808056398075,23.972044096733747,7.352732216720471,375.5854070131322,2670.1875396866117,72.27899752660849,11.95597971961302,90.50358885012034,33.52771309084821,7.0,0,0,False,False,0.9645027676895831,0.047430920817021736,False,False,False,False
2025-02-06 09:00:00+00:00,poultry_manure,0.8156531424448693,23.853008645266254,7.382008218435508,352.0394607122013,2398.4668244581153,71.67289351095512,10.86718940766566,86.93335883195215,28.507656127186753,6.164519021802283,0,0,False,False,0.9794125083101958,0.04172609712292162,False,False,False,False
2025-02-06 10:00:00+00:00,poultry_manure,0.8481787405205906,23.701829776182564,7.352096109489713,350.4303348715376,2309.8745811332183,68.24900017979283,10.467587015010192,81.85428067977034,31.597436877509846,5.81387039201859,1,0,False,False,0.9763635662999525,0.040613593791906426,False,False,False,False
2025-02-06 11:00:00+00:00,poultry_manure,0.9492754287726751,24.9021347837947,7.38320948539832,332.1746399416463,2622.1403170755957,72.54551402788171,12.901699939344756,89.37918423661766,28.704502321735177,7.0,1,0,False,False,0.982536523520628,0.06126306873507177,False,False,False,False
2025-02-06 12:00:00+00:00,poultry_manure,0.98053851876336,26.290029962016508,7.2809736185218314,380.73875191730036,2577.7642714474377,74.37076952013255,10.616458066124055,85.83695527267162,28.531572881189152,7.0,1,1,False,False,0.9783980191425118,0.053024177048875534,False,False,False,False
2025-02-06 13:00:00+00:00,poultry_manure,1.0129852766105472,25.88627205709371,7.376253468564211,380.44181148167655,2502.044813573562,74.41767463550613,12.251515921654779,88.75367944791189,30.99791366417336,7.0,1,0,False,False,0.9887632837499926,0.06176315872097264,False,False,False,False
2025-02-06 14:00:00+00:00,poultry_manure,1.0472877485674041,29.466393388228692,7.317460370822087,390.42630398997926,2536.2271499186863,72.3691509877432,12.780920542675887,90.45442389667554,30.941093683304793,7.0,1,0,False,False,0.9866844604535726,0.07860541354952565,False,False,False,False
2025-02-06 15:00:00+00:00,poultry_manure,0.9403988915272192,29.77145947829989,7.420882855947491,419.6896379356503,2498.968815976409,74.57209242480383,13.769520625560125,88.54738367177708,29.992003538201978,7.0,1,0,False,False,0.9910724322542191,0.0768613205660332,False,False,False,False
2025-02-06 16:00:00+00:00,poultry_manure,0.8786124986457596,31.123590182253444,7.396543928582401,369.1746355259892,2513.811774140057,75.0,12.879341659467084,87.85777392989851,28.486631759943734,7.0,1,0,False,False,0.9804696093021019,0.07119784894125629,False,False,False,False
2025-02-06 17:00:00+00:00,poultry_manure,0.7977401763452908,31.168293473587575,7.48254907754486,435.7344108478719,2422.322860424362,75.0,13.078733338211453,88.80248639586829,25.83000881399524,7.0,0,0,False,False,0.9529064214488951,0.06509277137449478,False,False,False,False
2025-02-06 18:00:00+00:00,poultry_manure,0.790323271834592,31.504933524452472,7.371976369273782,382.5298173436784,2481.544450092594,75.0,12.738135593313482,86.49912580201622,35.859681557690195,6.966463133310443,0,0,False,False,0.9377125064565306,0.06065363753540084,False,False,False,False
2025-02-06 19:00:00+00:00,poultry_manure,0.6889661627758419,34.286266977591495,7.463409751726632,376.54375097080055,2377.921719119718,71.90273714552511,13.12312399633351,91.56446060013663,30.102648783922994,6.622958803208256,0,0,False,False,0.9933578921791024,0.06690989305674623,False,False,False,False
2025-02-06 20:00:00+00:00,poultry_manure,0.6140869845849308,33.41894142383745,7.4609867331054405,311.1770241843634,2443.7853922962486,75.0,11.343033987916133,92.0,31.47709884496112,5.126688619735278,0,0,False,False,0.9819441814899694,0.04961868059473722,False,False,False,False
2025-02-06 21:00:00+00:00,poultry_manure,0.47385727504194014,33.72422716053427,7.4139874443443885,332.2384276506789,2650.1262664664628,75.0,14.230805828722877,90.49900794098279,33.303711955341974,4.88214699249926,0,0,False,False,0.9558088513029659,0.04828528765305912,False,False,False,False
2025-02-06 22:00:00+00:00,poultry_manure,0.42595227067617775,32.76750632182184,7.411155292377465,245.63158253762484,2539.366030362439,75.0,11.448918446862702,85.71370989146742,28.85657932586226,3.3439954614394813,0,0,False,False,0.9858103854929361,0.030282227633883812,False,False,False,False
2025-02-06 23:00:00+00:00,poultry_manure,0.4074124992826659,30.774100490970284,7.314243902203985,229.91179296785387,2603.986991210218,70.58644960135041,11.401861639539806,88.59937783435113,29.54240523344724,3.2925378382876693,0,0,False,False,0.9924333605321715,0.02910725667155403,False,False,False,False
2025-02-07 00:00:00+00:00,poultry_manure,0.3560822033896696,30.755522128110393,7.3718874810312816,174.66280935932735,2504.133796413721,74.13821092315847,13.386198610369346,85.3559610200663,29.030059033090552,3.2548529790505576,0,1,False,False,0.9833695972790588,0.02828100549703479,False,False,False,False
2025-02-07 01:00:00+00:00,poultry_manure,0.3574521854508297,30.037423174305147,7.400553876650526,210.59957405907176,2666.63857682601,65.74735998544725,14.387598293234376,85.82309963661687,25.88577397923515,3.5310221593362163,0,0,False,False,0.9469197483261795,0.03456273978660133,False,False,False,False
2025-02-07 02:00:00+00:00,poultry_manure,0.365851228530736,29.0348625555353,7.301713600609053,226.328702486401,2654.604596633929,70.02577127282117,12.91095825334601,87.4383709053289,27.817287553461192,3.3041141216781984,0,0,False,False,0.9736180842678819,0.02802420186589038,False,False,False,False
2025-02-07 03:00:00+00:00,poultry_manure,0.39680204329882385,27.92541983301727,7.285225875993868,235.10647106422425,2483.0654162627366,70.6173704841752,12.89770556985382,88.42412474870449,30.776165257306204,3.620321297486537,0,0,False,False,0.9877498195776688,0.028659898936518675,False,False,False,False
2025-02-07 04:00:00+00:00,poultry_manure,0.42302223716933723,27.398807169883817,7.405222092529476,231.53712104421663,2489.477946222131,70.31016809984617,11.431979818351396,87.67398112368247,29.638870938732943,3.3919181308352218,0,0,False,False,0.9935486084790863,0.027298482914444238,False,False,False,False
2025-02-07 05:00:00+00:00,poultry_manure,0.503381607082978,25.470474716419726,7.402852575673748,309.4413611048326,2508.458690740183,71.05422241394706,11.749138532859565,88.944750055648,30.990975065173185,4.208367650324524,0,0,False,False,0.988835942012566,0.03156840740130211,False,False,False,False
2025-02-07 06:00:00+00:00,poultry_manure,0.5969922073114979,24.558993368463273,7.350580483458772,221.85813420246674,2549.4155151408686,69.99899571574711,11.02975413140379,89.47883156233739,29.662002389898174,4.713513823105359,0,0,False,False,0.9917687945560006,0.03460072727045637,False,False,False,False
2025-02-07 07:00:00+00:00,poultry_manure,0.7542948662437226,24.242533260063954,7.259057073825652,353.03432801686193,2618.9198434551354,63.54064669606,11.255338036109688,89.03514223248321,31.733236105757236,6.047155529802354,0,0,False,False,0.978944329122976,0.045011706093880714,False,False,False,False
2025-02-07 08:00:00+00:00,poultry_manure,0.790636348959997,24.299439930807388,7.235023114288534,332.70242307582214,2659.5021917701843,67.94996487924165,13.789770522596267,88.5230444060729,29.24956316539039,7.0,0,0,False,False,0.9835467790409226,0.0547992471837439,False,False,False,False
2025-02-07 09:00:00+00:00,poultry_manure,0.8397836658549118,23.608790859120628,7.327533870677719,365.82214361234344,2472.4373553627115,68.65438486864967,10.64270077575646,87.9036110923663,30.046154133952637,6.285154797532477,0,0,False,False,0.9927519625392559,0.04331431658651816,False,False,False,False
2025-02-07 10:00:00+00:00,poultry_manure,0.9221597231947614,23.987061983606782,7.3565073843279665,399.86021560509596,2592.116464507572,69.33546771072244,12.929188019620751,91.89395163522771,32.752959327124366,7.0,1,0,False,False,0.9678244666306527,0.061791883617944424,False,False,False,False
2025-02-07 11:00:00+00:00,poultry_manure,0.988235637778581,25.058202573957594,7.25922458368644,302.0641651365539,2347.5995048426657,66.44710957317862,13.218915804215992,88.8102908011754,29.88037036187731,7.0,1,0,False,False,0.9927091245976931,0.07039534528535893,False,False,False,False
2025-02-07 12:00:00+00:00,poultry_manure,0.9913885359675322,26.060381739017906,7.364743553327321,400.4312198671464,2410.9987787495793,72.8791860971088,11.849685808526848,89.87421385630853,34.26769590228519,7.0,1,1,False,False,0.9565714700197823,0.06328919788753475,False,False,False,False
2025-02-07 13:00:00+00:00,poultry_manure,1.049633324347223,26.690751140201492,7.331874844518248,331.9408596669978,2459.2683025869633,70.93650970540592,12.240589814466631,86.38102069445637,27.08000515088128,7.0,1,0,False,False,0.9695971024364796,0.06622996815475893,False,False,False,False
2025-02-07 14:00:00+00:00,poultry_manure,1.056165344781756,26.71484839294789,7.345815632275472,359.9875225411663,2377.6677482498344,71.43906594499137,8.433825117449745,85.83717184503298,28.269591108055035,6.116766351028125,1,0,False,False,0.964865036667799,0.04651280811150385,False,False,False,False
2025-02-07 15:00:00+00:00,poultry_manure,1.0864711016026163,28.98262594266042,7.438630191043974,377.65034271027724,2392.607077146878,68.71004063814335,12.218327929872808,89.0828027228806,29.129494042986185,7.0,1,0,False,False,0.9902033007804978,0.08427282183578436,False,False,False,False
2025-02-07 16:00:00+00:00,poultry_manure,0.9834688458527501,30.908618351124936,7.390204988270598,383.00875333724343,2613.5355446227054,71.75531103429365,11.109135804597074,88.66152268559587,29.702341774129387,7.0,1,0,False,False,0.9925690967642793,0.07096898763077297,False,False,False,False
2025-02-07 17:00:00+00:00,poultry_manure,0.8571094434432517,32.29947810664997,7.377560312788956,347.07116332808425,2600.9128515284533,74.67314350987148,9.758062432187058,90.44516800953552,33.65621650269263,6.051669882688699,0,0,False,False,0.9522281471340089,0.05756427574158713,False,False,False,False
2025-02-07 18:00:00+00:00,poultry_manure,0.7389510452532974,32.186330350774284,7.401248766250767,293.75499345535326,2485.356906758645,72.43899093230128,12.467238552257646,87.08484997524918,32.163394439018234,6.418278120544259,0,0,False,False,0.9760298628485294,0.06161888156030209,False,False,False,False
2025-02-07 19:00:00+00:00,poultry_manure,0.6344250287239585,33.46996832789418,7.508029373026378,293.5949571777797,2540.5824308312567,75.0,11.125270997657365,86.58629854606266,30.6100088178811,4.889112922517547,0,0,False,False,0.9895262668094758,0.045868482065093565,False,False,False,False
2025-02-07 20:00:00+00:00,poultry_manure,0.6170437024253207,33.00524541999423,7.4433172734975015,236.03052937164034,2533.8176327192023,72.41026898497022,11.863157353517101,89.64032970985804,30.588457420672093,5.24939976463946,0,0,False,False,0.9934312125608645,0.04980836212625658,False,False,False,False
2025-02-07 21:00:00+00:00,poultry_manure,0.5375151307625553,33.25331775805733,7.395154545485953,280.33515768350077,2432.3459842106836,70.45805189113833,11.941569680918255,90.6424715243872,27.4221393663293,4.6545085978841065,0,0,False,False,0.9739292420678842,0.046261013343516816,False,False,False,False
2025-02-07 22:00:00+00:00,poultry_manure,0.4691075566474665,31.601611314376107,7.352158583287455,242.1767790486658,2582.9341443121816,65.57094038373631,12.671282453057175,84.83037167783345,30.43665839008229,4.033985729062295,0,0,False,False,0.9922770038338913,0.041434383363490465,False,False,False,False
2025-02-07 23:00:00+00:00,poultry_manure,0.38900375402542187,31.314851964998784,7.337023241375166,239.94039679353187,2392.6520955821265,73.92750114581531,11.77152935010743,91.20169982181895,33.50399453914767,3.341024051232296,0,0,False,False,0.9638177013590604,0.029155877742929374,False,False,False,False
2025-02-08 00:00:00+00:00,poultry_manure,0.3496109728990821,38.685323872917614,7.392539387059795,254.64203719180438,2535.037040383423,69.71880661981308,11.669514902046902,84.18877782503775,28.589134753788237,2.7477805796412667,0,1,False,False,0.9842389220481168,0.024843563559893398,False,True,False,False
2025-02-08 01:00:00+00:00,poultry_manure,0.3364456471442351,38.24182699651156,7.381320462213584,190.01660618776847,2624.7489599912064,74.14827801799795,11.532752676142875,90.71630144143153,28.514553458548587,2.815938819413327,0,0,False,False,0.9828092979662002,0.02388151553981158,False,True,False,False
2025-02-08 02:00:00+00:00,poultry_manure,0.36370210638574907,36.58526589322046,7.371183517571713,228.382795893563,2306.368854168646,75.0,11.783138445878672,84.64017720327493,30.278364380813137,2.901839230134753,0,0,False,False,0.996132048421262,0.023053893577237274,False,True,False,False
2025-02-08 03:00:00+00:00,poultry_manure,0.34354523958781263,36.09596485197525,7.357280748571783,194.15549910109473,2422.0784264418858,68.71003657799292,12.924743837689672,87.21211797457094,32.17195785224501,3.0979378438699245,0,0,False,False,0.9736567022891015,0.026899669203702493,False,True,False,False
2025-02-08 04:00:00+00:00,poultry_manure,0.3986174844132804,34.233297661157664,7.332093403697176,229.74799087676064,2518.7222238590152,70.46343708692632,12.863501443949158,87.35755085912142,33.43706264398978,3.5834882138137054,0,0,False,False,0.9613118663403564,0.027748925371360304,False,True,False,False
2025-02-08 05:00:00+00:00,poultry_manure,0.44373983898390856,33.72621316368382,7.249764949353488,266.37056923683167,2539.0461098174997,66.53058805048482,11.520112441424413,88.32967659238547,32.74972373388284,3.61228299603639,0,0,False,False,0.9701033248682936,0.028407038710941492,False,True,False,False
2025-02-08 06:00:00+00:00,poultry_manure,0.5748788545063146,23.72006132799026,7.288786489883564,250.23456256896145,2406.872218323409,64.43941546065824,11.95697244338043,85.66953392815515,29.148288597021164,4.711009218112666,0,0,False,False,0.9912677481871137,0.0358817271657933,False,False,False,False
2025-02-08 07:00:00+00:00,poultry_manure,0.6710640270498451,24.117297548133667,7.358023876503818,348.16680448738464,2539.510935590762,66.49719094679251,11.758876915633904,83.79898817862795,34.59828815142383,5.290035238503001,0,0,False,False,0.9528115030639311,0.040900135417546474,False,False,False,False
2025-02-08 08:00:00+00:00,poultry_manure,0.8082137284518909,23.465845388150623,7.276366059206891,269.1468332704897,2467.1207192831557,68.58203023347296,10.843099243139868,86.13181780040088,27.931337383421532,6.03855819337351,0,0,False,False,0.9735288700499147,0.04122267153639153,False,False,False,False
2025-02-08 09:00:00+00:00,poultry_manure,0.8458573592123997,24.270275889798544,7.328361734282574,402.06874447422933,2434.1522733263546,75.0,14.140728109916509,89.84604010531122,28.72078193806688,7.0,0,0,False,False,0.9765041788310863,0.05624196124612473,False,False,False,False
2025-02-08 10:00:00+00:00,poultry_manure,0.9381353266379727,23.68965855190211,7.2885619141997715,369.9154779620958,2592.6574147053097,67.19736362441311,11.246254745307814,88.03094863170536,30.71088374317226,7.0,1,0,False,False,0.9891224362948164,0.051484246860167886,False,False,False,False
2025-02-08 11:00:00+00:00,poultry_manure,0.9617449489039142,24.732572419486367,7.385458650625334,366.77443860638476,2358.0427617765695,72.62661027574407,12.615262768346234,88.22314308610294,27.872230803759287,7.0,1,0,False,False,0.9756459941958617,0.059366100794557085,False,False,False,False
2025-02-08 12:00:00+00:00,poultry_manure,0.9766556776245013,25.857405512056364,7.259048855956228,361.46935921457447,2614.364367164271,66.62091239225794,12.083402578902234,87.19217676922031,31.28877982585084,7.0,1,1,False,False,0.9866951888469805,0.06490328672135985,False,False,False,False
2025-02-08 13:00:00+00:00,poultry_manure,0.9571995363318805,26.777149304201295,7.320648344172459,407.8635545766068,2515.4746140281773,74.1459652898604,13.016709272587015,88.10827040671437,33.63372456677578,7.0,1,0,False,False,0.9585792079693071,0.06408280890471663,False,False,False,False
2025-02-08 14:00:00+00:00,poultry_manure,1.013838045895479,28.500929496157234,7.4078233785620595,397.0388504073803,2635.496531209628,74.10016045353211,9.630489023399278,89.52774310495361,30.3931532904072,6.9930164348085855,1,0,False,False,0.9842209122129244,0.055578557463736855,False,False,False,False
2025-02-08 15:00:00+00:00,poultry_manure,0.9658642520415711,31.016713480469875,7.446590328644064,390.9215917920905,2498.2900494998676,67.44435720005112,12.736550958737032,91.53429110957873,25.03528030071252,7.0,1,0,False,False,0.94667004821344,0.08731508884660838,False,False,False,False
2025-02-08 16:00:00+00:00,poultry_manure,0.8654469057715959,30.712734843214864,7.384374309469283,350.06300596953156,2489.034952548214,75.0,12.563676638641319,87.44114706008051,29.87731440670696,7.0,1,0,False,False,0.995954760873863,0.06292639019080741,False,False,False,False
2025-02-08 17:00:00+00:00,poultry_manure,0.8202547588126305,31.266698186271,7.42320409587789,341.5491742347271,2634.2770052675505,73.31108038142271,9.365564067655928,87.41097366143318,31.022004575381768,5.372032638398528,0,0,False,False,0.976607774584462,0.04829194756979217,False,False,False,False
2025-02-08 18:00:00+00:00,poultry_manure,0.7216584750913864,32.39273472480999,7.443021676738421,372.5010173293484,2398.7373965602824,74.223779747507,12.281124039052225,87.14414584215778,30.197115576287327,6.178713223436043,0,0,False,False,0.9966232240418655,0.05553038043602242,False,False,False,False
2025-02-08 19:00:00+00:00,poultry_manure,0.646342147221556,33.35656469249876,7.439438977435127,323.94770003881473,2394.5118421218003,75.0,12.645128909952822,90.3267868136602,29.280587819189783,5.905984273088332,0,0,False,False,0.9895802336421337,0.05716868779662077,False,False,False,False
2025-02-08 20:00:00+00:00,poultry_manure,0.6242339002614627,33.565878313358034,7.408570909676442,326.2898199140466,2404.834092242012,73.59922254819314,10.804746282144796,89.62675767073806,30.060475467794106,4.836036790187527,0,0,False,False,0.9934189767327829,0.04670195492971854,False,False,False,False
2025-02-08 21:00:00+00:00,poultry_manure,0.5157887137228746,32.90897389248532,7.4188766807224775,263.8999540507486,2454.747769368217,72.64331791226635,11.482900169139775,86.01643518168642,27.625472217453225,4.075630943756732,0,0,False,False,0.9736692230202311,0.038858707313856204,False,False,False,False
2025-02-08 22:00:00+00:00,poultry_manure,0.4478660706373947,32.32787554092482,7.397043886697491,205.24120407815815,2407.186703201785,71.89955380983584,11.773965160399234,89.60172203469563,30.215713649928706,3.7798733828609175,0,0,False,False,0.9967126893027091,0.03612988899687464,False,False,False,False
2025-02-08 23:00:00+00:00,poultry_manure,0.36458111046061187,31.37722221949249,7.41029323746199,215.8759796569288,2548.2018675017252,70.7395463531398,11.189231430098562,87.45105805605222,29.531185510846544,2.853970470744356,0,0,False,False,0.9912580122589583,0.027537653694018217,False,False,False,False
2025-02-09 00:00:00+00:00,poultry_manure,0.3390060559799553,29.340570477552642,7.323362541137556,207.1291039379565,2497.3120016157022,74.97095793837607,11.64967124659739,86.78297952507339,28.79669601315122,2.741862488032436,0,1,False,False,0.9862153163644991,0.02224200688565558,False,False,False,False
2025-02-09 01:00:00+00:00,poultry_manure,0.35813187349891873,30.311668063206387,7.3462557524046765,216.59339333330016,2407.246780722618,72.96510250657691,13.8104668564289,87.89170813070466,33.94005238196441,3.477676866626674,0,0,False,False,0.9515471418982114,0.03067288708734489,False,False,False,False
2025-02-09 02:00:00+00:00,poultry_manure,0.33710914000526865,29.118617782605217,7.401917827637031,190.37715526249622,2368.222275214148,66.11100336293217,12.608190404961826,88.61805259444544,28.811752051928917,3.013252152651552,0,0,False,False,0.98507656849448,0.02743705112131746,False,False,False,False
2025-02-09 03:00:00+00:00,poultry_manure,0.37081312127779004,28.258689568179836,7.319495819630806,184.5838371873118,2430.794273711802,68.2012601420777,12.261661866616578,86.74008850812874,31.978490863859477,3.155108342127013,0,0,False,False,0.9789067820283224,0.02662328986722108,False,False,False,False
2025-02-09 04:00:00+00:00,poultry_manure,0.4509309649031337,27.542635480897616,7.2429594643639685,231.24303768882018,2364.6650202391647,66.7447150514484,12.881541253895664,86.30427756705798,31.389843498403692,4.0105154713464755,0,0,False,False,0.9816938587464847,0.033775731509209206,False,False,False,False
2025-02-09 05:00:00+00:00,poultry_manure,0.5360674998639976,26.40989636328961,7.4057354954147625,309.123345708765,2534.280169497519,75.0,11.192197507932384,91.88851240402973,32.66569637441297,4.410481972896342,0,0,False,False,0.9693040237955323,0.032063471418732524,False,False,False,False
2025-02-09 06:00:00+00:00,poultry_manure,0.6239564457514049,25.818936380083628,7.379866122755492,314.08690031812233,2610.0484869907787,67.0891434213249,10.546396571006786,88.3521940277171,24.635960782128542,4.651207332623491,0,0,False,False,0.9390915906763194,0.037248451837239537,False,False,False,False
2025-02-09 07:00:00+00:00,poultry_manure,0.6825258858652758,24.545422611927876,7.3194358298366655,317.32789107028776,2448.7189032364977,68.73564037689039,11.636745937067452,88.89806105963552,29.612029719417485,5.6484976917738,0,0,False,False,0.9943040268795121,0.04109383731629583,False,False,False,False
2025-02-09 08:00:00+00:00,poultry_manure,0.7388309489973698,23.820429028785718,7.364652999532185,324.2489984866049,2531.44262890004,63.98189877668254,12.19041724753977,88.93886470340814,27.444015680529915,6.408335173653813,0,0,False,False,0.9734880705676003,0.048904503498675575,False,False,False,False
2025-02-09 09:00:00+00:00,poultry_manure,0.8590352130686967,24.348062734006618,7.254301340183964,355.24700837153523,2615.294670974777,68.40088742378903,12.264562788370949,88.03336549039929,30.17614514450649,7.0,0,0,False,False,0.9969157346130804,0.051610633154077004,False,False,False,False
2025-02-09 10:00:00+00:00,poultry_manure,0.9371219557841102,23.21338832479489,7.314456257666076,384.4237076552915,2404.000439742108,68.59338639631275,11.539702229468226,86.47705931859988,30.30386018975025,7.0,1,0,False,False,0.9946599092498386,0.05210879397519878,False,False,False,False
2025-02-09 11:00:00+00:00,poultry_manure,0.9568547953134682,25.258414337053008,7.3081467214803215,386.49914940862885,2620.4516686393918,67.70994913214483,10.193421977417279,90.3443107861392,28.801343782665263,7.0,1,0,False,False,0.978980547713739,0.052169945366752214,False,False,False,False
2025-02-09 12:00:00+00:00,poultry_manure,0.9894636186516971,25.489133574691845,7.297771051780169,416.2225817812038,2500.380443789493,69.89218635325963,12.403277146200356,90.61817243363711,33.887469900692366,7.0,1,1,False,False,0.9591089152620745,0.06719550639212754,False,False,False,False
2025-02-09 13:00:00+00:00,poultry_manure,1.0512310998213787,27.232641754287034,7.315863783443379,367.0075247410401,2467.2761293218155,68.94617835498593,11.103646319395756,89.83523267223983,31.862030142347173,7.0,1,0,False,False,0.9768979301735071,0.06729130474470923,False,False,False,False
2025-02-09 14:00:00+00:00,poultry_manure,1.0994888015704394,27.970286728471045,7.3913070558355285,326.0671623891956,2474.2419585096586,71.20064819216776,11.253981963140532,86.31315256246688,28.871692460191625,7.0,1,0,False,False,0.9849868344176189,0.0699779154740364,False,False,False,False
2025-02-09 15:00:00+00:00,poultry_manure,0.8863719478802072,29.746230897944425,7.37536158027545,401.3915693137675,2591.0738648287875,72.03461387268472,12.80948072501018,89.24546750506185,34.88857806191049,7.0,1,0,False,False,0.9470668157558442,0.06933522794916436,False,False,False,False
2025-02-09 16:00:00+00:00,poultry_manure,0.9156167411668517,31.45941819897723,7.330841526921663,399.4507936709846,2687.913891879635,69.6761739452413,11.978284923369207,89.23360061789278,28.90078288604196,7.0,1,0,False,False,0.9888992534772656,0.07262155901384713,False,False,False,False
2025-02-09 17:00:00+00:00,poultry_manure,0.777209990066045,31.400750588630327,7.402990809099535,369.07219726469737,2622.86179422971,75.0,13.617759187071037,88.79137455352107,29.184947992345176,7.0,0,0,False,False,0.9837606839880966,0.06537535142763266,False,False,False,False
2025-02-09 18:00:00+00:00,poultry_manure,0.7651929088878181,31.96580901980794,7.410435560464062,349.8838261849101,2496.914962027557,71.65763375012057,11.860510037027279,85.61955469963453,32.498116821496076,6.216375696653083,0,0,False,False,0.9743213819701756,0.05783255060311024,False,False,False,False
2025-02-09 19:00:00+00:00,poultry_manure,0.6646645213451305,33.087984127833714,7.357358054199408,287.28322026788805,2493.5335486737736,72.41987503899404,11.907277865943307,90.00661806182708,28.62099979089663,5.69874752417312,0,0,False,False,0.9857463872386828,0.05475824610739774,False,False,False,False
2025-02-09 20:00:00+00:00,poultry_manure,0.6476087400631116,32.689647061462864,7.40239085030723,286.0001440211101,2655.471407973927,70.77470039090592,11.731262762206011,90.46567035974145,30.16577711567943,5.498335754969221,0,0,False,False,0.9969985426542357,0.05329587443903764,False,False,False,False
2025-02-09 21:00:00+00:00,poultry_manure,0.5200186814084546,33.84056500998368,7.364987364181038,306.48164355486887,2458.3109531075506,75.0,12.027962635606116,87.60231258277338,30.428692156729998,4.383455218373792,0,0,False,False,0.9955732652546695,0.04211356130671953,False,False,False,False
2025-02-09 22:00:00+00:00,poultry_manure,0.4132052419109581,32.23103016176774,7.398998196373372,226.56417862959765,2420.601531091053,73.5213996650897,11.660131354057084,88.95823473352007,33.098821293865726,3.428825696983992,0,0,False,False,0.9673124438316282,0.03284867302561278,False,False,False,False
2025-02-09 23:00:00+00:00,poultry_manure,0.4126299940544025,31.397042335165654,7.3153277290722745,237.04199260351726,2596.394890196501,68.41516874582481,11.915162105564235,87.70647313683568,27.23926524944506,3.4497083775499404,0,0,False,False,0.9719684630222718,0.03201767792744516,False,False,False,False
2025-02-10 00:00:00+00:00,poultry_manure,0.32211201463129147,30.78855517055166,7.390884680506334,169.1296679039486,2502.7348338328115,70.16105955361598,11.61712124586025,89.44962777063786,29.356614155774853,2.6777743105311957,0,1,False,False,0.9916517477870498,0.024097145743232594,False,False,False,False
2025-02-10 01:00:00+00:00,poultry_manure,0.3492734462688228,29.447019768323848,7.293052786384323,229.40962612339365,2693.2134602346546,68.73137512514387,12.455461284401428,86.54554787064404,31.883416806610352,3.0120356240322983,0,0,False,False,0.9788885255118893,0.027189947298420915,False,False,False,False
2025-02-10 02:00:00+00:00,poultry_manure,0.38073979786917317,28.46666604405964,7.420579095253167,210.91370880022765,2512.6591817767635,74.05113859779863,12.781399491846885,88.72920509813036,29.421274903658365,3.454325527500406,0,0,False,False,0.9903057515773492,0.02778167039338988,False,False,False,False
2025-02-10 03:00:00+00:00,poultry_manure,0.39051267485437574,29.263849955076445,7.281987276923211,243.66721325149038,2479.1928323993707,74.49655181961234,11.564255973380074,91.01444456236676,29.99922255195366,3.2881615037500564,0,0,False,False,0.997813505386437,0.02615297670368557,False,False,False,False
2025-02-10 04:00:00+00:00,poultry_manure,0.45230730587454016,28.046421036932557,7.33284134786854,252.2363196896508,2537.4320632262884,68.9369959770488,11.616952940027584,87.5185945156873,31.391524230107212,3.6788845097908136,0,0,False,False,0.9841695223990659,0.03134173012254692,False,False,False,False
2025-02-10 05:00:00+00:00,poultry_manure,0.520240750703664,25.728083858225503,7.285671996255478,257.0659662619207,2762.1212572151408,70.1405615880173,12.544642920348966,89.05063997582354,29.43505779818713,4.649322835374739,0,0,False,False,0.9916273633801265,0.03387743892531955,False,False,False,False
2025-02-10 06:00:00+00:00,poultry_manure,0.5843581624344663,25.17046965620748,7.304060223833207,321.9446890930091,2524.6301790772245,67.42270340970612,13.67058325441934,87.49963235126279,29.09960680105211,5.591938341226676,0,0,False,False,0.9826431517384244,0.04334256968442242,False,False,False,False
2025-02-10 07:00:00+00:00,poultry_manure,0.6855362379546452,24.89747260552479,7.3341118450571,266.8602153386287,2411.86544415749,69.48608175993117,11.283837155833458,87.76930500894115,28.02433220940866,5.431501117971357,0,0,False,False,0.9766625078732539,0.0398699310782239,False,False,False,False
2025-02-10 08:00:00+00:00,poultry_manure,0.7061842657825579,23.856875670628853,7.360127485226338,261.68608244449916,2459.2210947178487,70.3700783760078,11.848809969923503,87.13946547713458,31.645537652613676,5.833076201260904,0,0,False,False,0.9827886733234809,0.04126083509226737,False,False,False,False
2025-02-10 09:00:00+00:00,poultry_manure,0.8690836306777496,23.374114607528764,7.367906124214349,388.4416913585114,2478.814347267334,68.79478594066188,12.338365495917616,85.69883005517046,31.480219308327605,7.0,0,0,False,False,0.9835059794371359,0.05163352961281502,False,False,False,False
2025-02-10 10:00:00+00:00,poultry_manure,0.8835406716958111,24.15151853738432,7.341750776227146,369.38653604007936,2410.3940580226335,65.78798769231612,14.528304892354331,83.71921702601782,29.606917633461244,7.0,1,0,False,False,0.9834276518728408,0.0647887064715974,False,False,False,False
2025-02-10 11:00:00+00:00,poultry_manure,1.0098682381023067,24.806534621863005,7.284410241958195,385.03294421025305,2413.2690144930853,69.5312495223666,11.072043271466875,90.43497049454784,30.105555734462733,7.0,1,0,False,False,0.994304659012707,0.05795131993418985,False,False,False,False
2025-02-10 12:00:00+00:00,poultry_manure,0.9865666651311201,26.441395142661825,7.2692108912667885,371.33143774251073,2329.024873851692,66.54621385156622,14.076293249965513,90.01560340877212,27.690301915886394,7.0,1,1,False,False,0.9665215529090363,0.08277113731044833,False,False,False,False
2025-02-10 13:00:00+00:00,poultry_manure,1.0089034191809652,27.90490643078773,7.409464293408006,353.64165128200585,2347.7433179780255,68.6633180914562,13.029911176312536,88.48882315460939,31.766523840395138,7.0,1,0,False,False,0.977185205714486,0.0768400918441614,False,False,False,False
2025-02-10 14:00:00+00:00,poultry_manure,0.9919635822239389,28.544203643615234,7.460512936525775,383.31104088253403,2459.825515825664,74.98330666196442,12.319058076802248,89.12283640400327,28.90209845281791,7.0,1,0,False,False,0.9874256941441678,0.07006924362648519,False,False,False,False
2025-02-10 15:00:00+00:00,poultry_manure,0.9296539613567877,30.125393578985545,7.233723595005753,351.2725856000268,2339.669658931001,70.20661400770018,10.220092209147591,88.43383112056017,30.43442824424221,6.721784195855622,1,0,False,False,0.9867561786033158,0.06032443829812479,False,False,False,False
2025-02-10 16:00:00+00:00,poultry_manure,0.9394312121989967,31.023311992396515,7.339505622645624,402.811759610238,2251.8566919888717,66.12296463344576,11.246449138231037,87.98366335956915,30.952201573166096,7.0,1,0,False,False,0.9867102299594942,0.07377713281972172,False,False,False,False
2025-02-10 17:00:00+00:00,poultry_manure,0.8342424886999111,32.90286136466552,7.439842805229201,393.41709612067694,2411.6622489229694,75.0,11.78893215171178,87.68676116281765,31.17656268523029,6.899073779603499,0,0,False,False,0.987179033906256,0.06325363643890564,False,False,False,False
2025-02-10 18:00:00+00:00,poultry_manure,0.7237989515983633,32.157661309625226,7.323987979627248,361.1214195648078,2292.293343649054,74.17558344138683,12.997024364862012,89.92989926844955,35.31197116368008,6.767931847511412,0,0,False,False,0.9418951665388892,0.06274548470044189,False,False,False,False
2025-02-10 19:00:00+00:00,poultry_manure,0.6605361080622498,33.91435317357745,7.402952574022212,277.8272536810262,2514.8075731425492,72.32037799334242,11.710206355075757,87.19955236286297,30.996897681834888,5.3959181575217245,0,0,False,False,0.9885820549570299,0.0536193761997964,False,False,False,False
2025-02-10 20:00:00+00:00,poultry_manure,0.5832124887393897,32.5462069948761,7.321863331653061,302.48544726190386,2419.591652505616,73.27808437501275,12.633283486983661,85.33486322776986,26.80350418117531,5.029902198252445,0,0,False,False,0.9648686243768348,0.04832343325524002,False,False,False,False
2025-02-10 21:00:00+00:00,poultry_manure,0.5170638559818017,33.22124622045891,7.442846789282003,302.8692289422861,2552.015418456249,74.64753274791312,12.223498764858418,87.91175211944056,30.60205160888186,4.445049855686933,0,0,False,False,0.9928619900868894,0.04381351494763962,False,False,False,False
2025-02-10 22:00:00+00:00,poultry_manure,0.44134610010287073,32.95543000041032,7.383989124936053,295.576952944167,2578.080070412311,75.0,11.525005172614534,92.0,31.424419189482602,3.7436758397367442,0,0,False,False,0.9833808339682466,0.0350682723190368,False,False,False,False
2025-02-10 23:00:00+00:00,poultry_manure,0.37424888018970887,31.46037094984338,7.48378819487898,163.2086056123986,2443.510582289071,74.10608994283689,12.425483952938295,89.81366188241081,26.951974099075215,3.341228776665603,0,0,False,False,0.9673923212260607,0.03106020738348941,False,False,False,False
2025-02-11 00:00:00+00:00,poultry_manure,0.3542619169748047,30.660186694691568,7.378094955063365,270.66853865403414,2531.4704654263337,70.01150629216149,12.558292929793723,88.57627590354365,28.764990007028384,3.1525536146348063,0,1,False,False,0.9848584354213152,0.02835051778490675,False,False,False,False
2025-02-11 01:00:00+00:00,poultry_manure,0.3756599555907429,30.4866321341172,7.376252051794877,211.40316548381801,2421.38571320569,70.1311167168754,11.174838572850632,87.68890677750598,30.28006155619109,2.9449017069838965,0,0,False,False,0.9930735773023422,0.02732667998589999,False,False,False,False
2025-02-11 02:00:00+00:00,poultry_manure,0.34459353260076464,29.029982570658962,7.384108089174757,210.62047576962559,2442.516833079854,73.82055755543607,12.129200125550586,88.032958572315,31.14612517654335,2.943571359665933,0,0,False,False,0.9878927476068136,0.024036376784750596,False,False,False,False
2025-02-11 03:00:00+00:00,poultry_manure,0.3290259714154929,27.481144397665638,7.36749496138281,254.16341455887778,2371.908026537835,67.27025349859518,13.967714870903436,89.44822245807126,28.454909953138625,3.288646873599744,0,0,False,False,0.9747105251768691,0.02797690249264738,False,False,False,False
2025-02-11 04:00:00+00:00,poultry_manure,0.4117127082974879,26.403204017607766,7.2699354842463535,233.28442262140197,2569.0266814209062,69.55053546246833,13.033829263704705,87.06029699599205,30.260258705660508,3.737458951983019,0,0,False,False,0.9922282666248714,0.028827175175708573,False,False,False,False
2025-02-11 05:00:00+00:00,poultry_manure,0.48997677126505756,25.56503511754515,7.270974793799906,271.25616491489365,2399.0885608106723,70.40606773402368,13.93162209515294,88.36614781651852,30.523441454400224,4.825619635195854,0,0,False,False,0.9851074749802331,0.03504851187972064,False,False,False,False
2025-02-11 06:00:00+00:00,poultry_manure,0.6227517446126796,25.44105282310126,7.316830578976349,281.64082659796725,2473.1982838984213,67.04892101139559,12.10638727561328,86.43222517947555,31.898945436066956,5.2130896839889544,0,0,False,False,0.9804786092612641,0.04150246730999174,False,False,False,False
2025-02-11 07:00:00+00:00,poultry_manure,0.716692916838689,23.867563273214262,7.309929548071138,348.50732666772535,2628.169711962589,69.09273124700219,11.502506256324596,87.88324512291176,32.73942101867224,5.795910392969383,0,0,False,False,0.9701183210949006,0.039745691702610976,False,False,False,False
2025-02-11 08:00:00+00:00,poultry_manure,0.7440193755497857,24.487505427597203,7.201466718798222,327.6478021758681,2527.8369550121747,74.39447536268283,11.170908938634168,87.72877618733257,30.32418796463497,5.833172438241634,0,0,False,False,0.9926126650468211,0.03868080412729504,False,False,False,False
2025-02-11 09:00:00+00:00,poultry_manure,0.8534354490553985,23.472777379671246,7.330897428807853,392.15731798476526,2434.643647426651,65.90880826583019,11.447025741481221,87.18723257221842,32.72590980542671,6.81406414328316,0,0,False,False,0.9699760306531391,0.049829734487375654,False,False,False,False
2025-02-11 10:00:00+00:00,poultry_manure,0.9091203419414277,24.296821445261205,7.347718051603504,358.3540427938444,2548.030351635679,64.91455276232905,14.612766699428079,86.6473532120106,28.927053474440765,7.0,1,0,False,False,0.9762067012472673,0.06827526213805468,False,False,False,False
2025-02-11 11:00:00+00:00,poultry_manure,0.9069867037279307,24.160486303081033,7.311241224905494,356.39767835658864,2267.092106456866,69.51649972105801,10.72120810017263,91.3528691126595,29.038208347936184,7.0,1,0,False,False,0.983988123980225,0.049491454541619254,False,False,False,False
2025-02-11 12:00:00+00:00,poultry_manure,1.0055258763359223,25.270551423145424,7.3296933845165855,362.58167018097237,2519.9563461866956,72.09242476177192,10.706822846079245,88.01431193990862,29.866060730876598,7.0,1,1,False,False,0.9921947215391621,0.05537941319859733,False,False,False,False
2025-02-11 13:00:00+00:00,poultry_manure,1.0312645530630271,27.023758353120108,7.312308667846316,342.0460622559088,2600.6436392843543,67.28345431323316,10.243936357806382,83.0460289054051,27.941178490566703,7.0,1,0,False,False,0.9706314666946989,0.059930510837183856,False,False,False,False
2025-02-11 14:00:00+00:00,poultry_manure,0.9477834263295054,28.04108979476777,7.331144972489676,423.62561313190855,2302.879683213842,74.45297313424527,11.995445224350629,88.70338580289442,29.597969060289035,7.0,1,0,False,False,0.9959569167246435,0.06322699415058557,False,False,False,False
2025-02-11 15:00:00+00:00,poultry_manure,0.978848211634333,29.99343301959375,7.301474177956559,397.5570490235742,2532.9333481297494,73.08371652514128,11.984253092914553,87.02480497190902,30.47313266378168,7.0,1,0,False,False,0.9951899388267559,0.07049221747623556,False,False,False,False
2025-02-11 16:00:00+00:00,poultry_manure,0.9654090130515677,30.586638360711568,7.345120257755362,424.9435212397784,2495.3066426845653,71.73222539656565,11.798662398672288,88.17397207484085,32.212559969561475,7.0,1,0,False,False,0.9768677122977466,0.07146629687159528,False,False,False,False
2025-02-11 17:00:00+00:00,poultry_manure,0.7715205347810519,30.85842975459974,7.353414585239791,358.5497491544493,2523.724586520794,71.25233003348357,12.353534246064697,90.61574127190003,30.63443742947031,6.9092729173746195,0,0,False,False,0.9918879544749734,0.06262724464803568,False,False,False,False
2025-02-11 18:00:00+00:00,poultry_manure,0.7697190870609248,31.563353327789386,7.436790899926838,311.1264263946613,2597.15579294126,72.84594325666784,12.041399344708651,86.85217062474617,31.1786947939478,6.439911211242079,0,0,False,False,0.9880060553369787,0.05798602351885472,False,False,False,False
2025-02-11 19:00:00+00:00,poultry_manure,0.7016557744470585,32.31858686251256,7.371571922519554,282.86622212446616,2577.163744730355,71.72071133953085,10.797877538797042,89.14334174272251,31.299138717859336,5.403080013485677,0,0,False,False,0.9809980005153919,0.05011278053776303,False,False,False,False
2025-02-11 20:00:00+00:00,poultry_manure,0.6179706932571565,33.764108223226685,7.39145092175543,289.00995868207235,2401.3311077116823,73.18763267496867,11.773581822014066,89.298033837361,27.024755051849937,5.197666013041857,0,0,False,False,0.9691154596285696,0.05053467686237228,False,False,False,False
2025-02-11 21:00:00+00:00,poultry_manure,0.47812712767719084,33.052126235995495,7.457892540231047,318.4486197773417,2528.1263313212,74.17727238294036,13.351382066767734,86.07041269277651,29.8220662982643,4.395552599548591,0,0,False,False,0.9914637526488044,0.040791523514900944,False,False,False,False
2025-02-11 22:00:00+00:00,poultry_manure,0.4279212774536857,31.724275799084186,7.3539193726947865,194.62338365575374,2411.6800252114167,70.76370104838414,11.257213045234327,90.07475939032717,31.82901650462165,3.471265758628081,0,0,False,False,0.9779959001799551,0.033122572143870876,False,False,False,False
2025-02-11 23:00:00+00:00,poultry_manure,0.3834974458085005,31.195827858233642,7.34606248156092,219.95753764483342,2428.59361741361,75.0,12.78969768604444,87.89211712714767,31.484086126347577,3.4487575767954244,0,0,False,False,0.9812106503063021,0.030110119506119457,False,False,False,False
2025-02-12 00:00:00+00:00,poultry_manure,0.3675191811076613,31.40966939295957,7.397268895810486,247.9875882653817,2474.478410618556,75.0,11.694732185519015,90.56956410466901,31.71108433866315,3.1141717123158985,0,1,False,False,0.9813628175409636,0.026757422428781655,False,False,False,False
2025-02-12 01:00:00+00:00,poultry_manure,0.3707403714701577,29.221024127057085,7.413286276024234,245.28670462093513,2521.3575729941017,70.5447931807324,12.734368428322584,87.86240956485129,30.266060572192064,3.3184890404251957,0,0,False,False,0.9936675521364665,0.027757976581852292,False,False,False,False
2025-02-12 02:00:00+00:00,poultry_manure,0.35300808111011367,29.3171140135618,7.4093983980520814,246.06757633060963,2648.7618877236905,72.01712173126079,12.151941297030712,89.44125309989758,31.16647682424551,3.069433102630464,0,0,False,False,0.9875755252723913,0.02663369262953579,False,False,False,False
2025-02-12 03:00:00+00:00,poultry_manure,0.4073455590088965,28.44300666916746,7.332660928738336,256.7475145038795,2525.3652874185136,70.64858551345404,11.612757996351021,87.37815166957185,29.486905335327346,3.3066726423614243,0,0,False,False,0.9929328433350286,0.026977853618907588,False,False,False,False
2025-02-12 04:00:00+00:00,poultry_manure,0.4325717227441673,26.081243176790842,7.290377148858654,212.6546339020409,2530.1571596150416,68.42851297433653,11.68079221606563,92.0,25.297312826854085,3.7188463831732452,0,0,False,False,0.951377089348869,0.028036078065449884,False,False,False,False
2025-02-12 05:00:00+00:00,poultry_manure,0.49739612482722734,25.834146092719237,7.281755429977115,292.9381440592265,2469.6802011558475,61.96908201133049,12.241238663908325,88.64555403438193,31.936985619192196,4.31792116036894,0,0,False,False,0.9794239504885364,0.035484939329137495,False,False,False,False
2025-02-12 06:00:00+00:00,poultry_manure,0.6195788321427211,24.177922216039534,7.303449196644388,301.72644607026666,2570.6666837472185,74.7792655795033,12.337579576542701,89.7824030648982,31.774845320216166,5.490447597433089,0,0,False,False,0.9805636489151248,0.036084759894140464,False,False,False,False
2025-02-12 07:00:00+00:00,poultry_manure,0.7303484284224301,25.017423458461458,7.334672638172512,370.2009865463058,2370.3818388250934,71.09800190804337,13.08614238033619,85.52750041602638,28.057817971077277,6.5393940381519755,0,0,False,False,0.9751474678090918,0.04789046178731658,False,False,False,False
2025-02-12 08:00:00+00:00,poultry_manure,0.8342227523608913,23.805095237740108,7.435644263863553,405.1335367352784,2446.891359957871,69.51025102458308,10.32474892035693,89.18934929334517,29.418813419198088,6.145603145263372,0,0,False,False,0.9858118787937655,0.04368135003054847,False,False,False,False
2025-02-12 09:00:00+00:00,poultry_manure,0.8135875833435121,23.19813450840598,7.299245245177245,346.5094332741533,2732.299579907255,66.77022114966181,11.986877679884492,91.43535073629556,28.23327825477198,7.0,0,0,False,False,0.9822671709471423,0.05037379026556701,False,False,False,False
2025-02-12 10:00:00+00:00,poultry_manure,0.8679163712463019,24.164032750201326,7.3012868054393305,378.97799910022957,2416.8048316940967,64.05058086880118,11.95879047778532,90.1305755660762,32.556084309461355,7.0,1,0,False,False,0.974233109294313,0.0572334225112513,False,False,False,False
2025-02-12 11:00:00+00:00,poultry_manure,1.048341550064345,24.44421565446848,7.270872477813782,359.1407141131445,2458.179409081152,71.28651114482598,12.066033342815425,84.83394385475887,27.990150958476896,7.0,1,0,False,False,0.9795713428706918,0.0599685979061616,False,False,False,False
2025-02-12 12:00:00+00:00,poultry_manure,0.8948215962097598,25.87339849325738,7.378346027634459,427.8959719344833,2479.5902845757228,74.87712747418901,10.980453065257102,87.96473271404169,31.53533430339727,6.914412600551745,1,1,False,False,0.9795489222923128,0.047552652186681664,False,False,False,False
2025-02-12 13:00:00+00:00,poultry_manure,1.0019080047956017,26.136676192677292,7.287688148724064,379.863167919163,2657.3767325292647,71.45443992967994,11.00083942163461,89.67633796370943,28.42082399738278,7.0,1,0,False,False,0.9792124370820008,0.05820313285150293,False,False,False,False
2025-02-12 14:00:00+00:00,poultry_manure,0.9700550721967119,29.48279884916753,7.407764105804835,350.86598065937807,2578.196361326682,75.0,12.472931331042767,88.03851212607205,33.525640565718746,7.0,1,0,False,False,0.9623789376875987,0.07148975195751806,False,False,False,False
2025-02-12 15:00:00+00:00,poultry_manure,1.035500158371001,29.93779806667837,7.319438027656129,375.65590846206845,2583.991702757287,74.40457062968476,12.216655493492981,85.62186743792641,31.556315054309017,7.0,1,0,False,False,0.9833535719894448,0.07215993165593047,False,False,False,False
2025-02-12 16:00:00+00:00,poultry_manure,0.9200604781005091,30.421666449093934,7.349671871041565,360.95265923585345,2536.7773010526043,72.21589241125346,13.000415593402037,90.44400627222514,30.40464200706844,7.0,1,0,False,False,0.9909515019623055,0.07577710288190843,False,False,False,False
2025-02-12 17:00:00+00:00,poultry_manure,0.8665264351245328,32.868124434801125,7.442000921505344,337.29072474358213,2341.669648962345,73.1135486473667,9.532971886785754,88.03256192148393,27.633535995233665,5.817594631032826,0,0,False,False,0.9640002193862655,0.05477666303222598,False,False,False,False
2025-02-12 18:00:00+00:00,poultry_manure,0.7692750695547642,32.808811911871985,7.413051874330712,333.4966930896335,2406.9436819379134,75.0,13.244674427360078,87.41123124383152,32.73494159711351,7.0,0,0,False,False,0.9664272118920645,0.06604256984893951,False,False,False,False
2025-02-12 19:00:00+00:00,poultry_manure,0.6664108979968908,32.70155157369693,7.416469599829554,299.8233547392942,2541.354836883765,75.0,12.134285971402013,84.52520584670228,30.10561811868099,5.468050798255038,0,0,False,False,0.99827238895618,0.048530444385396804,False,False,False,False
2025-02-12 20:00:00+00:00,poultry_manure,0.6048993443917403,33.05637829534008,7.3359251214964205,312.64037626949255,2427.0230457116636,69.57706969641012,12.649038665292615,85.70218650989085,27.06351830196175,5.245930385065263,0,0,False,False,0.9673899896931544,0.05274143970151464,False,False,False,False
2025-02-12 21:00:00+00:00,poultry_manure,0.48253258948925704,33.260540566774395,7.389757248360728,276.52254329749087,2551.5694851662747,74.23022035877891,13.233990837876746,85.84980976452734,30.219185289409182,4.385779608639221,0,0,False,False,0.9916381929165244,0.04179200899059749,False,False,False,False
2025-02-12 22:00:00+00:00,poultry_manure,0.4136358299684833,32.67960026076441,7.431293363016269,185.77226270410753,2439.234839193677,71.53706709200937,12.948463018723606,86.02231280472235,31.684698094242304,3.685848444144182,0,0,False,False,0.978410703963959,0.036439374369628484,False,False,False,False
2025-02-12 23:00:00+00:00,poultry_manure,0.3744762602743408,31.782956455194565,7.376352295716658,166.84403232865222,2452.903506786302,75.0,11.741099901383299,88.08161230144634,31.425218450978356,3.0981919202324817,0,0,False,False,0.9844533149971328,0.028339216587702644,False,False,False,False
2025-02-13 00:00:00+00:00,poultry_manure,0.3456147976001391,31.01073589324699,7.352827084013023,183.5465082166423,2502.3994449463935,66.23363279423701,11.690436252456896,88.06671881482558,31.24063124904334,2.846589541574018,0,1,False,False,0.9860458687718511,0.028338098753723895,False,False,False,False
2025-02-13 01:00:00+00:00,poultry_manure,0.32519974420481956,30.476047528396325,7.4037783022929915,238.48748287147717,2701.0820623314266,69.75844278539353,12.410188484868439,83.79549304132394,31.071081496342856,2.7054481838785116,0,0,False,False,0.9872382426122293,0.024611192408679,False,False,False,False
2025-02-13 02:00:00+00:00,poultry_manure,0.35095072914204795,28.970773371768697,7.3511572482260465,240.42567187579056,2562.385957583669,68.48470433316574,12.230205977198429,82.74868355597425,30.37212958417387,2.8413910013536827,0,0,False,False,0.9951276742722691,0.0245867696383037,False,False,False,False
2025-02-13 03:00:00+00:00,poultry_manure,0.4250728198840714,27.823330515733943,7.419922968483612,294.8475372083578,2378.7619662545194,66.66038076481293,13.124258178718721,87.45351990016536,31.900539833909935,3.9030613904459805,0,0,False,False,0.975373310767307,0.034201295579883426,False,False,False,False
2025-02-13 04:00:00+00:00,poultry_manure,0.4304622584968537,26.906680643629155,7.373928384820986,196.76965371001995,2443.256141729552,75.0,9.505296741517803,89.70262836101476,28.691261562640474,2.93626950569793,0,0,False,False,0.9744390993339938,0.022426952113532142,False,False,False,False
2025-02-13 05:00:00+00:00,poultry_manure,0.5291449044180311,26.66322538387917,7.285551541241267,216.9306393081864,2484.339751345259,75.0,12.217207923730074,84.1812553306092,26.942434366045106,4.353634522404358,0,0,False,False,0.9683383040418007,0.031614751371826094,False,False,False,False
2025-02-13 06:00:00+00:00,poultry_manure,0.5787723547485213,25.315772166930522,7.325740286503594,344.51522160112376,2535.4059688022926,68.27806373272522,13.650195709966642,88.50688155047663,29.6128123381405,5.593886920579609,0,0,False,False,0.9878771448315717,0.04299465394481241,False,False,False,False
2025-02-13 07:00:00+00:00,poultry_manure,0.7145126372086504,23.525013575420502,7.379149629618387,358.8383347866772,2478.1329888458354,72.23502615158002,12.80160815524662,88.26985013351249,29.937960159627117,6.459171566488438,0,0,False,False,0.9953715608200381,0.0433518423473917,False,False,False,False
2025-02-13 08:00:00+00:00,poultry_manure,0.7185100274653751,23.45894648871249,7.239897246479374,263.0186983079674,2395.477517367871,67.00083146076595,12.251750086518024,85.28942227237951,27.864479342207627,6.0064258843519225,0,0,False,False,0.9773860429894861,0.04264638875303493,False,False,False,False
2025-02-13 09:00:00+00:00,poultry_manure,0.8817952896838042,23.393344611414353,7.278828688918962,330.45710319653205,2451.7922163448757,63.34939383991773,13.061093774061135,89.93492279527773,29.496886254779454,7.0,0,0,False,False,0.9896633936774889,0.06123301907309204,False,False,False,False
2025-02-13 10:00:00+00:00,poultry_manure,0.9298878704828573,24.178942828645887,7.3144807758583825,338.8287000896316,2488.7336154966288,71.76836275874174,10.86884229154903,91.26648799245592,26.182722321052438,7.0,1,0,False,False,0.9561714346682695,0.050945530770207643,False,False,False,False
2025-02-13 11:00:00+00:00,poultry_manure,0.9873570016419326,25.4884604004371,7.282679023898891,374.7992362737204,2492.204147614274,73.8355985846639,12.059286872555523,90.13159471967181,28.861400578737623,7.0,1,0,False,False,0.9883175714245986,0.05951203929960822,False,False,False,False
2025-02-13 12:00:00+00:00,poultry_manure,0.9377713378439194,24.727574590536136,7.268613606095433,360.2198902614679,2579.784959744446,69.37971774083715,12.612217935764154,83.9202147805835,31.581609205869476,7.0,1,1,False,False,0.9811228182624845,0.05823330641231689,False,False,False,False
2025-02-13 13:00:00+00:00,poultry_manure,0.9889977625572886,25.991554148392275,7.301383320238408,371.79956913642576,2428.040362008557,63.075224209513216,13.291623550692082,87.13178306503355,27.8153351224577,7.0,1,0,False,False,0.9716952334711166,0.0794339528708444,False,False,False,False
2025-02-13 14:00:00+00:00,poultry_manure,1.0692861120642585,27.41398539162057,7.278131077620231,380.8672777299332,2425.045616895503,67.46231249932572,11.831460847835793,88.39326846663718,29.184643864575527,7.0,1,0,False,False,0.9910037428849342,0.07613974270890543,False,False,False,False
2025-02-13 15:00:00+00:00,poultry_manure,0.8933241826802811,29.654771238529356,7.448843212746856,354.43904706745764,2157.1310161883716,75.0,11.671793364515327,85.93743801105305,31.446708261607434,7.0,1,0,False,False,0.9838918842065023,0.06027285502026833,False,False,False,False
2025-02-13 16:00:00+00:00,poultry_manure,0.8950347240393323,30.579967600444323,7.357965217568793,412.12454494781946,2579.8327115391617,74.89618817946682,11.640165798236753,85.9297791733025,32.918432242834015,7.0,1,0,False,False,0.9690165065628437,0.059026802721452346,False,False,False,False
2025-02-13 17:00:00+00:00,poultry_manure,0.862980567723294,32.45619150365196,7.3610813374648,362.0631718761833,2512.3441262519746,71.9250687053787,12.080452428610597,86.34714405367016,31.0030750215795,7.0,0,0,False,False,0.989566987641152,0.06589931678254406,False,False,False,False
2025-02-13 18:00:00+00:00,poultry_manure,0.8373270760756493,31.64304053981713,7.4335288698327515,386.35912356079274,2488.2294016107303,75.0,11.025804185524137,89.1435536362477,26.531719768506242,6.583932050668581,0,0,False,False,0.9604462186126831,0.05872343250256402,False,False,False,False
2025-02-13 19:00:00+00:00,poultry_manure,0.7157934148718905,33.39650338273232,7.4258102772068595,354.29669595092537,2600.0431876586595,74.56505831690733,12.469729336352358,87.08204424483584,29.671469622167265,6.218180551801702,0,0,False,False,0.9943660495399108,0.05869726732714357,False,False,False,False
2025-02-13 20:00:00+00:00,poultry_manure,0.6279461563881616,32.8895166716096,7.406961927302679,244.3923939666771,2329.2487059482705,71.13038809289407,12.750783484616944,86.12004783031405,32.531326286834776,5.5163717673158335,0,0,False,False,0.9709328197085675,0.053615779429928,False,False,False,False
2025-02-13 21:00:00+00:00,poultry_manure,0.49442750574825045,33.62939475982569,7.3850564259741205,271.35773772153914,2444.6924522073814,75.0,13.270664284790865,89.17823860511228,28.898240473618436,4.681059518476079,0,0,False,False,0.9826290833122301,0.04526262722721445,False,False,False,False
2025-02-13 22:00:00+00:00,poultry_manure,0.440524669442441,32.39577259296413,7.306906868154155,256.0884329202087,2550.187132433026,74.85691280966961,13.576339333932426,87.37605406585983,31.16061356558054,4.180568398244019,0,0,False,False,0.9805121676745325,0.038326782728171915,False,False,False,False
2025-02-13 23:00:00+00:00,poultry_manure,0.36846102774346834,31.020115799008487,7.336648601788425,214.76778306313196,2674.2731161982615,72.82613966068486,10.767049138573357,89.3648991553917,30.714340226582053,2.836254584188864,0,0,False,False,0.9866918434270462,0.024192109417657065,False,False,False,False
2025-02-14 00:00:00+00:00,poultry_manure,0.34360172234956254,30.015173315236215,7.3963576616539,206.83925916888367,2527.295029695487,75.0,12.86121836611403,84.79694559574477,26.442341391682096,2.997834410342303,0,1,False,False,0.9601173220862508,0.025736224316009765,False,False,False,False
2025-02-14 01:00:00+00:00,poultry_manure,0.33935260763102654,30.681975791246938,7.329836943339827,204.86700663661753,2493.9095033721196,70.87245565537293,11.066535217898933,92.0,28.80133882675179,2.764016781555061,0,0,False,False,0.9833460643570126,0.024372969543303456,False,False,False,False
2025-02-14 02:00:00+00:00,poultry_manure,0.3357384544781596,28.723612625706757,7.344538594106381,196.7667871193937,2501.639389558687,72.20746797920349,11.190548058810396,89.95927620848687,28.077079470361195,2.7038860372401863,0,0,False,False,0.976723534997664,0.02262528860922655,False,False,False,False
2025-02-14 03:00:00+00:00,poultry_manure,0.4078954298532258,27.226816578634747,7.315384491185697,239.39677520057947,2409.4773083994482,70.6330727459454,12.661409478478278,88.99232836412352,29.757677222731846,3.6768291527671533,0,0,False,False,0.994269724834927,0.02951648508220344,False,False,False,False
2025-02-14 04:00:00+00:00,poultry_manure,0.4372562588380752,26.409231662056538,7.27956352948779,234.00695301786342,2569.4653645540907,64.4949405531567,11.8302945207615,86.55441520243893,31.31486906171737,3.5818781258722954,0,0,False,False,0.9860027819866338,0.03057378674026134,False,False,False,False
2025-02-14 05:00:00+00:00,poultry_manure,0.4969068756486607,26.041516777488198,7.302561855274634,259.7257015250369,2663.949594733692,67.30254198446028,13.477142494272165,89.26473765242311,29.94855619606725,4.782365296303818,0,0,False,False,0.9920998494893117,0.03833663710504343,False,False,False,False
2025-02-14 06:00:00+00:00,poultry_manure,0.5616243876748189,25.277747918257447,7.358675843902247,268.4104077359181,2543.250474078541,68.55950361366715,11.69122976286907,89.05984517742361,31.897365785178913,4.678192372460872,0,0,False,False,0.9794824909625561,0.034588150733746416,False,False,False,False
2025-02-14 07:00:00+00:00,poultry_manure,0.7172840084546266,24.142633738087145,7.289108833143395,305.44625051121346,2572.6628921838565,71.18244097631353,13.025530625164514,88.39141368648252,27.05065199416353,6.606731232295255,0,0,False,False,0.9653788668158128,0.04710595106817661,False,False,False,False
2025-02-14 08:00:00+00:00,poultry_manure,0.7870813357249667,23.986839872224213,7.358818076031016,378.35002959630566,2567.5464249885495,66.68024913870995,12.534903165278843,85.14418199696095,28.15797902166957,6.720252045218612,0,0,False,False,0.9789052743903015,0.05088218664075543,False,False,False,False
2025-02-14 09:00:00+00:00,poultry_manure,0.8311135345942973,23.724652067728776,7.383107087873396,347.97683339927096,2606.661174615151,72.2648901700978,13.452917262223155,88.8144837671324,29.87475594758673,7.0,0,0,False,False,0.9914829731647515,0.052009196772688435,False,False,False,False
2025-02-14 10:00:00+00:00,poultry_manure,0.8581464317665976,24.798889689648632,7.260576262136785,426.74508157963027,2556.7990264175774,71.05782292730022,12.249965332674954,88.83364374187575,32.06474408634575,7.0,1,0,False,False,0.9781027324731677,0.0514742601868028,False,False,False,False
2025-02-14 11:00:00+00:00,poultry_manure,1.0052543723491811,24.0975368367754,7.3045348493419615,389.97789539616747,2563.9839805514766,71.26697336816868,12.19194950707071,88.50603821371426,28.6934449993941,7.0,1,0,False,False,0.9859747024585874,0.05923690757573949,False,False,False,False
2025-02-14 12:00:00+00:00,poultry_manure,0.9924143088092721,25.143017256618794,7.355954469125664,329.04104612039663,2538.8375911625217,65.53026453123474,11.073358950881032,90.08720066126008,31.373195659268866,7.0,1,1,False,False,0.9816348381617165,0.06336937798902717,False,False,False,False
2025-02-14 13:00:00+00:00,poultry_manure,1.0601215347950066,26.316084912797862,7.307232434401753,347.93143071670863,2578.659249524948,69.97045628419757,11.546600313053718,91.88629153863687,27.35016093331918,7.0,1,0,False,False,0.9712346108984604,0.0698568228245158,False,False,False,False
2025-02-14 14:00:00+00:00,poultry_manure,1.001206109356633,28.185006429241437,7.383037708773989,367.5491932601297,2539.3931767458685,70.1106042615309,11.747821277628795,90.89461503618102,32.01460771467684,7.0,1,0,False,False,0.9785930292413756,0.0726667093405231,False,False,False,False
2025-02-14 15:00:00+00:00,poultry_manure,1.0352472735299598,30.18938821081389,7.377663284821418,418.4419537354239,2593.0469823276144,70.00945459056145,10.36922863786754,87.86122784221875,34.42961233162502,7.0,1,0,False,False,0.9475500198730875,0.06661082318187181,False,False,False,False
2025-02-14 16:00:00+00:00,poultry_manure,0.9106577676790729,30.943767410082337,7.326592332708425,397.20785299645377,2506.4475123380967,75.0,11.674025224479733,87.48516578394813,29.85943897040431,7.0,1,0,False,False,0.9969645158264417,0.06110062935401805,False,False,False,False
2025-02-14 17:00:00+00:00,poultry_manure,0.9101529443264128,31.943824459196385,7.399624225878702,335.144166100618,2572.879908933354,72.97550129935811,11.177716997022097,88.98870677902809,30.767383420854078,7.0,0,0,False,False,0.9882147507765697,0.06739583715342928,False,False,False,False
2025-02-14 18:00:00+00:00,poultry_manure,0.7924510067202143,33.36682143641526,7.444913943228504,289.7240305486283,2450.9091636109015,75.0,11.960921297619484,80.89449716743457,32.91639192934512,6.134031770465855,0,0,False,False,0.9706406871946462,0.05742685300071088,False,False,False,False
2025-02-14 19:00:00+00:00,poultry_manure,0.629247047483576,33.63787808651005,7.388282172894263,269.2479866512833,2398.91465631944,73.55227839863119,11.723974946228441,90.02354352722988,32.72452545480873,5.3130286630775005,0,0,False,False,0.971374620183055,0.0505397123842894,False,False,False,False
2025-02-14 20:00:00+00:00,poultry_manure,0.5786696171645693,33.37983930704971,7.334148011137575,240.73258973650925,2516.4830528583093,75.0,14.128993396157707,85.63150882334305,30.791370216142656,5.600998881757537,0,0,False,False,0.9814413308577848,0.05257129789611569,False,False,False,False
2025-02-14 21:00:00+00:00,poultry_manure,0.5453889494205226,34.14682761301455,7.44571722544924,267.29400709657716,2389.7357063090208,75.0,10.916736093779665,89.0507960796959,35.45250029836492,4.241572932166988,0,0,False,False,0.9400586774852492,0.039857131844186655,False,False,False,False
2025-02-14 22:00:00+00:00,poultry_manure,0.4422144567484048,31.451751115837478,7.43060164244108,210.2933153058057,2460.144931318577,73.31933309931397,10.634035073281957,87.99425205351768,31.5928916151275,3.3103606874020577,0,0,False,False,0.9772412592151348,0.030112051377985682,False,False,False,False
2025-02-14 23:00:00+00:00,poultry_manure,0.3725046070424813,32.19597251111228,7.362957863860549,202.5836201876443,2521.489219515833,74.84799636185744,10.444953265627603,87.61196054272277,30.56232777500564,2.7270401708096967,0,0,False,False,0.9866014885780816,0.025650513308105156,False,False,False,False
2025-02-15 00:00:00+00:00,poultry_manure,0.3504587517797015,31.23682899518879,7.358592059126783,214.0284162021789,2569.9170689630173,75.0,11.808287196835465,86.95670975881045,31.258472325356784,2.8788358536614997,0,1,False,False,0.9864567127306094,0.02532828132359989,False,False,False,False
2025-02-15 01:00:00+00:00,poultry_manure,0.3568181537073137,29.22428596575363,7.387882837514252,215.58754787994923,2362.963704064043,73.43676647604012,12.70824206866176,88.66765684668042,30.781570618952642,3.2165302440201833,0,0,False,False,0.9886430834671648,0.026083155168689007,False,False,False,False
2025-02-15 02:00:00+00:00,poultry_manure,0.35549426215691915,29.736074792930786,7.386805603443827,164.1164182371232,2389.028894687121,70.07603945032004,12.402695590192232,83.94063326222816,30.559496462329392,2.9608125180722142,0,0,False,False,0.9923915574257449,0.02660363138204393,False,False,False,False
2025-02-15 03:00:00+00:00,poultry_manure,0.3789906172824716,28.698122952918478,7.439953365938201,197.10629325791464,2496.814322409861,70.09217396399936,12.3737246451466,85.98487145349984,29.867700857672133,3.2258260068053115,0,0,False,False,0.9968083853509884,0.027941620789087452,False,False,False,False
2025-02-15 04:00:00+00:00,poultry_manure,0.3993657231166495,26.855168844266917,7.303910967724576,249.8339945081891,2388.490058962064,66.41971669811188,14.496943664855234,88.4287134301676,33.94957346484252,4.095722576150351,0,0,False,False,0.9480195470272985,0.03335118480353718,False,False,False,False
2025-02-15 05:00:00+00:00,poultry_manure,0.548665994416492,25.5051803243434,7.291147296078563,270.450661724119,2390.821832766138,68.09410414616639,13.576568154393039,87.35773135643062,30.27943437001933,5.2058228125854935,0,0,False,False,0.9893228155278415,0.03972326422585936,False,False,False,False
2025-02-15 06:00:00+00:00,poultry_manure,0.5603258746517177,24.823430425469827,7.350734352621959,312.6630724283822,2498.7482657209835,67.32814957154326,13.674843708830977,86.82464210176185,30.679773189374934,5.3222594032130095,0,0,False,False,0.9848280495620958,0.04034524476017231,False,False,False,False
2025-02-15 07:00:00+00:00,poultry_manure,0.7106599433522419,25.327758051126906,7.370579465176653,330.6527978313453,2604.2344706784243,70.01620442675097,12.251403208316567,86.67737511893726,29.591481212302092,6.037309052372344,0,0,False,False,0.9946577960814381,0.04513914375885543,False,False,False,False
2025-02-15 08:00:00+00:00,poultry_manure,0.7031986476263947,24.41786556783938,7.323060230815166,364.5576772110577,2467.9066572037964,66.85177388264475,12.401244741255589,88.08221388506462,30.768892432912583,6.14499472059802,0,0,False,False,0.9903048519645963,0.046425721196314204,False,False,False,False
2025-02-15 09:00:00+00:00,poultry_manure,0.8202990327828513,23.35782044262756,7.296585750182199,394.44379625110355,2495.8665534800675,60.63897465774814,13.57942931793546,89.14745311164349,29.702977575728188,7.0,0,0,False,False,0.9891326291676046,0.059071292746064076,False,False,False,False
2025-02-15 10:00:00+00:00,poultry_manure,0.8739390423610216,25.00207698136446,7.370705292496146,322.8347312291482,2443.9321028781947,69.5100884343351,11.543878532851148,85.24137148087023,31.22812883552088,6.879760273779547,1,0,False,False,0.9854381043090469,0.050162891477826765,False,False,False,False
2025-02-15 11:00:00+00:00,poultry_manure,1.0085453511320304,25.097748273233634,7.342258191934259,362.29647019684194,2447.271232642311,65.49241772188425,12.467132311938865,87.42874919995559,29.73372935718458,7.0,1,0,False,False,0.9950016320121514,0.06956422435225872,False,False,False,False
2025-02-15 12:00:00+00:00,poultry_manure,0.9719299055761628,24.970050035433182,7.346394921247383,370.8395585561866,2453.9430533882673,66.03237930673397,10.043548207877993,88.5425640594696,29.4389778134552,6.914554356872348,1,1,False,False,0.984607519173942,0.052915162827134064,False,False,False,False
2025-02-15 13:00:00+00:00,poultry_manure,1.0411217107207276,27.163728160732802,7.315669068170524,430.9662995017439,2415.426943558491,71.5098981585857,10.423651666870688,86.19216129609539,28.4524486757601,7.0,1,0,False,False,0.9766427450919544,0.058035937501219534,False,False,False,False
2025-02-15 14:00:00+00:00,poultry_manure,1.0881447483605842,28.38070117648432,7.363242602541115,332.7217870468901,2494.1102703658603,65.15251876936047,11.678188777847263,88.89698951523918,30.229530606538944,7.0,1,0,False,False,0.9960956378238469,0.08008276333804662,False,False,False,False
2025-02-15 15:00:00+00:00,poultry_manure,0.9732325551975387,29.791441124558514,7.42913282807883,380.5978695245822,2421.1694124479436,71.86474258665919,12.969361570106914,85.52336959943004,28.37441188533389,7.0,1,0,False,False,0.9788973110028043,0.07436066904816047,False,False,False,False
2025-02-15 16:00:00+00:00,poultry_manure,0.8729721332943703,31.375028182148192,7.431047881179217,375.3238812347853,2518.4358082814,72.24589846407949,10.727516317398589,89.74950364297861,31.651326073777877,6.723905587302198,1,0,False,False,0.9771243208492141,0.061986088922947706,False,False,False,False
2025-02-15 17:00:00+00:00,poultry_manure,0.830396531381912,44.019588589810446,7.363896580519317,373.081494912262,2559.789198485676,69.10692775492693,12.712747421974631,87.0011507796775,29.58504264291344,7.0,0,0,False,False,0.9922866893192612,0.039624604298282316,False,False,True,False
2025-02-15 18:00:00+00:00,poultry_manure,0.7239194469844461,45.06222755763802,7.364126981078558,352.10871757367937,2633.443600037056,65.39923451802291,12.514286320171099,86.5381928555089,29.06647112334223,6.2718279958061425,0,0,False,False,0.9880932796325668,0.036570531123361755,False,False,True,False
2025-02-15 19:00:00+00:00,poultry_manure,0.7032834086843499,44.85564359545413,7.3212578856174915,328.6841334292657,2384.0136683247374,67.90897802044921,11.080898933667177,88.99298993118809,30.984948860109657,5.548187773405722,0,0,False,False,0.9855550060672393,0.031105410063030248,False,False,True,False
2025-02-15 20:00:00+00:00,poultry_manure,0.6081081594668011,44.838930633408154,7.389866757421092,310.07405772039147,2353.081039263455,68.28161698450475,11.958301879714524,86.68705133073402,31.67389677766717,5.043064944772118,0,0,False,False,0.9830525416219009,0.028862505773154065,False,False,True,False
2025-02-15 21:00:00+00:00,poultry_manure,0.5139166143134001,44.68131170290897,7.440838484432236,275.1120356875153,2435.058075766204,67.37276688187673,13.270677823800266,88.45055121313858,30.194747835375367,4.825877511889065,0,0,False,False,0.9916991325272451,0.026403372356959318,False,False,True,False
2025-02-15 22:00:00+00:00,poultry_manure,0.41320771167297515,42.42907046145266,7.292001549287368,254.7881385944538,2413.7816793035095,66.39855984578269,13.83416570001048,86.25703642041049,26.019327570673703,3.944626709791906,0,0,False,False,0.9510224472066847,0.021244769970741827,False,False,True,False
2025-02-15 23:00:00+00:00,poultry_manure,0.3406493719477841,43.070763206367275,7.354944079164498,190.63196266125024,2371.8056491244893,65.9612214991539,12.580098127538056,88.98422443269135,28.557587066833136,3.0506657613974095,0,0,False,False,0.9826753800306411,0.016832085008276054,False,False,True,False
2025-02-16 00:00:00+00:00,poultry_manure,0.3427625357534841,43.34061419147578,7.332809345431134,223.60908346826156,2545.5851005548434,69.10692775492693,12.877175895286404,87.91136568513836,28.44424974710287,3.1041949554433446,0,1,False,False,0.9800566179945968,0.016126971003890923,False,False,True,False
2025-02-16 01:00:00+00:00,poultry_manure,0.3319427436080983,41.34853808974863,7.385620160843633,217.38039166588953,2288.0015460498557,64.76810739329649,10.050545981172341,86.60061592797355,29.15417623385651,2.3113398225088475,0,0,False,False,0.9817944922444267,0.011859092033622492,False,False,True,False
2025-02-16 02:00:00+00:00,poultry_manure,0.3319069783914155,39.989228296602974,7.295117877148012,257.81908728446524,2254.7511509116075,65.19229396855583,11.959794940082627,90.23836861041265,30.05466945393095,2.865638077262979,0,0,False,False,0.9992522801611037,0.013938403870724068,False,False,True,False
2025-02-16 03:00:00+00:00,poultry_manure,0.3655282991249008,40.03686687910201,7.347594667077358,234.52619972522444,2596.3197639513123,69.10692775492693,11.392939388815012,83.2408315456736,30.97045115388716,2.7732127580942025,0,0,False,False,0.9872601854052034,0.013012181295332985,False,False,True,False
2025-02-16 04:00:00+00:00,poultry_manure,0.428077420115135,40.17684763806735,7.306737894753984,245.44164822842515,2466.6364297996042,63.99100588426682,12.235371856096581,86.79191179413641,29.87736854590327,3.636710540984487,0,0,False,False,0.9975968261785497,0.017894080526391215,False,False,True,False
2025-02-16 05:00:00+00:00,poultry_manure,0.526101248616471,37.476787971068774,7.3945661766516695,299.77639592280093,2499.497706900841,64.51904777675995,12.866649287929985,87.10784770484244,31.010418752233516,4.717175845278042,0,0,False,False,0.985562566038015,0.02143643256346833,False,False,True,False
2025-02-16 06:00:00+00:00,poultry_manure,0.5261739511746877,37.1953053669951,7.322415346941971,237.54536563063155,2549.9585688562534,64.89866456201908,10.905528892586773,87.12920442762587,31.84697366781111,3.9997220502109188,0,0,False,False,0.9760579077848227,0.01760220552247999,False,False,True,False
2025-02-16 07:00:00+00:00,poultry_manure,0.6581549840999602,24.250823006461943,7.245271238235811,290.20958604566295,2581.8809611595957,69.92872127451906,12.934773153722992,90.45976424154682,30.561901880081653,6.1607336000024215,0,0,False,False,0.9897071154305686,0.04298206605724067,False,False,False,False
2025-02-16 08:00:00+00:00,poultry_manure,0.7965818928943945,23.381336100265553,7.2823800501333995,384.4799161204353,2421.3942975026966,62.2022612976031,10.980686335592381,86.84624841622346,32.785552543243924,6.0771641305225845,0,0,False,False,0.9670479062455227,0.044319459076287225,False,False,False,False
2025-02-16 09:00:00+00:00,poultry_manure,0.7517641041266584,23.728784671902,7.343321161882674,296.8778710257552,2494.3454777511424,66.44492433101232,9.997858357313653,90.06701801984772,31.38984267982974,5.415572018577794,0,0,False,False,0.9760908649882708,0.03992755149788173,False,False,False,False
2025-02-16 10:00:00+00:00,poultry_manure,0.9062752965549585,23.876618843786396,7.376759511861608,332.55130520187095,2284.447228954834,67.5566837532803,12.913534191867276,87.67201540478378,27.622699901054524,7.0,1,0,False,False,0.9716593280512088,0.05828539423123134,False,False,False,False
2025-02-16 11:00:00+00:00,poultry_manure,0.9687963794444406,24.325230115344127,7.388495820454497,385.68470229200256,2414.564838081413,73.71224799772969,13.574816432649424,86.41623484053069,33.12330378283154,7.0,1,0,False,False,0.9608928800084374,0.059547062006664625,False,False,False,False
2025-02-16 12:00:00+00:00,poultry_manure,1.0061660609024006,24.996448483729132,7.307867599127978,339.4104764527415,2502.90207668775,73.66537408502946,13.354478123688157,85.23597897821543,33.534416042692314,7.0,1,1,False,False,0.9578834489546361,0.06335447002383066,False,False,False,False
2025-02-16 13:00:00+00:00,poultry_manure,1.1044915765809487,26.203853674607213,7.351730365385913,341.728443875356,2601.9076735953477,71.7551116017433,11.450091706061492,87.97348867388693,30.251796594755554,7.0,1,0,False,False,0.994732492582752,0.06835670637908851,False,False,False,False
2025-02-16 14:00:00+00:00,poultry_manure,0.9995981460159156,27.500646118076336,7.4103548020650845,380.13644992400555,2576.4560108586834,59.65474318815674,12.517487974437866,86.4572952050411,33.77606676899926,7.0,1,0,False,False,0.9596518924378181,0.08119088909080069,False,False,False,False
2025-02-16 15:00:00+00:00,poultry_manure,0.933893579718334,29.679861339355316,7.374747591584222,310.3865401820795,2665.9937222016724,73.70637358288954,10.588706073569616,88.31118650600096,27.870197921715448,6.986280033525871,1,0,False,False,0.9716455095850026,0.05930802883409902,False,False,False,False
2025-02-16 16:00:00+00:00,poultry_manure,0.8930905435424497,30.961098163181646,7.461273646168947,377.4332231009835,2434.2611772144146,70.03233731767408,12.140907399219794,86.34866866642221,31.51829988616449,7.0,1,0,False,False,0.9841124641422562,0.06866589087731094,False,False,False,False
2025-02-16 17:00:00+00:00,poultry_manure,0.8454385706070704,32.57112342783851,7.493079736923193,361.52010867490714,2724.9891346854383,75.0,13.43624262605847,91.6790100804154,28.626894750556417,7.0,0,0,False,False,0.9790877343752717,0.07817364994408693,False,False,False,False
2025-02-16 18:00:00+00:00,poultry_manure,0.72734358683162,33.27831655866543,7.393097873322079,338.6210576733483,2393.5811403322405,73.08964453719197,14.016062273544033,87.38274067933095,30.13922364079682,7.0,0,0,False,False,0.9885274522243116,0.06826527651332537,False,False,False,False
2025-02-16 19:00:00+00:00,poultry_manure,0.6228529345885304,32.671787188505725,7.433877968668966,226.8492161773081,2392.992303180913,74.14420239121546,10.685544276348914,87.84786467925844,27.8906569510584,4.677387597044473,0,0,False,False,0.9723342908923286,0.042515651344601724,False,False,False,False
2025-02-16 20:00:00+00:00,poultry_manure,0.5639097737698607,32.897930623600296,7.375131040934319,218.23613514081669,2535.1358981878257,71.60898892237145,11.840377744205021,89.32115559809198,30.88351084037834,4.771110774048849,0,0,False,False,0.9903667803172417,0.045133076722648324,False,False,False,False
2025-02-16 21:00:00+00:00,poultry_manure,0.4990077839682393,32.55508204878027,7.457381919170457,266.48000971937256,2329.002329688656,75.0,12.15661344502497,85.71895018243399,28.549620843371546,4.159937042392795,0,0,False,False,0.9847131412085905,0.03887349194304568,False,False,False,False
2025-02-16 22:00:00+00:00,poultry_manure,0.4724235845860669,31.556188442543096,7.426540747031014,235.18098808901493,2598.741786433164,74.87387743070519,12.383262000797142,87.17855346367479,32.817126370412794,4.08005744546163,0,0,False,False,0.9699124262918863,0.03683968624038018,False,False,False,False
2025-02-16 23:00:00+00:00,poultry_manure,0.3704867879390542,31.120057107637535,7.3657634039348086,228.08212085629262,2412.6807068653734,74.38633742773906,12.892719061533167,89.42992474448934,28.6916086850237,3.417355002528344,0,0,False,False,0.9824524915425712,0.029142441019506783,False,False,False,False
2025-02-17 00:00:00+00:00,poultry_manure,0.3384258672550913,29.91011647415585,7.37356511469557,209.4403287942713,2635.6624637207224,73.41904087267933,11.194726391778442,87.2321800635226,31.419698524297253,2.6438922227485353,0,1,False,False,0.9817766467159197,0.021539446450747346,False,False,False,False
2025-02-17 01:00:00+00:00,poultry_manure,0.31418922640558933,28.919648231826372,7.426845343223551,204.03535372392486,2565.886182678544,70.22095826543736,12.295703364770164,86.55626420941122,28.245908494510577,2.675057718612055,0,0,False,False,0.980980568121255,0.0235824518508038,False,False,False,False
2025-02-17 02:00:00+00:00,poultry_manure,0.3723842375508335,29.460353626315513,7.337197505679542,198.7063199916667,2506.6590723867857,75.0,11.02964176182255,87.16964450294097,28.111961203793207,2.864230456682157,0,0,False,False,0.9762678208470448,0.02346580997922355,False,False,False,False
2025-02-17 03:00:00+00:00,poultry_manure,0.38975836258557217,27.950155957987686,7.448147873330409,337.3973191079885,2370.497802523042,70.67407366506343,14.115978599700583,88.68167736360306,30.523183874668327,3.903285509607155,0,0,False,False,0.9841882682548138,0.03226034650120132,False,False,False,False
2025-02-17 04:00:00+00:00,poultry_manure,0.453925594186129,26.46024260578946,7.3127503046017,216.2961581240948,2458.7971674441806,75.0,10.20617784379202,89.58449376476163,33.28597412302716,3.3202488373087276,0,0,False,False,0.9581711479886885,0.02393870231415294,False,False,False,False
2025-02-17 05:00:00+00:00,poultry_manure,0.5181447414972282,26.280804082520547,7.3165889436507,218.6047863322734,2501.4916233851213,72.39056433483033,9.872191106291407,86.02477613523276,30.921425986008252,3.5202879330755295,0,0,False,False,0.9801466956713746,0.026495726833139797,False,False,False,False
2025-02-17 06:00:00+00:00,poultry_manure,0.5667234493473987,25.49543271404852,7.378906060319862,342.37822741218883,2407.740674133302,70.63950938051335,10.652935355046326,90.00555799212093,29.708103615916034,4.347101595178248,0,0,False,False,0.990345712934392,0.032401239610497,False,False,False,False
2025-02-17 07:00:00+00:00,poultry_manure,0.6820096183529489,25.325702467204476,7.305419723276404,294.648147746275,2596.751316663981,68.3342730131535,11.48719295323803,90.16323094253242,29.059354790752955,5.650981279765004,0,0,False,False,0.9880295126737196,0.04176026882260843,False,False,False,False
2025-02-17 08:00:00+00:00,poultry_manure,0.7246751842861987,23.857475270092458,7.347976758005237,374.141689153082,2501.6611671593278,66.99645496184799,12.143629222334475,87.9562418494341,33.51002033239236,6.1922508290247205,0,0,False,False,0.964181650564404,0.04540005266935172,False,False,False,False
2025-02-17 09:00:00+00:00,poultry_manure,0.8637264933232667,24.061632507966944,7.357529108639964,418.8450559020546,2492.0654380376623,71.12661999803002,12.502099167740884,92.0,27.816599745862348,7.0,0,0,False,False,0.975655501619919,0.054587791447000725,False,False,False,False
2025-02-17 10:00:00+00:00,poultry_manure,0.9683767007186204,23.875821112885937,7.299102127595977,352.67784345064797,2460.9951060673457,67.29896445376872,12.040206638457466,89.723551083938,30.419291611424267,7.0,1,0,False,False,0.99560605069347,0.05877956141052104,False,False,False,False
2025-02-17 11:00:00+00:00,poultry_manure,1.092267913221524,24.158179713695233,7.328778395800753,349.5123399035498,2405.813253466979,64.62034345413129,12.407976958229211,87.75863581131124,33.82332608428816,7.0,1,0,False,False,0.9597268543659724,0.07000058319833584,False,False,False,False
2025-02-17 12:00:00+00:00,poultry_manure,0.956685049139689,26.24031279140587,7.31180157991098,402.70992845021965,2512.213957443275,68.41007617132175,12.347679215272722,89.3039621639199,27.920078419915015,7.0,1,1,False,False,0.9774623881227865,0.067263903681079,False,False,False,False
2025-02-17 13:00:00+00:00,poultry_manure,1.0750148664723542,27.229668108801008,7.393865612593818,369.0904726834745,2508.799014374971,75.0,10.03278293091449,85.62156391002604,30.960735981576526,7.0,1,0,False,False,0.9805565548388072,0.0550116427332395,False,False,False,False
2025-02-17 14:00:00+00:00,poultry_manure,1.0449739326040945,27.74063047637568,7.3163216156571425,340.6187940330914,2413.801924349833,72.06567500725996,10.831707351311067,84.90078985691547,28.354794167649473,7.0,1,0,False,False,0.97770647843305,0.06024546942563066,False,False,False,False
2025-02-17 15:00:00+00:00,poultry_manure,0.9110050444994111,29.72542967583062,7.381793464950787,420.3303896866347,2568.5746862801643,69.1305817414282,12.157627254301183,88.07039431205106,31.230085208116684,7.0,1,0,False,False,0.9869110116473273,0.07101876166918167,False,False,False,False
2025-02-17 16:00:00+00:00,poultry_manure,0.9248119704567975,31.303482467125395,7.450701333494277,317.7580910692843,2520.546623057317,73.20047709172027,11.189108164543786,86.5568103576447,33.02011309426706,7.0,1,0,False,False,0.9657444098800483,0.0674741397580119,False,False,False,False
2025-02-17 17:00:00+00:00,poultry_manure,0.9012534000342589,31.86865436788875,7.404401083594616,351.22842512996743,2437.9775527858196,75.0,11.55938656278669,87.21775614539145,35.390758409948646,7.0,0,0,False,False,0.943889348714447,0.06352175762753474,False,False,False,False
2025-02-17 18:00:00+00:00,poultry_manure,0.7383993709873611,32.69179874187337,7.352902070507346,345.2922781194004,2465.1954115557605,71.88593037728491,11.952593844346469,88.1371665965809,32.82904992915352,6.223039420709715,0,0,False,False,0.9714724699301972,0.05795480704770889,False,False,False,False
2025-02-17 19:00:00+00:00,poultry_manure,0.689902070774749,34.537845975858794,7.4665269459556205,346.8364345623411,2467.1094481848913,73.65384321447752,12.756506399783262,89.1525436327373,30.963375931054955,6.276866983939981,0,0,False,False,0.9865837086905341,0.06190496070113287,False,False,False,False
2025-02-17 20:00:00+00:00,poultry_manure,0.5829959851390129,32.75435217031688,7.33113283215598,284.44465178139325,2408.0804367603846,75.0,13.038265471693665,85.8139834659496,29.75879520059598,5.21835274414959,0,0,False,False,0.9923966246474916,0.04638495879219337,False,False,False,False
2025-02-17 21:00:00+00:00,poultry_manure,0.5151906448036884,32.609327837809275,7.422492240322342,280.0666867408874,2443.8016607878617,75.0,12.958646819909799,90.4968526049811,28.788046329035616,4.833381593870653,0,0,False,False,0.9830872291908072,0.046003438745908926,False,False,False,False
2025-02-17 22:00:00+00:00,poultry_manure,0.4204676053125746,33.23023777902168,7.387513897276425,263.8489810499376,2478.188995467217,75.0,11.841215520737425,90.37532826523064,27.06938487230574,3.5997198421383367,0,0,False,False,0.9698999263267445,0.032183547396959514,False,False,False,False
2025-02-17 23:00:00+00:00,poultry_manure,0.38447391261585395,31.51880127837086,7.422500313367423,252.831468769758,2376.2241211187297,70.82762331260433,14.863317149212245,88.6415853082533,32.641262230269156,4.052379630062566,0,0,False,False,0.9592707919512472,0.038006264207973504,False,False,False,False
2025-02-18 00:00:00+00:00,poultry_manure,0.3573942150697117,30.726672726628887,7.428039866740914,203.65323479515627,2497.265767631532,68.33543887185434,12.326020785762497,90.76891950451595,26.088843814953922,3.1988771891322494,0,1,False,False,0.9592583342207267,0.029787965910899168,False,False,False,False
2025-02-18 01:00:00+00:00,poultry_manure,0.32839893495475925,29.24557403454138,7.445486171744523,177.39587949321228,2565.033371189069,69.66392664190683,11.930637762620742,87.60255024696104,31.85352532509653,2.7458204563095885,0,0,False,False,0.9811179355621384,0.023652410692875884,False,False,False,False
2025-02-18 02:00:00+00:00,poultry_manure,0.3345990965988112,29.210644971160747,7.381560187368358,189.37666548570493,2322.7001328612037,75.0,11.571372381406276,85.93747541281567,30.685121090580793,2.661841625776017,0,0,False,False,0.9910056510012234,0.021380654501909045,False,False,False,False
2025-02-18 03:00:00+00:00,poultry_manure,0.3814778313242409,28.306076346782575,7.436587881583737,299.7223634625989,2543.7457121074754,66.8041148933735,12.786182021048132,88.98632343209233,33.81244753467885,3.4723495561308892,0,0,False,False,0.9579446145479708,0.03037862953176587,False,False,False,False
2025-02-18 04:00:00+00:00,poultry_manure,0.42541854032440596,27.62229158911814,7.380494766982662,273.8267704867975,2736.168791706029,72.8365960347909,12.886816733022624,89.57127108807722,29.805829055637016,3.928446017640523,0,0,False,False,0.9936242068912571,0.030943943362655695,False,False,False,False
2025-02-18 05:00:00+00:00,poultry_manure,0.5071734362276905,26.761566093128152,7.392198343779516,261.1987542764709,2457.473911986702,75.0,12.115568207567701,88.60606707474089,32.04768655774112,4.355657604702883,0,0,False,False,0.9789452933847502,0.032291705649750375,False,False,False,False
2025-02-18 06:00:00+00:00,poultry_manure,0.5654449513989842,25.36738258478833,7.263362887763815,283.9319297922408,2481.155317262083,75.0,11.676590244088128,87.64895867861262,32.46085391528217,4.629596262618215,0,0,False,False,0.9737744120676189,0.031782517271196915,False,False,False,False
2025-02-18 07:00:00+00:00,poultry_manure,0.7052540358877979,24.14306072885402,7.329370534627789,329.1192464803099,2465.959322385379,68.74498176153747,11.486646934894377,88.09640431609525,31.5130187120252,5.709354667282341,0,0,False,False,0.9823030475542198,0.04238347959739021,False,False,False,False
2025-02-18 08:00:00+00:00,poultry_manure,0.7726940771857559,23.419189530149872,7.399658911335698,369.3684195669617,2309.7151094600727,64.25553532246805,12.942441388912153,88.17376138723013,29.87457055240257,7.0,0,0,False,False,0.994033498579465,0.05285955716060027,False,False,False,False
2025-02-18 09:00:00+00:00,poultry_manure,0.7842908560466118,24.884957968524,7.33223766189893,388.2340383237291,2518.0945396706484,68.83492259172644,14.105939090651992,87.73223840219977,30.3458351596234,7.0,0,0,False,False,0.986011952950506,0.0575233312853511,False,False,False,False
2025-02-18 10:00:00+00:00,poultry_manure,0.9801865874728191,23.791831383472104,7.279590778236778,371.9006342278892,2511.589895407232,69.01259780407435,11.378498329335597,88.74557794314994,26.875943040307327,7.0,1,0,False,False,0.9656519220497513,0.05546766209299597,False,False,False,False
2025-02-18 11:00:00+00:00,poultry_manure,0.9270332757987614,25.23156924270447,7.3354163315554395,348.8051288475881,2526.4292326582654,64.60943388927299,10.748232782718107,87.12460196499397,31.396775874659824,6.944854975521624,1,0,False,False,0.9797734051669923,0.0561639390007873,False,False,False,False
2025-02-18 12:00:00+00:00,poultry_manure,0.9840864701357646,26.123899578543753,7.335903388460383,382.3181182750361,2372.939261209902,66.7580637080671,11.157283128404583,89.6886539266211,31.213501919078134,7.0,1,1,False,False,0.9836513964512416,0.06473132722608521,False,False,False,False
2025-02-18 13:00:00+00:00,poultry_manure,1.070757470060781,26.85258379832699,7.336099221813412,387.4054841527783,2471.4673974913035,70.86923401590919,12.850643910848353,90.68671691645415,28.42123010449888,7.0,1,0,False,False,0.9799590814907471,0.07666280512842275,False,False,False,False
2025-02-18 14:00:00+00:00,poultry_manure,0.9612700763357065,29.215481698460376,7.337418949302338,390.22777473604907,2644.500990614178,74.7876780049459,11.240130511942157,90.62395571381948,30.8462991289568,7.0,1,0,False,False,0.9877376612701428,0.06308560131805158,False,False,False,False
2025-02-18 15:00:00+00:00,poultry_manure,1.0669935674161393,29.70475725444499,7.352290244661824,424.50553894505885,2485.1060826806383,75.0,12.215424762587219,87.98157421908047,31.853831454776675,7.0,1,0,False,False,0.9803845616392971,0.07551998886727249,False,False,False,False
2025-02-18 16:00:00+00:00,poultry_manure,0.807370489608029,31.730189722797032,7.361317866167036,364.02260554068914,2525.9844871514556,71.53835630804895,13.295097934719562,90.35850866275322,30.500293884622668,7.0,1,0,False,False,0.9885215714801755,0.07106657275890593,False,False,False,False
2025-02-18 17:00:00+00:00,poultry_manure,0.721884904304424,31.8662322196468,7.329556115809792,290.17729331216316,2322.8795023273483,72.19917525554622,11.063024621965107,89.62339752158555,26.679928043590195,5.726024865285064,0,0,False,False,0.9621144035457274,0.051740331270101324,False,False,False,False
2025-02-18 18:00:00+00:00,poultry_manure,0.7708773429271755,32.58421203522315,7.412090983641807,351.5487187511829,2311.391916683013,74.12230582869451,11.902978561069933,88.37156165375546,33.47535426687918,6.486993300783541,0,0,False,False,0.9647613501365578,0.06129368686403463,False,False,False,False
2025-02-18 19:00:00+00:00,poultry_manure,0.6265498116117076,33.144070040583145,7.470592712650168,333.59900136407947,2447.8173482009847,72.59567863911316,11.949015598674178,89.94791484127849,29.557914776534112,5.387270951776978,0,0,False,False,0.9953242257587119,0.053421416880633815,False,False,False,False
2025-02-18 20:00:00+00:00,poultry_manure,0.5900323612114872,34.52344687963459,7.348983931368228,316.072451661439,2439.500640906382,74.82863410740099,12.529750872696992,85.19958042359981,30.85823730556338,5.039015693411392,0,0,False,False,0.9887688725808812,0.0485885233396142,False,False,False,False
2025-02-18 21:00:00+00:00,poultry_manure,0.48492118639038734,33.25114876816477,7.347991539532187,251.21693069403113,2471.2492255463253,72.53885002111122,12.710178846535719,89.6698806322259,27.139547986289276,4.4213958498185475,0,0,False,False,0.9678445856302141,0.04255564384715565,False,False,False,False
2025-02-18 22:00:00+00:00,poultry_manure,0.42978674076219353,32.376286597923034,7.360752065949501,264.70814527326235,2485.50813275095,75.0,10.299514822048339,86.21246703845293,27.207872369246175,3.05302133996067,0,0,False,False,0.9635762978027034,0.027363748830363455,False,False,False,False
2025-02-18 23:00:00+00:00,poultry_manure,0.38825163668767626,30.52262561935228,7.357655509444678,225.44244937663805,2511.6036900612235,75.0,12.822456532386475,85.35446049957686,29.29723722259153,3.399388018154241,0,0,False,False,0.9888600895639829,0.029112594203639708,False,False,False,False
2025-02-19 00:00:00+00:00,poultry_manure,0.3507402172617555,30.41564272571171,7.348482374336048,222.91712209843138,2058.2386567387894,73.58874596860962,11.477812298669289,88.2798998205931,29.674864112503958,2.8431285967321753,0,1,False,False,0.9941377026183861,0.024590674161611537,False,False,False,False
2025-02-19 01:00:00+00:00,poultry_manure,0.3332205181669395,29.24773309951759,7.37757390611978,176.5352393983558,2660.442791986717,75.0,10.684420693914559,85.65547972067353,29.794159540389245,2.4396518448008058,0,0,False,False,0.9913636988734653,0.019858514835310266,False,False,False,False
2025-02-19 02:00:00+00:00,poultry_manure,0.3407139339182261,27.817971637864986,7.324372997416512,190.50017643007536,2424.7886770777263,74.52924493341037,12.048712677697466,88.78825493630767,29.537531700857883,2.9159229918879057,0,0,False,False,0.9951317536200915,0.022510335280174345,False,False,False,False
2025-02-19 03:00:00+00:00,poultry_manure,0.3786417721338691,27.491507218582683,7.37419132693621,202.6071849915733,2561.503199174441,70.22642867451079,12.08295923544842,89.94082978331193,31.463941617671132,3.2919157467558464,0,0,False,False,0.9849457876460467,0.026837813228229184,False,False,False,False
2025-02-19 04:00:00+00:00,poultry_manure,0.4214119680059722,28.123199147420905,7.327960173924767,258.47115916267853,2520.3583727660985,74.22099853974333,13.008066742346188,88.07135589435458,31.093322305176052,3.8622847683635793,0,0,False,False,0.9840264432365086,0.030440659510099298,False,False,False,False
2025-02-19 05:00:00+00:00,poultry_manure,0.5361041631719863,26.68280837143361,7.177418335014064,266.5780284292765,2651.960670154298,69.90771446729298,11.22778846458477,88.0480800652938,32.96184705882705,4.239877206813742,0,0,False,False,0.9665204717346534,0.03197724134020651,False,False,False,False
2025-02-19 06:00:00+00:00,poultry_manure,0.5563808986109747,25.768733844339295,7.394822541189737,243.52226542556585,2380.6367637705357,65.0031853663548,13.190488069169952,87.04706054508654,31.41506408973244,5.1106621755887405,0,0,False,False,0.9798969187568258,0.0406863064619476,False,False,False,False
2025-02-19 07:00:00+00:00,poultry_manure,0.6842821633128214,24.260421661300125,7.339455057330487,330.9585566223723,2349.3912121583944,68.86627453891074,12.498973210947069,89.3038387110994,29.34865053654616,6.11040042592246,0,0,False,False,0.9909916393107262,0.0449837953487773,False,False,False,False
2025-02-19 08:00:00+00:00,poultry_manure,0.775007924077397,23.7675561029766,7.14026202282789,317.57349984588,2483.351294578942,63.35486979358229,11.49868882433247,84.47278643003523,30.987600529912765,6.022284543673571,0,0,False,False,0.9876174388225346,0.04522243246753863,False,False,False,False
2025-02-19 09:00:00+00:00,poultry_manure,0.7687965319812557,23.00706263284935,7.289278408002412,338.24018257517537,2530.3014494675717,62.503115872365264,12.240688075638536,85.27868085900288,32.02457172954602,6.4201874377808155,0,0,False,False,0.9785508423263471,0.04727361773619711,False,False,False,False
2025-02-19 10:00:00+00:00,poultry_manure,0.9282208529490809,24.657132888452736,7.349346598484543,375.86049439894845,2625.3544964774064,69.3530897636473,12.629805505537881,85.54362479087662,34.47758893290028,7.0,1,0,False,False,0.9520750831433078,0.058065115390848424,False,False,False,False
2025-02-19 11:00:00+00:00,poultry_manure,1.0221288822493397,24.340028927178654,7.306099422584208,384.51447141828265,2398.5954765668266,67.09924245741219,12.83780983385836,90.50213157265549,29.143011742462022,7.0,1,0,False,False,0.9872410682553284,0.07046458538201072,False,False,False,False
2025-02-19 12:00:00+00:00,poultry_manure,0.9900020457031246,25.555360042429914,7.37301754844111,357.4638338339072,2445.6370251981566,66.01798705943492,12.054696979840074,86.28193660512306,31.858534100286512,7.0,1,1,False,False,0.9811411740979346,0.06842332723347125,False,False,False,False
2025-02-19 13:00:00+00:00,poultry_manure,1.0466444039631981,27.391013596649906,7.3556581967578,405.4964975775041,2655.1849579801114,68.86649762677418,12.116703447055842,88.1211225078632,29.16634028347823,7.0,1,0,False,False,0.9910798855995031,0.07500907737553654,False,False,False,False
2025-02-19 14:00:00+00:00,poultry_manure,0.9976727723890723,27.711036495972763,7.229296238479938,356.06986970619846,2433.317084197765,70.02799744721459,13.130737936789386,87.34062473945345,31.196071388649635,7.0,1,0,False,False,0.9823855964295567,0.07422003188991605,False,False,False,False
2025-02-19 15:00:00+00:00,poultry_manure,0.9750842706753231,30.32298068461331,7.250864565021564,372.8665745541876,2506.9493407235414,68.08304841519123,12.450014835538385,87.26220729927452,28.204994818043364,7.0,1,0,False,False,0.9797998740027417,0.07559332917446833,False,False,False,False
2025-02-19 16:00:00+00:00,poultry_manure,0.9526969677102806,29.9950665063136,7.4256917126741975,370.78485242663993,2352.5306901719982,73.04866243535402,11.097851969583772,84.63567536426345,32.116704276947395,7.0,1,0,False,False,0.9743222170784449,0.06269755123671134,False,False,False,False
2025-02-19 17:00:00+00:00,poultry_manure,0.8367222656655435,31.061958024201253,7.468031716883331,319.79522222185665,2540.95797363991,75.0,10.999885994312091,89.20144255086976,29.338655388487094,6.567973241650256,0,0,False,False,0.9883859838564314,0.0561813610986462,False,False,False,False
2025-02-19 18:00:00+00:00,poultry_manure,0.78391084036252,33.34471627769285,7.370542493662973,372.7804950914566,2388.8071297531174,75.0,12.440499850534744,84.83576945212639,29.68899697934037,6.618712101523592,0,0,False,False,0.99468747054073,0.062189273661150665,False,False,False,False
2025-02-19 19:00:00+00:00,poultry_manure,0.6226188342489726,33.38542043477782,7.426125838435034,345.4226795952397,2614.9334285952605,73.44082487033747,12.419652350193038,86.66169098393986,33.88128059600758,5.361037427113142,0,0,False,False,0.9590889322889591,0.05429490893373576,False,False,False,False
2025-02-19 20:00:00+00:00,poultry_manure,0.5905967601376322,33.38801094540675,7.4082975703430165,273.2404893102789,2484.067680471171,71.26541157811936,11.655833920312425,86.96176948061485,32.105303577273794,4.789087434136003,0,0,False,False,0.9772261338288242,0.048518364318845986,False,False,False,False
2025-02-19 21:00:00+00:00,poultry_manure,0.46138453744572366,31.825795030360073,7.37722941071685,297.55630001826876,2528.3052199327335,70.3895714553418,12.49232618193536,89.96449466180715,26.7263954696564,4.148274462965121,0,0,False,False,0.9648023237868872,0.03855445643020179,False,False,False,False
2025-02-19 22:00:00+00:00,poultry_manure,0.4272785715381044,32.838216518767126,7.363538500218675,260.92542899650874,2545.584240297424,75.0,12.584680314005572,87.87367133845609,28.803848004775553,3.7800892967153006,0,0,False,False,0.9851150784777276,0.03481633475678684,False,False,False,False
2025-02-19 23:00:00+00:00,poultry_manure,0.36964035357353886,32.26627073332662,7.403615148783859,170.34509690392693,2441.813592072468,72.19067040298863,10.975163163979792,89.94375918148616,30.24975221263594,2.919116208119413,0,0,False,False,0.9923782936935395,0.027819123521149118,False,False,False,False
2025-02-20 00:00:00+00:00,poultry_manure,0.35622633485228583,30.600387978632067,7.338176346776358,261.7119881948267,2521.5609031256804,72.6302637438279,13.793755583611027,86.0316513078546,30.152007482434534,3.381869108830696,0,1,False,False,0.9895111472575995,0.02951628623702604,False,False,False,False
2025-02-20 01:00:00+00:00,poultry_manure,0.3303676546782736,29.717614055502473,7.360734272042213,217.66227265331116,2251.1916273259576,70.86532374653744,11.53508027374297,89.81809795300032,29.172935502359042,2.7382429760141833,0,0,False,False,0.9894047563923052,0.02369591097495179,False,False,False,False
2025-02-20 02:00:00+00:00,poultry_manure,0.38144927049830907,30.0751661086688,7.3189334312025585,244.27393510923622,2636.413784512869,71.44722965219434,12.393207896871274,87.496448834185,29.999986536072825,3.309031776291633,0,0,False,False,0.9980338258763719,0.028459129566192072,False,False,False,False
2025-02-20 03:00:00+00:00,poultry_manure,0.3751921386305828,27.51276303964377,7.257851357720101,202.2642792587411,2421.9284413418345,67.5010059771469,10.524601459192963,88.17668641622714,31.132980968541304,2.7854999223948282,0,0,False,False,0.9812931976105518,0.02276435245716172,False,False,False,False
2025-02-20 04:00:00+00:00,poultry_manure,0.4132112020055118,25.680375695581255,7.332439956741156,186.90816365628694,2323.269438358649,64.34581719580106,10.578841164885295,86.52336928318083,33.3354728468122,3.0257538384805103,0,0,False,False,0.9595394773563044,0.023672472931642784,False,False,False,False
2025-02-20 05:00:00+00:00,poultry_manure,0.4534664230724863,26.302538975007895,7.323552764769004,216.62969219119074,2229.5620257573587,69.2922207372098,11.122091658524319,89.03172692074837,27.942098868967246,3.592248643050567,0,0,False,False,0.975031446982294,0.027736841307467234,False,False,False,False
2025-02-20 06:00:00+00:00,poultry_manure,0.5869064314999848,24.688903786451384,7.343007520351538,233.55710969916288,2475.1813818427386,68.1065355463138,10.501430691990358,91.38805600358533,29.50191714528084,4.506057873272802,0,0,False,False,0.9875263249127602,0.034007594749393646,False,False,False,False
2025-02-20 07:00:00+00:00,poultry_manure,0.663688075376502,24.97054748702168,7.3322042322933445,266.7107471590635,2450.1475392920233,70.12049272573528,11.123996242372115,90.24844948392969,32.07207973490769,5.330335982071917,0,0,False,False,0.9748991838627837,0.03787952877393298,False,False,False,False
2025-02-20 08:00:00+00:00,poultry_manure,0.791692595681958,23.717516383693457,7.315714674490666,301.28107303670345,2483.9837307179027,68.08953448305516,11.997704137636592,89.98747353158163,33.195837417605595,6.837963481649871,0,0,False,False,0.968030146512127,0.0482006153438892,False,False,False,False
2025-02-20 09:00:00+00:00,poultry_manure,0.8806011495925703,23.830352154217266,7.286990911225556,396.0787228931029,2531.161804488088,66.1788200322496,11.57919278941158,87.83499752800311,31.82145041396335,7.0,0,0,False,False,0.9796814598074244,0.05248275596841157,False,False,False,False
2025-02-20 10:00:00+00:00,poultry_manure,0.9487916688524661,23.871224170093715,7.295219208644746,412.9405343083412,2549.858923614243,67.47491168579535,12.476901498892154,89.48022145798488,26.976901532063174,7.0,1,0,False,False,0.967384507826171,0.06056498305563161,False,False,False,False
2025-02-20 11:00:00+00:00,poultry_manure,0.922729779396087,24.096684966837664,7.338506872597022,351.9715084307534,2504.4812017356035,68.91506561957176,12.553870126918671,86.72328088133497,28.959094279700846,7.0,1,0,False,False,0.986821592162415,0.05871723414111506,False,False,False,False
2025-02-20 12:00:00+00:00,poultry_manure,0.9387799548123216,25.714452319043097,7.287144311268684,361.3046875220528,2333.961019080658,69.60100764276146,11.565766794313644,88.1500383530979,27.80295556626173,7.0,1,1,False,False,0.9758583896341855,0.05719978593740405,False,False,False,False
2025-02-20 13:00:00+00:00,poultry_manure,0.9910605646357559,27.852243843179146,7.3795063870986235,381.52939238025857,2424.087524556466,67.75891045516435,10.99970781125119,86.62453055077731,30.630666833467362,7.0,1,0,False,False,0.9886918707215823,0.06555785101966423,False,False,False,False
2025-02-20 14:00:00+00:00,poultry_manure,0.9554618008856454,27.754760747986047,7.363164490046153,401.10132110490576,2643.323864602626,69.62046332761936,12.700394042678461,87.91851108858624,32.400606949563745,7.0,1,0,False,False,0.9724919602909703,0.070153238011891,False,False,False,False
2025-02-20 15:00:00+00:00,poultry_manure,0.9737646200842693,29.955435088372248,7.349716400903988,365.406896990921,2578.683803355809,72.70838542637323,10.963346596200312,92.0,27.12661222518017,7.0,1,0,False,False,0.9660828552328034,0.0677565527358362,False,False,False,False
2025-02-20 16:00:00+00:00,poultry_manure,0.8999460318913675,30.606112667737253,7.351807944717009,384.28562712411906,2434.0364687235638,75.0,12.208055495747699,88.06864685934494,25.64764752375476,7.0,1,0,False,False,0.9554361977588092,0.0655228417825898,False,False,False,False
2025-02-20 17:00:00+00:00,poultry_manure,0.8738664337115511,31.907720552834835,7.388970805579311,400.9107767855159,2667.0428798874345,72.34594960703595,12.140350938105014,87.20904755139779,26.920311866575886,7.0,0,0,False,False,0.9685013639752338,0.07145930606330367,False,False,False,False
2025-02-20 18:00:00+00:00,poultry_manure,0.7422944967754462,33.252675218205276,7.375497895746519,330.3472013359414,2692.8317830539763,75.0,12.764383370880644,85.06103284508838,29.20952863182029,6.447579697263776,0,0,False,False,0.9882733694637996,0.05875625094119199,False,False,False,False
2025-02-20 19:00:00+00:00,poultry_manure,0.6124641827351304,33.19856493460506,7.431941098184109,274.6440887874682,2337.3400548968557,74.11314319743856,10.569506710258967,89.09974529189384,31.969179803116297,4.614257898640599,0,0,False,False,0.9731557355201319,0.043287859618597865,False,False,False,False
2025-02-20 20:00:00+00:00,poultry_manure,0.6077772234253582,34.22865656607105,7.452353130617894,277.2934265496397,2411.5671780837083,75.0,12.99814256561693,85.49114022563562,28.336361242719626,5.403022962813105,0,0,False,False,0.9783728995991117,0.05079581460185871,False,False,False,False
2025-02-20 21:00:00+00:00,poultry_manure,0.571374162987946,32.08843946632446,7.416962037906791,309.2540532553879,2372.718906473962,71.91338323129463,12.892803334905963,89.43217724638052,27.28131947797918,5.270499142501781,0,0,False,False,0.968349178105262,0.05014383144762353,False,False,False,False
2025-02-20 22:00:00+00:00,poultry_manure,0.45027809906570526,31.303100867112725,7.411709684101423,173.92638490137116,2532.987276472893,71.24624466164079,12.263582916024388,87.96405514259644,29.744262980583706,3.8859161468482215,0,0,False,False,0.9961247152257151,0.03625761230633833,False,False,False,False
2025-02-20 23:00:00+00:00,poultry_manure,0.3528989528462819,31.271541678294284,7.308175319425752,190.20930982049703,2357.213056278213,73.43776783000806,12.018818124499248,86.2017991881234,29.11843208378515,2.9249500257917274,0,0,False,False,0.9910902302153553,0.02584292497041961,False,False,False,False
2025-02-21 00:00:00+00:00,poultry_manure,0.32303515545949385,30.953624090072143,7.456577191759083,192.38617491469182,2543.692742657814,72.319905662391,12.804932413922975,85.93248143819761,30.88101310448039,2.843638719451626,0,1,False,False,0.9871652068855813,0.025641634094835226,False,False,False,False
2025-02-21 01:00:00+00:00,poultry_manure,0.364538000468176,30.60118229680481,7.442469071591074,154.12500917648617,2737.1276146604596,67.09129336323262,9.689008548408609,89.61805248935312,32.615216904401265,2.5322561530591723,0,0,True,False,0.9622928736980304,0.012395969335902332,False,False,False,False
2025-02-21 02:00:00+00:00,poultry_manure,0.34660511823865536,28.60925927808477,7.369465158300331,227.03177808347618,2326.0315653371626,74.59607315009983,13.163922484286374,89.43996337522762,28.472090374211508,3.2646895382976338,0,0,True,False,0.9789012913206832,0.01267834992367878,False,False,False,False
2025-02-21 03:00:00+00:00,poultry_manure,0.3825028143589594,27.946366923867412,7.336428653289169,185.7803405611705,2422.7566279360217,68.4967510514539,11.665358283725533,88.65110995175462,30.46183408390801,3.1645129807878156,0,0,True,False,0.9937084505795476,0.014088518431725068,False,False,False,False
2025-02-21 04:00:00+00:00,poultry_manure,0.4238080097636562,26.36977847532989,7.275242142793133,218.17686937360543,2561.126789058859,70.29340361925352,12.395963088939618,91.04907040225115,27.93353064549479,3.8266164827435656,0,0,True,False,0.9773554910102499,0.014694804141906947,False,False,False,False
2025-02-21 05:00:00+00:00,poultry_manure,0.5313660618293542,26.545653610876087,7.336415230489782,246.7440780683815,2371.1878955299208,69.78801601386945,10.40329807155385,90.35707789831243,29.089475814395414,3.9959221563062206,0,0,True,False,0.9829112485017234,0.01576279619293789,False,False,False,False
2025-02-21 06:00:00+00:00,poultry_manure,0.5938262015228932,25.710320615649266,7.3304347243193915,272.16654937385937,2529.501352230589,71.93009888521115,11.52638825446779,87.10994503913273,27.83972221728081,4.769911563961682,0,0,True,False,0.976029163445147,0.017149901834174783,False,False,False,False
2025-02-21 07:00:00+00:00,poultry_manure,0.6343229940068401,24.67511924389858,7.333277155402938,341.8420846619926,2393.9855442996254,74.25532413319122,12.250504221056016,87.32621165311355,29.20867454059459,5.428739797678228,0,0,False,False,0.9908342243006658,0.03622021739302618,False,False,False,False
2025-02-21 08:00:00+00:00,poultry_manure,0.743183903475873,24.064539050841898,7.326110338568064,331.82656403384436,2553.1251273528683,68.55210397768957,10.242840297192322,89.20344889232732,29.288340075766826,5.432357327607458,0,0,False,False,0.9840976022436299,0.03868411916952617,False,False,False,False
2025-02-21 09:00:00+00:00,poultry_manure,0.8315129800562118,23.949423054422017,7.246352391649568,341.55239353767985,2465.2738387951526,71.30198140268358,13.332478266941523,87.8676488809314,30.75187039434978,7.0,0,0,False,False,0.9858189047217946,0.05225946004399557,False,False,False,False
2025-02-21 10:00:00+00:00,poultry_manure,0.8919324928120314,23.501322740948844,7.330673381498993,359.13226165002175,2445.3302787735192,69.03547070443234,12.873271707084546,89.16011698071159,29.96267927054058,7.0,1,0,False,False,0.995260434169983,0.056414077330838225,False,False,False,False
2025-02-21 11:00:00+00:00,poultry_manure,1.0031899480100037,23.562555035775123,7.273436783988505,357.12169287074926,2549.016039231389,64.86484667299369,13.347927385215815,89.37602620077344,28.851872090232575,7.0,1,0,False,False,0.9817790839762467,0.06885191994678487,False,False,False,False
2025-02-21 12:00:00+00:00,poultry_manure,0.9573198138644404,26.162944710039707,7.335755084512401,353.1747687720279,2675.8514178296746,68.19759711734557,12.652121023753729,86.77151858797157,27.904372721282275,7.0,1,1,False,False,0.975783122094054,0.06605116507292222,False,False,False,False
2025-02-21 13:00:00+00:00,poultry_manure,0.9907318398561133,27.246491135749803,7.321804890187583,392.99235372348977,2425.475669649291,70.57609195042397,12.401885536226528,89.13364370454713,34.391690746686834,7.0,1,0,False,False,0.954073664851999,0.06793940590684856,False,False,False,False
2025-02-21 14:00:00+00:00,poultry_manure,1.0832094675790438,28.556286329380445,7.33247433954595,312.13884121390356,2489.331215216062,65.24232645442562,11.613759459977482,87.25929154816747,30.186155522803414,7.0,1,0,False,False,0.9962072420718533,0.08013136817927712,False,False,False,False
2025-02-21 15:00:00+00:00,poultry_manure,1.0514098630679094,29.304524008975193,7.327265298458375,385.14532692870864,2511.8763338974913,69.57099565896345,12.212665476995934,91.32803797894965,27.743409329619368,7.0,1,0,False,False,0.976370765911214,0.08201632531096172,False,False,False,False
2025-02-21 16:00:00+00:00,poultry_manure,1.0004996699491548,30.259771431337352,7.363210107636829,352.20238940093145,2541.2199005586194,73.76396573414787,12.060264016248766,87.95398389883385,32.237475438868024,7.0,1,0,False,False,0.977323925530076,0.07218115452375728,False,False,False,False
2025-02-21 17:00:00+00:00,poultry_manure,0.8614008158087765,32.44033855584322,7.35599887357807,332.5819305473277,2392.100812648727,72.55663700097648,13.551660040694868,85.45387479641704,27.346375755659547,7.0,0,0,False,False,0.9657054573531211,0.07376459020278077,False,False,False,False
2025-02-21 18:00:00+00:00,poultry_manure,0.7943516564577707,32.897534194120176,7.419520986712568,323.87405983817587,2779.815589779616,75.0,10.983134733951298,89.76051096723705,31.26888613843227,6.264903992204753,0,0,False,False,0.9822268122854338,0.059326347473621074,False,False,False,False
2025-02-21 19:00:00+00:00,poultry_manure,0.6480746806410962,33.01931321752145,7.476142830497682,325.2243107230373,2517.8718085728096,75.0,11.997543334828901,86.63826512003816,31.948038581369275,5.389110839915554,0,0,False,False,0.9805073308604518,0.04885287080876352,False,False,False,False
2025-02-21 20:00:00+00:00,poultry_manure,0.5670754949919753,33.972245886970256,7.454581298453164,288.1491304299247,2339.4762448413976,75.0,11.97354995603915,90.44744768547555,28.847159169804137,4.913037897599037,0,0,False,False,0.9883393414782371,0.04772184500912388,False,False,False,False
2025-02-21 21:00:00+00:00,poultry_manure,0.4685680430623764,33.964114160920886,7.447926289372001,223.76380500748007,2394.6771998930776,71.64952998504678,12.096872565657804,90.85656715385622,33.13339860221112,4.11995129749399,0,0,False,False,0.9681816511495998,0.04137164014966652,False,False,False,False
2025-02-21 22:00:00+00:00,poultry_manure,0.44720967412127,33.32285039449217,7.371438541069542,201.18611724346272,2402.1955954863674,75.0,11.347726550825197,85.55904153079287,36.0,3.4735691533511823,0,0,False,False,0.9367386327541259,0.03320990818752797,False,False,False,False
2025-02-21 23:00:00+00:00,poultry_manure,0.39645998705266805,31.15355885471746,7.3908039902460025,256.33292223727756,2373.4538885506518,72.29008421997452,12.542306650757226,86.97168508468127,28.93732961400229,3.459749449248683,0,0,False,False,0.9866617628862367,0.031947296395293465,False,False,False,False
2025-02-22 00:00:00+00:00,poultry_manure,0.359424161724377,31.132635253127162,7.4300149556551,239.665949604061,2488.098352222553,75.0,12.491381117936111,92.0,30.934776017537594,3.304422281701109,0,1,False,False,0.9881953342349434,0.028251513240894272,False,False,False,False
2025-02-22 01:00:00+00:00,poultry_manure,0.3319894914181919,30.523722846010234,7.389314445341014,170.43795415156265,2377.17891950944,69.03085763372212,10.920349221839126,88.5703826102059,28.66731694369103,2.568853702570907,0,0,False,False,0.9812749155461059,0.02368331813298251,False,False,False,False
2025-02-22 02:00:00+00:00,poultry_manure,0.34240311044340804,28.161133752606872,7.3626599021274455,180.508720863799,2587.0692920045026,67.74701223760061,10.344179072763435,88.07591104681836,28.950428865146847,2.4956338210015603,0,0,False,False,0.9812251840152856,0.020982831098495417,False,False,False,False
2025-02-22 03:00:00+00:00,poultry_manure,0.4009725446126166,29.52131555431845,7.377552226868383,199.46286313685428,2618.47107625349,74.33531039020724,12.628183906344624,88.44825032587077,30.13835517473232,3.5829006660283977,0,0,False,False,0.9954755287209537,0.029225521068432982,False,False,False,False
2025-02-22 04:00:00+00:00,poultry_manure,0.4143886305525834,26.59748770893981,7.338378426186256,249.69583814993823,2486.255158672544,66.34825132056594,10.969932877001522,88.05245544822816,31.269953715645883,3.202161707657752,0,0,False,False,0.9821501272285488,0.026438944170493778,False,False,False,False
2025-02-22 05:00:00+00:00,poultry_manure,0.5115155743195478,26.49396296557313,7.2937344893422305,245.97201040283588,2493.626398987428,66.72394504249598,12.307832396104939,89.04224264718127,29.12542949276663,4.484628903869622,0,0,False,False,0.9897151329471416,0.03705526277349231,False,False,False,False
2025-02-22 06:00:00+00:00,poultry_manure,0.6238760023455999,25.573457700236215,7.287139880672017,302.88960217769727,2499.545632922619,70.18875853228056,11.737791993040453,87.59904086698896,29.46328993361849,5.131850873597346,0,0,False,False,0.9933218593013872,0.03826243219789884,False,False,False,False
2025-02-22 07:00:00+00:00,poultry_manure,0.693124156019161,25.239002272825715,7.41033050870554,286.25552792748863,2438.331022377542,68.85888107057743,12.210646019994833,87.8780004618658,30.7103042211246,5.950039238212721,0,0,False,False,0.9918437276887798,0.04577465787530816,False,False,False,False
2025-02-22 08:00:00+00:00,poultry_manure,0.7780608382983841,24.029374268082027,7.304619388094425,345.791103038027,2676.1018344314493,67.71007801077181,10.980776499931652,90.63446384720929,32.612902281799094,6.194838173402932,0,0,False,False,0.9687748596816673,0.04596301920099749,False,False,False,False
2025-02-22 09:00:00+00:00,poultry_manure,0.8655951673132033,23.42971452849311,7.280041209974917,352.5193539494287,2678.6428674779067,70.12363494316017,11.120936138631093,86.40663912650255,30.897627431472117,6.6541604708297735,0,0,False,False,0.9866284063784343,0.04594426508659945,False,False,False,False
2025-02-22 10:00:00+00:00,poultry_manure,0.935541249205214,24.140532711812153,7.244732862873847,369.3653797034447,2575.545609576866,67.28996359673245,12.726513971633588,87.32328474077602,27.914546221711724,7.0,1,0,False,False,0.9755128923589493,0.05961166164333858,False,False,False,False
2025-02-22 11:00:00+00:00,poultry_manure,0.9609893008216136,24.643466623383418,7.372136655402895,381.7750124406817,2338.0439306608323,70.45109433547319,9.566664735763982,86.69663595523683,30.597592907766707,6.376338141461852,1,0,False,False,0.9818573946011528,0.044608627946661795,False,False,False,False
2025-02-22 12:00:00+00:00,poultry_manure,0.9171829252012874,33.15063848583243,7.339894849056382,416.33441037995476,2499.1941602747015,69.21004355459895,12.965148282145197,90.51152770268406,27.638199043564214,7.0,1,1,False,False,0.9715562490249161,0.06251210068840267,False,True,False,False
2025-02-22 13:00:00+00:00,poultry_manure,0.9181870553674011,35.90566486905419,7.359962657888385,421.167853350265,2746.8986660037967,68.16396180942563,12.600112124496915,87.29860270445316,31.62740386935214,7.0,1,0,False,False,0.980725400683994,0.06737490345303142,False,True,False,False
2025-02-22 14:00:00+00:00,poultry_manure,1.0147571658677064,35.25049267204216,7.329821919155732,396.34908457680507,2495.676252811217,72.67573448663859,12.781704399622042,86.73365575292641,29.907645493861576,7.0,1,0,False,False,0.9951679329405055,0.06731707557622389,False,True,False,False
2025-02-22 15:00:00+00:00,poultry_manure,0.9560736379520631,38.22009519499717,7.340524083996815,346.49701730949926,2525.7373386669337,70.44262129039573,11.271047506890984,85.42241629679008,29.323516851627968,7.0,1,0,False,False,0.9895904060507346,0.06510598480185265,False,True,False,False
2025-02-22 16:00:00+00:00,poultry_manure,0.9967845762886373,39.77752641893886,7.39905454881365,383.6575485476712,2546.402028217473,75.0,11.338182258246222,88.31596073809463,28.899848224202344,7.0,1,0,False,False,0.9856893935332546,0.07156140332050083,False,True,False,False
2025-02-22 17:00:00+00:00,poultry_manure,0.8500061404631428,31.66810524796237,7.285489007155825,317.6534658324101,2640.169552229194,72.75630719654869,11.209046244242542,90.07948208260089,30.967248354735602,6.866044146639426,0,0,False,False,0.9863727476738566,0.06212675522323043,False,False,False,False
2025-02-22 18:00:00+00:00,poultry_manure,0.8449387856528823,31.748679915368694,7.382300109437488,402.9845641578709,2539.1557665488017,71.60743232972884,11.831712148111544,86.1362021185641,30.477137953806967,6.888878855924087,0,0,False,False,0.994387181202488,0.06463159332561268,False,False,False,False
2025-02-22 19:00:00+00:00,poultry_manure,0.6471291737169009,33.09867565394734,7.415432992808257,344.2294078511394,2572.3134108978957,75.0,13.155528477439969,87.99084035828726,30.626704876225233,5.992757864336496,0,0,False,False,0.9879553088505478,0.0550564068673707,False,False,False,False
2025-02-22 20:00:00+00:00,poultry_manure,0.6303801055048173,33.16348649357956,7.370763979997805,321.9142677997183,2452.194197203183,74.30278815893776,12.90443957132716,86.85151770799771,30.473440274009498,5.6520897034476825,0,0,False,False,0.9907433994032693,0.05259951021885067,False,False,False,False
2025-02-22 21:00:00+00:00,poultry_manure,0.5193111116199608,32.73269082598038,7.363480528714425,318.5410620009147,2556.8228358709753,73.41844997304779,12.7550083864908,85.13888770124673,29.729197364329895,4.511555691440769,0,0,False,False,0.9935169317108449,0.04194602829421786,False,False,False,False
2025-02-22 22:00:00+00:00,poultry_manure,0.4663656119114161,31.638428928704553,7.33564416334587,287.52429709737333,2568.737196419555,75.0,10.813451088218832,89.24968957096016,29.565077077561916,3.6007049938096225,0,0,False,False,0.9897180262167133,0.032578702210050374,False,False,False,False
2025-02-22 23:00:00+00:00,poultry_manure,0.3669228357533541,33.20577163781099,7.397019939455334,235.43699339830152,2692.656486121082,74.77386183699949,13.70857478002898,89.81749160539769,30.902694302828532,3.614248053414698,0,0,False,False,0.9824301830715698,0.0330332366620663,False,False,False,False
2025-02-23 00:00:00+00:00,poultry_manure,0.33571738746899205,30.742359312390473,7.393538219201652,208.57200540105435,2634.55765940507,73.14728686732882,10.639334628161233,89.2767856005383,30.247310618746383,2.5510374573297923,0,1,False,False,0.9907235669533423,0.021940763920724828,False,False,False,False
2025-02-23 01:00:00+00:00,poultry_manure,0.32887592438388974,29.629339124546455,7.428087772370951,215.86510784422484,2420.112218324163,72.46669161577385,12.730802614710258,86.84152193634236,32.33665575530595,2.9087425200069306,0,0,False,False,0.9729794293733892,0.024670869263499758,False,False,False,False
2025-02-23 02:00:00+00:00,poultry_manure,0.3757754158736777,28.688330754154798,7.422317688670396,191.3077047505941,2495.2671555428888,69.87326420978137,12.438161837580797,87.29422168768845,28.22900235855191,3.2640744167611953,0,0,False,False,0.9800992143976152,0.028380645568880022,False,False,False,False
2025-02-23 03:00:00+00:00,poultry_manure,0.3928972783014115,28.312449120792735,7.398874788030273,189.79378215882062,2439.6940262164308,68.30832184991851,10.763187352514175,90.72519754832204,29.793287432750752,3.0692893318667434,0,0,False,False,0.9917488110900784,0.026007216769070068,False,False,False,False
2025-02-23 04:00:00+00:00,poultry_manure,0.46444773668297545,27.00562157846322,7.346138115803704,170.6124816346857,2519.884918875136,68.47078872211962,11.02629114898047,88.10364142956685,30.189966161537217,3.6095258164006223,0,0,False,False,0.9932317941295302,0.03022007574262007,False,False,False,False
2025-02-23 05:00:00+00:00,poultry_manure,0.4793994006053847,25.16251083285041,7.285614301660855,193.43698481905625,2425.8934936228834,66.35968536821119,11.051546180313755,87.2814179457657,29.61311650305976,3.699408665501931,0,0,False,False,0.9913888959321664,0.02873236510873798,False,False,False,False
2025-02-23 06:00:00+00:00,poultry_manure,0.6373439219008712,24.86363265856103,7.345352170831632,296.19515749097206,2592.9823808337646,74.3826679801141,10.909875423990986,85.6660493537695,29.148672212694144,4.765323253095392,0,0,False,False,0.9860360992468964,0.033128450357752914,False,False,False,False
2025-02-23 07:00:00+00:00,poultry_manure,0.7183550214068317,24.75567736392429,7.317971971090454,326.939311190032,2690.847585304399,66.87562266074474,12.247360846983309,84.15134069466248,30.0431471491484,5.922876432559658,0,0,False,False,0.9983317242735994,0.04471376660733763,False,False,False,False
2025-02-23 08:00:00+00:00,poultry_manure,0.7398111049855604,23.838015038196193,7.339621433050745,366.238967114106,2508.7448776994693,66.18522168221183,12.952292471079655,88.0967484430079,30.38071750952277,6.753320404801688,0,0,False,False,0.9914313625493739,0.04914689395310181,False,False,False,False
2025-02-23 09:00:00+00:00,poultry_manure,0.8136296113768471,24.47542931244106,7.407202786715349,321.49504155412075,2590.086947668418,69.36552457689643,11.032302323658513,89.15750118682277,31.476526551123168,6.402370097878499,0,0,False,False,0.9803962461070609,0.046009146660654685,False,False,False,False
2025-02-23 10:00:00+00:00,poultry_manure,0.9120128641392286,24.3242431564031,7.321533490547288,366.4051459881844,2616.3209794837503,69.15832644387467,12.279947461981342,85.29687219375698,29.434034289034813,7.0,1,0,False,False,0.9929406055804414,0.056216990759121205,False,False,False,False
2025-02-23 11:00:00+00:00,poultry_manure,0.9951468557978635,25.10365810860714,7.2672292766941355,381.13233697839195,2564.643547029349,73.06059465391235,11.43329553143145,90.20172345855622,29.35877668238498,7.0,1,0,False,False,0.9907542444810071,0.05455896382530517,False,False,False,False
2025-02-23 12:00:00+00:00,poultry_manure,0.992831322442697,26.147096597504415,7.25746196567233,351.96376991748446,2445.137920471083,65.8466733630291,14.676995385222007,88.45755820803853,28.199957695801526,7.0,1,1,False,False,0.9686146000319051,0.08129480799048193,False,False,False,False
2025-02-23 13:00:00+00:00,poultry_manure,1.0452913718630765,27.264215983218943,7.403176732324036,391.8214533121947,2515.4202117838163,68.53214773888386,13.260855001354503,89.8121307882503,31.317888225088694,7.0,1,0,False,False,0.9805168427423405,0.08319300335144052,False,False,False,False
2025-02-23 14:00:00+00:00,poultry_manure,0.9430513296923237,29.311462418473116,7.3996706138132415,377.940541078077,2594.961005534266,68.06306185745056,12.84391574694267,90.62322842492989,32.972920016535966,7.0,1,0,False,False,0.966051221099927,0.07988689209597606,False,False,False,False
2025-02-23 15:00:00+00:00,poultry_manure,1.0322779953113443,28.87973806737698,7.283113841190782,409.4408605249294,2415.9032247121672,71.07675659862083,12.763123760470204,89.52563115808314,30.841121462692882,7.0,1,0,False,False,0.9877731665707201,0.0792012723699205,False,False,False,False
2025-02-23 16:00:00+00:00,poultry_manure,0.9685915188946961,30.016306853643943,7.370004482303684,357.50752622315883,2250.7911242438713,72.84959981916404,12.812529787245039,92.0,28.664652317112818,7.0,1,0,False,False,0.982583874234903,0.07705346896819555,False,False,False,False
2025-02-23 17:00:00+00:00,poultry_manure,0.8818252490701638,31.482765288291713,7.309912076138251,402.8708785702491,2407.3242388374288,75.0,11.115173319642219,87.84403498415804,28.43313991406584,6.88812519455705,0,0,False,False,0.9799072657388694,0.059318535925752904,False,False,False,False
2025-02-23 18:00:00+00:00,poultry_manure,0.7234087213353172,32.526191833364706,7.3622700928180995,360.5255429960425,2628.8185614340937,74.25825443257432,12.759430198126575,87.59204493125544,28.10442968634011,6.4679949653917035,0,0,False,False,0.9772471458727683,0.058604479554077035,False,False,False,False
2025-02-23 19:00:00+00:00,poultry_manure,0.7081637060829677,33.04961507442008,7.420253840945583,287.94909639341296,2399.6133690414285,71.21841142182328,10.320817533612178,86.79494360049901,30.180055308690456,5.0749547862275515,0,0,False,False,0.9898035345811563,0.048924410358094896,False,False,False,False
2025-02-23 20:00:00+00:00,poultry_manure,0.5553326759928315,32.16309956812515,7.401078784956924,272.0001049455233,2550.6013533669816,74.37728838153905,10.758795925673386,90.9054967304903,26.8729739587148,4.34507252065821,0,0,False,False,0.9625237192155149,0.04019522352737972,False,False,False,False
2025-02-23 21:00:00+00:00,poultry_manure,0.5416602950640872,33.786752279196705,7.473472226323877,263.70780732653867,2602.930949832614,75.0,12.22191490255817,89.37121695073655,34.910112813178515,4.733189759039708,0,0,False,False,0.9497892973554241,0.047602420915365436,False,False,False,False
2025-02-23 22:00:00+00:00,poultry_manure,0.4091118023462204,32.3608491197312,7.321552911076847,198.90009536683564,2494.50857277076,72.57533254385332,12.373622137587379,86.57785814704476,29.284715304948186,3.5061919040382072,0,0,False,False,0.990979042361545,0.032410654892235505,False,False,False,False
2025-02-23 23:00:00+00:00,poultry_manure,0.378983564033566,31.554049005366235,7.270412275556112,227.8283002620821,2493.2842335531927,71.13001124231644,11.794942838526929,89.4832371192249,31.626841411536063,3.199984611138936,0,0,False,False,0.982706300077274,0.02975650103737373,False,False,False,False
2025-02-24 00:00:00+00:00,poultry_manure,0.3637573688313389,30.124839603943062,7.454153655517029,207.1644857515914,2518.7413753393125,72.7475631294144,12.984956275408688,88.83747092801318,32.35946572012045,3.3569004686117485,0,1,False,False,0.9714805614217521,0.030683842950439463,False,False,False,False
2025-02-24 01:00:00+00:00,poultry_manure,0.31997768925147635,29.816577081340533,7.376282938742,198.9064420853408,2596.2554406911927,70.3058868510223,11.451831211763974,84.74108619943323,28.322510518470217,2.484154766542774,0,0,False,False,0.9804842612435221,0.02200605959133042,False,False,False,False
2025-02-24 02:00:00+00:00,poultry_manure,0.31573933542209603,28.759645806771495,7.370180336928056,257.1024534163308,2425.235288303451,72.8773341351665,13.317310293336371,90.85718510665598,31.20602360816321,3.056289391760237,0,0,False,False,0.981353212451686,0.024989358093507857,False,False,False,False
2025-02-24 03:00:00+00:00,poultry_manure,0.3727728088730627,28.133385338353747,7.361944102181092,205.14876434042907,2490.6713209065933,70.97528803718969,12.401989948160987,87.04557492119191,28.515257626552398,3.219380329824524,0,0,False,False,0.9831426265247191,0.02608557682930687,False,False,False,False
2025-02-24 04:00:00+00:00,poultry_manure,0.4259312656238691,27.58544599796908,7.295146547523886,202.85230238369527,2660.20453941411,72.23861989824829,12.359236788921145,85.67255181119168,31.074183311033224,3.607969549229878,0,0,False,False,0.987461982945062,0.028583946859203936,False,False,False,False
2025-02-24 05:00:00+00:00,poultry_manure,0.49458218096720064,26.01559883914929,7.230863217044487,283.8955419779644,2549.6662571782954,68.61502981356017,11.276263535233069,89.43323936219345,27.80680235835201,3.9901813194378777,0,0,False,False,0.9744493412596854,0.032173526448506184,False,False,False,False
2025-02-24 06:00:00+00:00,poultry_manure,0.5912622587884785,24.67000798740636,7.286417096102474,283.66138354892024,2371.1613315527434,67.87545895021435,10.760245221760572,89.5775010298682,26.10702255034841,4.559227427866318,0,0,False,False,0.9548714516122869,0.03436180790150814,False,False,False,False
2025-02-24 07:00:00+00:00,poultry_manure,0.6723372662421367,24.707066312975865,7.25646799128321,327.8472473557854,2331.645431345115,68.62756480326027,12.772736890579493,89.53948803383744,29.399014795533127,6.151425149874083,0,0,False,False,0.9901264635024338,0.04504434621039116,False,False,False,False
2025-02-24 08:00:00+00:00,poultry_manure,0.7642350562984704,24.192480952728147,7.225824623534656,345.2355068871404,2489.2072498166217,69.69543919807603,11.55677220106105,90.13475601302075,30.63403178342655,6.368626545038113,0,0,False,False,0.9914435431710398,0.044497153012239526,False,False,False,False
2025-02-24 09:00:00+00:00,poultry_manure,0.806539990825232,23.438954996788844,7.293111362561501,329.2201209559579,2515.9725792221425,67.6004500305746,9.834627952401727,89.89707857602043,31.067052262390895,5.70452393276422,0,0,False,False,0.9785026171380996,0.04031966995262167,False,False,False,False
2025-02-24 10:00:00+00:00,poultry_manure,0.8924949206897175,24.104335186104052,7.263394458609173,432.13540251517867,2511.806437831527,69.55717536729836,12.387846112008502,89.55019839049442,30.387251250898675,7.0,1,0,False,False,0.9941882569309707,0.056994857841876405,False,False,False,False
2025-02-24 11:00:00+00:00,poultry_manure,0.9871044927664424,23.455522465984544,7.363109165641502,354.15781245951445,2659.4228529551265,67.91103469555726,11.567356325308747,86.88845968277627,28.99269763002471,7.0,1,0,False,False,0.9877637579267908,0.05559569120982326,False,False,False,False
2025-02-24 12:00:00+00:00,poultry_manure,0.9529675652858578,25.671832148641744,7.380927773818453,422.37767009587213,2554.830413053746,72.75467248489734,11.956879026718077,86.88762557160263,31.561854159652672,7.0,1,1,False,False,0.9841658535370637,0.05644377975929882,False,False,False,False
2025-02-24 13:00:00+00:00,poultry_manure,0.953386413055583,25.215733969574604,7.355985357732979,368.1945711875436,2528.026204862142,67.64315547492139,11.849538180419518,90.78538211947831,27.73894197193429,7.0,1,0,False,False,0.9766371106214405,0.06333447132299813,False,False,False,False
2025-02-24 14:00:00+00:00,poultry_manure,0.9974431897914113,28.085745609904823,7.327604535679958,335.907324441906,2683.736736717807,66.42237275908646,10.001287788227096,86.89336496387017,28.292065127516995,6.934588522859397,1,0,False,False,0.9729270902163054,0.061874593523572205,False,False,False,False
2025-02-24 15:00:00+00:00,poultry_manure,1.074710064056434,30.172383429415298,7.432772998531298,367.6981561390374,2496.8153691642915,71.31892239552909,12.037120661333908,86.62368745035818,29.099174507567064,7.0,1,0,False,False,0.9908061417690012,0.07983098280022928,False,False,False,False
2025-02-24 16:00:00+00:00,poultry_manure,1.0122678087374195,30.601320275968515,7.2804110749730935,401.5144766604288,2535.1913033941437,68.8748692050511,12.928221916964807,86.82786918203416,29.38945071294369,7.0,1,0,False,False,0.989253397544613,0.08206350540762979,False,False,False,False
2025-02-24 17:00:00+00:00,poultry_manure,0.7429838962682409,32.07901872754746,7.469626611185664,327.61484173975873,2553.2944662999935,74.10722031454453,11.487037584091604,87.65131440062605,30.47463782480226,5.984610123245959,0,0,False,False,0.9926888096724354,0.05464099647219298,False,False,False,False
2025-02-24 18:00:00+00:00,poultry_manure,0.7441441251848359,32.863624849644964,7.4137396834018405,353.8353005652716,2512.355490949624,75.0,13.02766292137938,90.32324521017908,31.22163373818865,7.0,0,0,False,False,0.9826453480112166,0.06485737426228677,False,False,False,False
2025-02-24 19:00:00+00:00,poultry_manure,0.6690418043412153,33.02533860304014,7.39396537570298,401.45561763467833,2398.8295124637316,73.13143485049244,12.015076029323874,88.9563063381713,30.127869498935784,5.720664877104243,0,0,False,False,0.9986459248640228,0.05377197775045124,False,False,False,False
2025-02-24 20:00:00+00:00,poultry_manure,0.582932875404331,32.50983406387064,7.403856841041294,238.45383581244576,2583.3277344550165,75.0,12.24636132912326,86.87522245745828,31.01217513260277,4.96148330751044,0,0,False,False,0.988646442028356,0.04656079488980904,False,False,False,False
2025-02-24 21:00:00+00:00,poultry_manure,0.5040842055598718,32.227614889142195,7.415038035914463,245.3940328332458,2312.2484557069506,70.91597664449701,12.386013271157493,90.34326665205087,28.495898446346352,4.512533175027777,0,0,False,False,0.983028918107676,0.043969588958812617,False,False,False,False
2025-02-24 22:00:00+00:00,poultry_manure,0.42235398312363587,31.857749899898483,7.414075899190606,259.20741474079784,2396.955984640976,74.81858227566667,11.579109773751275,87.40556992334918,29.688212495299656,3.419643724201169,0,0,False,False,0.994777673821753,0.031040630278452976,False,False,False,False
2025-02-24 23:00:00+00:00,poultry_manure,0.37820477179489187,31.676540024538976,7.395581351975559,241.12114862162443,2589.4883716362597,73.40581525559507,14.22809066720943,86.71941376118207,30.35457544390879,3.73318874935025,0,0,False,False,0.9853137922248649,0.033849443984356756,False,False,False,False
2025-02-25 00:00:00+00:00,poultry_manure,0.32808997455870315,31.391154521986884,7.451845053178315,182.36572758498454,2563.881944352797,72.93530836618199,12.52692130200352,89.59398172398959,28.992455498417073,2.9458195075256794,0,1,False,False,0.9872899484741532,0.027152472922185113,False,False,False,False
2025-02-25 01:00:00+00:00,poultry_manure,0.30964615851850674,29.36837057435911,7.386335510225447,149.59622527017063,2407.912556387822,75.0,11.511900123714705,89.83368392338983,32.330723553297254,2.5617804452840356,0,0,False,False,0.974252265085601,0.020204711872297172,False,False,False,False
2025-02-25 02:00:00+00:00,poultry_manure,0.32894159552927715,28.605490322646578,7.361813863133491,241.2770694057296,2459.1215452960487,73.66607285185506,12.654863084971648,90.31490809726428,29.8909364682359,3.007638785986991,0,0,False,False,0.9956350492575008,0.024591212107936442,False,False,False,False
2025-02-25 03:00:00+00:00,poultry_manure,0.38193949802817934,27.74257422508422,7.268174199399954,182.57977342298133,2610.9669285694677,70.29806848282593,12.337251239738402,86.90595622095037,29.659035999882306,3.276065010554469,0,0,False,False,0.9949041038001311,0.025535214512511683,False,False,False,False
2025-02-25 04:00:00+00:00,poultry_manure,0.44965718496204926,27.78212824134251,7.2773902064216545,247.7246724891962,2338.701497564649,65.45790521123611,12.097085581602792,87.63984832934813,33.396389293397164,3.8137647004803075,0,0,False,False,0.9655506791580144,0.03344240420176665,False,False,False,False
2025-02-25 05:00:00+00:00,poultry_manure,0.5651351650320166,25.594639464469385,7.3074237946142295,307.27147914638005,2500.2782695734527,66.26449925661609,12.076730554506891,85.10589060545007,29.696027274996137,4.646771492626639,0,0,False,False,0.9965766199774269,0.036768714703815895,False,False,False,False
2025-02-25 06:00:00+00:00,poultry_manure,0.566987589943263,25.75409771860034,7.326117319749731,236.8729369623024,2459.098920917077,68.1094956812103,12.662805250441481,84.3546931004972,29.68674624958613,4.845099693830897,0,0,False,False,0.9935534362436539,0.037901797303663665,False,False,False,False
2025-02-25 07:00:00+00:00,poultry_manure,0.7071765904344733,24.272434131708906,7.3007960000138254,333.3115126395195,2479.1939856573767,65.22949142434953,10.72754016771511,85.96763514419344,26.161312242235713,5.217386285277834,0,0,False,False,0.9552508232609326,0.039867350545314414,False,False,False,False
2025-02-25 08:00:00+00:00,poultry_manure,0.7591364333511268,23.910619745705443,7.296389736208683,311.82381496781403,2447.4696807602777,71.0960820191617,11.2964752489331,86.78103345429346,29.432564228650932,5.953571790827177,0,0,False,False,0.9908080185311748,0.040151238844258225,False,False,False,False
2025-02-25 09:00:00+00:00,poultry_manure,0.8270063101167128,23.656697756351015,7.360785714219232,315.38117610337173,2546.438313730454,66.40876796195958,10.744465405056967,88.43955870426127,28.16734935428765,6.286807882232847,0,0,False,False,0.9753958205681613,0.04588975238467832,False,False,False,False
2025-02-25 10:00:00+00:00,poultry_manure,0.9437604959232008,23.99872553017489,7.375266508548575,366.24022419413274,2485.1561997927347,61.08951509715315,10.717914788268747,87.15898487536124,29.757830193316074,7.0,1,0,False,False,0.9911678758745045,0.05526233394567801,False,False,False,False
2025-02-25 11:00:00+00:00,poultry_manure,0.9593427635410268,23.85327347235043,7.268022686422783,298.6864931835161,2502.0063849934763,60.17090223219589,9.566714437198172,84.35528436295121,31.159199276469376,6.1935392668707525,1,0,False,False,0.9762415794212971,0.04994440590978265,False,False,False,False
2025-02-25 12:00:00+00:00,poultry_manure,0.9615111425180763,25.586260039529613,7.2286941304338574,382.6283274289038,2596.4547981181026,69.09979703470346,11.755391269587124,88.9992699148189,25.14342503533643,7.0,1,1,False,False,0.9502112067012999,0.061393361255810526,False,False,False,False
2025-02-25 13:00:00+00:00,poultry_manure,0.9746236627338755,26.39922294543204,7.365903677470691,378.4042519509965,2519.921261470441,75.0,11.551186598530455,87.79813431402711,27.501883378728323,7.0,1,0,False,False,0.9727747667799356,0.05724241129022052,False,False,False,False
2025-02-25 14:00:00+00:00,poultry_manure,0.9511421075355271,28.310572845880614,7.300870857025363,386.7119352160183,2619.949724086526,71.71677754485218,10.918928629991996,89.23988080296682,31.057537083729386,7.0,1,0,False,False,0.9840192723126661,0.05875623240040652,False,False,False,False
2025-02-25 15:00:00+00:00,poultry_manure,0.9141819006512393,28.56071748438079,7.306831061559118,400.0936707479714,2354.684645558526,69.46713679917983,11.64087031788077,89.32334111612782,28.72488461961102,7.0,1,0,False,False,0.9854531977855141,0.06168253245172329,False,False,False,False
2025-02-25 16:00:00+00:00,poultry_manure,0.933453638563214,30.538083822651878,7.348638838600012,366.48141534116115,2631.3775672383604,73.555135553055,13.57141891799695,84.0641496385104,28.010675407172133,7.0,1,0,False,False,0.9722496594817366,0.07485118600628589,False,False,False,False
2025-02-25 17:00:00+00:00,poultry_manure,0.8516271704198158,31.78569883161515,7.467336073819432,364.99721336218744,2355.3190774496147,75.0,12.827950041554171,89.76797925722217,33.04168122944063,7.0,0,0,False,False,0.9654434374978228,0.07038896890065088,False,False,False,False
2025-02-25 18:00:00+00:00,poultry_manure,0.7191342856686338,32.435534939889855,7.464714544235566,255.18041180472352,2594.6190756626575,75.0,9.785777866481917,86.11042853878465,27.275746461296684,4.847871342277087,0,0,False,False,0.9616863539453765,0.04424535840741762,False,False,False,False
2025-02-25 19:00:00+00:00,poultry_manure,0.624032954315464,32.043105320022114,7.408814517034697,313.9801709570292,2520.6816918866766,74.00287409768323,11.724013444002988,88.17852421345631,30.449593951180184,5.161033114133748,0,0,False,False,0.9941241277082131,0.04811241919100895,False,False,False,False
2025-02-25 20:00:00+00:00,poultry_manure,0.615013940172143,33.33900330082136,7.391659466981683,305.40229877745264,2700.8859970109766,75.0,13.160048110459396,89.2686261206521,27.42896065747087,5.780045732369924,0,0,False,False,0.9684893660224118,0.053960020793496086,False,False,False,False
2025-02-25 21:00:00+00:00,poultry_manure,0.5008590339050669,32.043304600474144,7.461578476184638,248.8087588058725,2731.162639059726,75.0,12.046438680824314,89.84567999645107,29.730080056729616,4.336719899128955,0,0,False,False,0.9970686071631746,0.04008071243852424,False,False,False,False
2025-02-25 22:00:00+00:00,poultry_manure,0.43295143294557076,33.57131957379528,7.446308923393239,214.63217075828098,2701.772369619104,74.00211312749543,12.246227069101515,89.34606770394218,28.625692301567693,3.7897182165278926,0,0,False,False,0.9850257876701694,0.036485625389932864,False,False,False,False
2025-02-25 23:00:00+00:00,poultry_manure,0.3791235649146779,32.229880171223876,7.336369532077895,210.3870269847851,2340.826694345789,73.21640686947168,12.205860167598127,88.3199519718432,30.52956689237717,3.2696252673798267,0,0,False,False,0.9936750302382377,0.029681135308243883,False,False,False,False
2025-02-26 00:00:00+00:00,poultry_manure,0.34630577453273376,31.89777011462691,7.456075151486474,184.89672080474318,2486.434294534426,73.21394162982777,11.010235228307103,88.7326839587852,31.21935932983648,2.706636511571855,0,1,False,False,0.9828575828431707,0.02575403145600404,False,False,False,False
2025-02-26 01:00:00+00:00,poultry_manure,0.3217598311295969,29.959522771654807,7.339680421019614,165.14360678893308,2495.3352530977254,69.83037918108538,12.628430956653391,91.14117329952819,28.870422025676987,2.9626873395464557,0,0,False,False,0.9855620654735029,0.02684471819763509,False,False,False,False
2025-02-26 02:00:00+00:00,poultry_manure,0.3687940780941415,27.840503739126657,7.323985985251633,174.74209740708673,2440.235910875012,72.39630952915462,12.995069395205697,89.12172188638687,32.99374002630908,3.4169301234503178,0,0,False,False,0.9650872527608807,0.02768953308551742,False,False,False,False
2025-02-26 03:00:00+00:00,poultry_manure,0.40290494891871576,29.063073108199116,7.351526001510905,197.92025840024846,2667.5991749231034,75.0,11.50695360619915,86.26388872763485,31.263592001800568,3.1994990311948546,0,0,False,False,0.98489884801299,0.025901494005694355,False,False,False,False
2025-02-26 04:00:00+00:00,poultry_manure,0.43900384863899994,27.064179188140454,7.332302371439159,244.7829344987297,2366.052391937116,70.74555476537951,12.240746497309535,86.33839440068176,31.46000856301001,3.7116770921004227,0,0,False,False,0.9841961818833522,0.027598889278152256,False,False,False,False
2025-02-26 05:00:00+00:00,poultry_manure,0.4400705055021905,27.068405073708558,7.283124495041902,245.86869590797954,2515.0066469129038,66.25401072693238,11.421465989655372,90.05108966811486,29.220661704879912,3.6209545400657484,0,0,False,False,0.989313946997076,0.029877326823294532,False,False,False,False
2025-02-26 06:00:00+00:00,poultry_manure,0.588321574126386,25.900794592254197,7.428512024731304,257.5334146366216,2517.534348341735,70.95207862955546,12.431038060903553,87.49239847590057,31.478012192339698,5.1189687692085775,0,0,False,False,0.9830646877720853,0.039608032330649835,False,False,False,False
2025-02-26 07:00:00+00:00,poultry_manure,0.6758504146185633,24.73608893270728,7.237268305171198,363.0049167886082,2509.323084736969,67.6286529522446,13.479529847902256,90.33148511368512,26.65506674391446,6.58346402415557,0,0,False,False,0.9591530181996334,0.04961626986930995,False,False,False,False
2025-02-26 08:00:00+00:00,poultry_manure,0.785443561961837,23.507442795998557,7.300282962705136,362.92519906769303,2546.5781088854515,71.3747174128666,13.188299811416476,88.94369867608441,28.0755450354541,7.0,0,0,False,False,0.9748139512974586,0.04973326163098305,False,False,False,False
2025-02-26 09:00:00+00:00,poultry_manure,0.8636448341439966,23.45071019980895,7.233365373167455,364.93896559171765,2480.164433089928,72.20900296969036,10.34416991994874,86.98454131856603,31.1040864974562,6.216742660342807,0,0,False,False,0.9806799846251817,0.04115641876514376,False,False,False,False
2025-02-26 10:00:00+00:00,poultry_manure,0.9685628118658914,23.985392164630568,7.372670132427376,352.8952115780211,2454.7188710040527,66.67168670787036,11.276835614267682,85.54317946025769,30.12504287532766,7.0,1,0,False,False,0.9951337493180618,0.05601699180636749,False,False,False,False
2025-02-26 11:00:00+00:00,poultry_manure,0.9568879814093137,24.561618006262947,7.293702264831921,413.81802644084934,2571.9186981769813,67.35709903507934,11.500561324149087,87.85733370963746,29.234598198862397,7.0,1,0,False,False,0.9898487886093694,0.05676282718659605,False,False,False,False
2025-02-26 12:00:00+00:00,poultry_manure,0.8824047052368802,25.59712643649591,7.344508524008096,357.7798212023055,2474.538092776106,69.89229633336555,12.781697334603178,88.024491100323,34.6689459131227,7.0,1,1,False,False,0.9494020541957571,0.061182192307939996,False,False,False,False
2025-02-26 13:00:00+00:00,poultry_manure,1.1037272327819012,27.162687600429567,7.308954430681561,366.0839426266093,2529.2397901575932,63.7711783027063,11.949072101325047,88.18800686787426,27.246427414203364,7.0,1,0,False,False,0.9722096346486588,0.08392538779259494,False,False,False,False
2025-02-26 14:00:00+00:00,poultry_manure,1.098534184430626,29.240948615692893,7.331777623186141,325.7622115819926,2550.3746391841382,68.1043952871967,12.033791200560405,85.70169451076485,31.4439545343967,7.0,1,0,False,False,0.9853914986532311,0.08014344250371162,False,False,False,False
2025-02-26 15:00:00+00:00,poultry_manure,0.9947181497357377,30.829947846230713,7.351197825763818,380.0043698368455,2678.0410177031363,73.83787097626899,10.908520562150121,87.3890698166245,31.03161656196391,7.0,1,0,False,False,0.9842264371911115,0.06632081514193301,False,False,False,False
2025-02-26 16:00:00+00:00,poultry_manure,0.8404032491921037,29.970326747030935,7.3617067085501935,355.85030851381674,2699.2369965961657,69.2514561661066,13.41423982966113,88.61051972619812,28.444349696296936,7.0,1,0,False,False,0.9773722978146637,0.07235903784121596,False,False,False,False
2025-02-26 17:00:00+00:00,poultry_manure,0.8791039081803451,32.2834944547648,7.410803649863792,320.0734190772866,2659.3637157053063,75.0,12.454825460599057,86.20896287101624,30.42965070938609,7.0,0,0,False,False,0.9934293656031439,0.0692852562052412,False,False,False,False
2025-02-26 18:00:00+00:00,poultry_manure,0.7603661632826048,33.3460448837627,7.404657140247704,314.9122195114231,2513.560200722603,75.0,10.274194372346855,87.25146399398777,29.138879455959746,5.452972025015525,0,0,False,False,0.9827597664213318,0.052063902443358005,False,False,False,False
2025-02-26 19:00:00+00:00,poultry_manure,0.6336335932093717,33.28079387284992,7.348361621490344,332.6817745832119,2482.9585041779765,71.60716161627131,13.29489676434254,89.73789901923162,25.419030970521515,6.0476834051238715,0,0,False,False,0.9477158258835024,0.05794873042243133,False,False,False,False
2025-02-26 20:00:00+00:00,poultry_manure,0.6088028856576891,33.58972701853268,7.473417624140689,275.86478069216685,2445.1959762368265,75.0,11.003054322945744,87.16947415171956,27.658929671683307,4.671371131209945,0,0,False,False,0.9716045683315617,0.04375819920037552,False,False,False,False
2025-02-26 21:00:00+00:00,poultry_manure,0.5731022170154073,32.595382497489325,7.393964342820757,348.0201111878842,2393.0143587519447,71.93764590204076,12.383364687109834,89.98941189096072,31.785454562491214,5.1091911596632755,0,0,False,False,0.9802286309395386,0.0491444854156536,False,False,False,False
2025-02-26 22:00:00+00:00,poultry_manure,0.43963272430354855,32.435734083798415,7.374526339348535,187.1880695112766,2496.3403916066013,74.2176428434501,11.351009498875605,87.71918301223916,30.272582921085004,3.501942929164083,0,0,False,False,0.994029218283528,0.03238499425677047,False,False,False,False
2025-02-26 23:00:00+00:00,poultry_manure,0.38240057961594925,31.378727605963448,7.391108535314908,262.5882278161216,2268.458751445196,69.92518795168709,11.665054883448867,88.68053011188428,30.998854356408167,3.1646347737268328,0,0,False,False,0.9883367308531628,0.030256747674259486,False,False,False,False
2025-02-27 00:00:00+00:00,poultry_manure,0.33001806862496497,30.407507711192842,7.377652764453177,270.4917069281372,2421.9989381652545,69.10214458487356,13.56452889869257,90.90597358864794,29.844571973822717,3.2555535462258587,0,1,False,False,0.9906230752447643,0.029985168173009953,False,False,False,False
2025-02-27 01:00:00+00:00,poultry_manure,0.3305024164743469,29.701801056699846,7.382300365110408,123.90032784612329,2530.9948433734057,75.0,11.856339803901182,89.98965436438452,30.89837945641489,2.8210309290887348,0,0,False,False,0.990297904455357,0.022952046202870308,False,False,False,False
2025-02-27 02:00:00+00:00,poultry_manure,0.38158595567081444,29.29353949425497,7.3692925482152845,202.419558624137,2471.026035620175,74.68000813017777,11.880532281215311,90.699829579257,29.370665186579124,3.2894609775091155,0,0,False,False,0.9931093132718678,0.027589949235913343,False,False,False,False
2025-02-27 03:00:00+00:00,poultry_manure,0.37721535265746703,27.798815921421603,7.393635078559933,241.9601243485294,2259.110252007086,72.22848935990228,11.971866581207522,86.19716670348416,27.962717085358996,3.114111843886076,0,0,False,False,0.9794865037596275,0.02467314518784787,False,False,False,False
2025-02-27 04:00:00+00:00,poultry_manure,0.4244442380220855,26.925819991379708,7.312094391493127,227.59854001808728,2493.880899270176,74.56748666491511,12.301533008944105,88.43028060479062,31.607006388826278,3.6937786662923155,0,0,False,False,0.748055776683522,0.02011273122850901,False,False,False,True
2025-02-27 05:00:00+00:00,poultry_manure,0.4932278204508951,25.874144021472507,7.324670856580541,210.59443557540212,2442.87475758856,71.5452464667688,13.163269146600177,89.5881243902374,28.004177924649724,4.653200408816824,0,0,False,False,0.741814375340098,0.024225119889319382,False,False,False,True
2025-02-27 06:00:00+00:00,poultry_manure,0.5973073835724194,24.895572849426582,7.32697598780584,300.96290194111185,2534.590081241917,63.51467849419996,12.967824197604736,89.42473917321139,29.848708990498583,5.541312805007774,0,0,False,False,0.7566034739123674,0.030804764490137686,False,False,False,True
2025-02-27 07:00:00+00:00,poultry_manure,0.6381699176502407,23.87180744731064,7.331705747487195,342.89624489632945,2488.820112706945,67.6909104708394,12.453975532199056,88.15996410677631,29.283911906901494,5.605388629107583,0,0,False,False,0.7542592071283931,0.027640526779173266,False,False,False,True
2025-02-27 08:00:00+00:00,poultry_manure,0.7802735334580694,23.37382384774148,7.408418637373894,420.08210419722616,2620.2615479277783,66.47584966787083,13.163559474106773,90.66092772281011,33.86241992144483,7.0,0,0,False,False,0.7276002442762368,0.03826637632833968,False,False,False,True
2025-02-27 09:00:00+00:00,poultry_manure,0.8095755254583504,24.10088924495408,7.315526053622867,354.936767519387,2380.6424782333947,67.43602765564013,12.158956646782674,87.96172971656476,28.711312475729738,6.926876239334081,0,0,False,False,0.7510224012166631,0.03569100368001694,False,False,False,True
2025-02-27 10:00:00+00:00,poultry_manure,0.9436694987497426,23.89204770542014,7.283910162699953,422.0962229916497,2564.25044163586,68.74683698610383,12.888726616983934,88.7454971710929,30.01437367462199,7.0,1,0,False,False,0.7579471578680846,0.04259447789015967,False,False,False,True
2025-02-27 11:00:00+00:00,poultry_manure,1.050429997777197,23.7923649545615,7.34115772503009,404.3792428065561,2410.987745822533,66.80088589938336,12.881169712565221,88.85774959859086,31.486154081164294,7.0,1,0,False,False,0.7467692013572987,0.04802803429158705,False,False,False,True
2025-02-27 12:00:00+00:00,poultry_manure,0.9750041598555135,25.348682436631375,7.388560947815908,341.40990818262406,2472.121278379751,70.33092882719615,12.424345160145634,88.1037989842195,30.66995181042178,7.0,1,1,False,False,0.7547233160925704,0.04423264253495713,False,False,False,True
2025-02-27 13:00:00+00:00,poultry_manure,1.0298367304217073,27.242604940587206,7.318182819997085,392.4433393420451,2425.503920048704,66.54808427521351,12.296056216510763,88.0219903211282,32.2708111996194,7.0,1,0,False,False,0.7430221514822296,0.05142325556811569,False,False,False,True
2025-02-27 14:00:00+00:00,poultry_manure,1.0444564686819435,28.685029476429182,7.381814826972227,394.7983703246962,2465.7807905897635,73.44005285353758,12.78497798555524,90.68147578149787,30.790632787937508,7.0,1,0,False,False,0.7524314010662897,0.05371360030692868,False,False,False,True
2025-02-27 15:00:00+00:00,poultry_manure,1.0009098915150965,28.739756723426446,7.347201161428958,359.73249603129193,2439.454954261707,68.17002747105735,11.941261283980468,89.74790950259487,31.707852694794795,7.0,1,0,False,False,0.7482122590373917,0.0533247680380439,False,False,False,True
2025-02-27 16:00:00+00:00,poultry_manure,0.9380980604826878,31.297370967666225,7.467114949245472,360.763765194483,2433.1638635561685,74.24211320137384,13.81717394868344,91.88990467159955,33.637074625111566,7.0,1,0,False,False,0.7268276723050974,0.060690255462868097,False,False,False,True
2025-02-27 17:00:00+00:00,poultry_manure,0.8992431101123158,30.87383510040827,7.4075475109891045,384.4469396366456,2357.8718289113153,70.50586774874782,12.39287337734244,88.08974378499046,27.697722925082726,7.0,0,0,False,False,0.7424139552944418,0.050172883631999794,False,False,False,True
2025-02-27 18:00:00+00:00,poultry_manure,0.669612387711141,32.39434861418498,7.357729612119126,355.44979643244915,2495.0695486547597,70.6251631832962,12.873552887514574,86.4881585576159,31.19648133480885,5.9644244038502086,0,0,False,False,0.7490038847792257,0.03830988673008222,False,False,False,True
2025-02-27 19:00:00+00:00,poultry_manure,0.6700853408559067,33.71389691269455,7.398063273250586,278.984110665836,2394.406107150602,72.6768910830791,10.704053872092281,87.26851812687889,32.41285785643501,5.00755804133786,0,0,False,False,0.738133769485332,0.03297309906701185,False,False,False,True
2025-02-27 20:00:00+00:00,poultry_manure,0.5600319428339574,32.63626315869958,7.397332948384238,319.65286215152,2562.545682312051,75.0,12.775553866997555,86.94611011858802,26.015617664796377,4.97659936868302,0,0,False,False,0.7281487887395334,0.03326970199583322,False,False,False,True
2025-02-27 21:00:00+00:00,poultry_manure,0.5165724787838009,33.54602074714015,7.476234853502411,318.15971908202556,2549.135803587753,75.0,12.623231681231449,89.88125158344279,32.988501761814675,4.688791446708717,0,0,False,False,0.7363117445775479,0.03161982358971475,False,False,False,True
2025-02-27 22:00:00+00:00,poultry_manure,0.4664328186498842,32.45528218377595,7.374343198527071,220.9343032519668,2621.4757641830597,75.0,12.581856006712227,86.02865359263701,32.02167682263908,4.038935555634059,0,0,False,False,0.7438310634968839,0.025959391778339183,False,False,False,True
2025-02-27 23:00:00+00:00,poultry_manure,0.3879185458307403,32.595067773833165,7.392751258740968,254.07753505523075,2598.0184481697643,70.66274566857248,13.924658580874116,86.06997417489949,26.542514815151964,3.7193475144936023,0,0,False,False,0.7277859228556552,0.02533055077140544,False,False,False,True
2025-02-28 00:00:00+00:00,poultry_manure,0.33955369050394585,31.784904783865755,7.436413259803752,204.12092976125183,2540.556342116421,72.7150198839773,12.465890589646907,87.7465544642033,32.14770932957096,2.9713364117127323,0,1,False,False,0.7433129049993227,0.01878927915200213,False,False,False,True
2025-02-28 01:00:00+00:00,poultry_manure,0.3480471834192825,30.229634712681037,7.289271333442478,182.03753454854777,2740.6978838574946,75.0,12.638065072153296,82.88914180364826,29.64305214874346,2.916797915289785,0,0,False,False,0.7562929793314348,0.01657567686839956,False,False,False,True
2025-02-28 02:00:00+00:00,poultry_manure,0.3907064322404596,28.892387393453678,7.428060549591386,250.73058002721194,2529.658070892052,65.39379731729926,12.459929722576174,87.40602391341798,31.806589660644203,3.4040623454645047,0,0,False,False,0.7459330213890357,0.02249739149419772,False,False,False,True
2025-02-28 03:00:00+00:00,poultry_manure,0.3788470009591449,28.774871043233528,7.522617977683581,178.13606632175114,2519.633661045507,69.02629022990742,12.949758984485749,87.591995945369,31.49132998323748,3.4377947882887456,0,0,False,False,0.7464686568271686,0.021211313678338797,False,False,False,True
2025-02-28 04:00:00+00:00,poultry_manure,0.4333111575460145,27.18684767943923,7.356378009275903,213.57421687412642,2428.7987207646875,75.0,11.130139685141552,82.87173887008073,28.130984729166297,3.1973996675627214,0,0,False,False,0.7438969996293088,0.01665614854058111,False,False,False,True
2025-02-28 05:00:00+00:00,poultry_manure,0.5184001118994556,26.462367111441242,7.3623157535643475,337.72375699202263,2505.099673692077,67.77324875537386,10.597062729769114,90.97311872833319,30.38276263111212,3.998100089473502,0,0,False,False,0.753184393163479,0.02239009014309673,False,False,False,True
2025-02-28 06:00:00+00:00,poultry_manure,0.5849618563527613,25.482817622771485,7.377532201801581,263.1370408289903,2646.0662396638913,73.46979478559506,12.192562415654828,86.55458790877492,30.541942357445173,4.938585937548147,0,0,False,False,0.9936177643472742,0.03582732043823861,False,False,False,False
2025-02-28 07:00:00+00:00,poultry_manure,0.708506850417267,24.70713855666335,7.324731027848536,367.56982723851155,2564.499981316327,66.58538884664361,13.241980246038755,89.54550060813469,28.366115463662602,6.720951247582005,0,0,False,False,0.9774512534064322,0.05037600949000966,False,False,False,False
2025-02-28 08:00:00+00:00,poultry_manure,0.7188529649867242,23.484045568541664,7.304441557236999,266.0713247028286,2537.9816898743825,66.93610148999335,10.897631067314652,92.0,31.949038696719402,5.765672681395946,0,0,False,False,0.9749977683693792,0.04069683899226799,False,False,False,False
2025-02-28 09:00:00+00:00,poultry_manure,0.8213659630599156,24.55348842068993,7.29926806194722,343.8077390106948,2344.0150209674757,66.24366475432126,12.426324634819782,87.72796099032847,27.84828071216082,7.0,0,0,False,False,0.9763511839475093,0.05455332045121175,False,False,False,False
2025-02-28 10:00:00+00:00,poultry_manure,0.8042610103242724,23.771961503666002,7.354711907951199,380.11400623255724,2172.0112274208686,70.91924379779758,12.004121093662938,85.94314223867852,32.28813617330165,6.637867790739785,1,0,False,False,0.9770980327986688,0.04587009112127348,False,False,False,False
2025-02-28 11:00:00+00:00,poultry_manure,0.9719428208546579,25.401889419537795,7.276522243993541,386.5936964960933,2368.3743688114832,61.25771775569143,10.243882246305947,89.38493559151551,33.78077229625331,7.0,1,0,False,False,0.9534116882689967,0.05878773573401802,False,False,False,False
2025-02-28 12:00:00+00:00,poultry_manure,1.0132101393084074,25.371709600243342,7.327265035832486,343.8623140052224,2449.9642282964305,66.27122409378453,12.266092330583065,88.36010457930621,29.935781805392427,7.0,1,1,False,False,0.998027356401009,0.0703194651568891,False,False,False,False
2025-02-28 13:00:00+00:00,poultry_manure,0.9762068155307991,27.077745134042615,7.380880657780773,326.1052660216069,2749.2919330218856,73.80838239153815,11.328728671519126,88.62501932500716,29.85588532352552,7.0,1,0,False,False,0.9952024965928508,0.06089175059892149,False,False,False,False
2025-02-28 14:00:00+00:00,poultry_manure,0.9583472330101007,29.30290262008022,7.385638904038166,412.7729004826245,2636.111859421934,72.70745572874894,10.516323397178343,87.06188708933485,29.480901790242935,7.0,1,0,False,False,0.9873906348883211,0.059502089239472866,False,False,False,False
2025-02-28 15:00:00+00:00,poultry_manure,0.9811635371526254,29.98480023421945,7.361493262595028,382.9429456390356,2362.602082716878,65.52017179109401,13.907964087485613,85.8717907407148,29.546107058427967,7.0,1,0,False,False,0.9859212501468516,0.08910333460627377,False,False,False,False
2025-02-28 16:00:00+00:00,poultry_manure,1.038224883040253,30.472965314230258,7.331481270293449,363.16354432238217,2446.1029995181634,69.71784762026928,11.78438795077402,88.80181598720445,28.31993478692015,7.0,1,0,False,False,0.9821212876230716,0.07973870300294207,False,False,False,False
2025-02-28 17:00:00+00:00,poultry_manure,0.7897138959723712,32.59130814446552,7.4085358694694685,364.05595723890724,2478.118584487723,75.0,13.066460427782346,87.16426822598845,30.2270426604844,7.0,0,0,False,False,0.9923972712562442,0.06355580153863259,False,False,False,False
2025-02-28 18:00:00+00:00,poultry_manure,0.7804162203877146,32.72457631834376,7.385887650752545,311.8476312571045,2579.4881439574638,75.0,11.37859705828902,88.8938875729797,28.6757298032325,6.315051434973086,0,0,False,False,0.9836502833237701,0.05791821363649389,False,False,False,False
2025-02-28 19:00:00+00:00,poultry_manure,0.6684078931876569,33.63795026545598,7.3660968608629975,285.5618275181379,2607.687968900202,75.0,13.136163969490347,86.95508811254547,30.013515034995315,6.107944991258287,0,0,False,False,0.9941840298025951,0.05724867999005795,False,False,False,False
2025-02-28 20:00:00+00:00,poultry_manure,0.5135598771507799,33.02405516966045,7.3369329585755025,284.7314626409613,2379.4804440597977,75.0,11.936861337959778,84.92074560952642,28.275659492849865,4.164712447648264,0,0,False,False,0.9824409016182976,0.03682337518871465,False,False,False,False
2025-02-28 21:00:00+00:00,poultry_manure,0.5292408563319597,33.177637685530996,7.3295674945892175,291.4951438662459,2565.676064031445,70.75618070103765,12.391307404220159,85.63386272837948,30.347045122933743,4.492685480251312,0,0,False,False,0.9945730117495618,0.04231081382475066,False,False,False,False
2025-02-28 22:00:00+00:00,poultry_manure,0.4393515630056009,33.318966960541175,7.370399957105807,246.33180815760662,2599.546854808794,73.72143383191391,12.71668772183385,89.15156179469133,28.95323148896246,3.9847871214464115,0,0,False,False,0.9859488762804554,0.03800125756442875,False,False,False,False
2025-02-28 23:00:00+00:00,poultry_manure,0.36866133010599067,31.462585182718822,7.334171626752455,168.71536895100536,2508.5339825537026,75.0,11.654791502683334,89.77703187971272,28.317486830383913,3.0859389098514134,0,0,False,False,0.9814488258172558,0.02705035921776195,False,False,False,False
2025-03-01 00:00:00+00:00,poultry_manure,0.34716667850182364,32.183716591526164,7.380727856943557,182.6864864222534,2501.0565638309854,75.0,11.049725627701008,87.83891424283662,28.294846845924745,2.695668443214494,0,1,False,False,0.9781970965977524,0.024077769433702052,False,False,False,False
2025-03-01 01:00:00+00:00,poultry_manure,0.32703874180363807,30.791010114412035,7.3413928433926765,198.40412499302707,2437.91458837285,73.3881743186824,12.367569189209414,86.78989639348347,31.110201192055822,2.8082948844935784,0,0,False,False,0.9870601421333947,0.024772971417318334,False,False,False,False
2025-03-01 02:00:00+00:00,poultry_manure,0.37311370104527075,29.406258845345327,7.341331941020449,208.76644984421495,2488.2294579490163,68.76042504600323,11.322285697020474,87.93504197428312,27.248074461720957,2.9718526227819773,0,0,False,False,0.969092173102312,0.025627841825818343,False,False,False,False
2025-03-01 03:00:00+00:00,poultry_manure,0.36658666101800214,28.063678953129745,7.302282116134623,229.17103299006553,2441.0526093442672,72.11634660984862,11.569137640274526,85.94407109854983,30.95982972036918,2.9159733816977362,0,0,False,False,0.9882473909976809,0.02256890954994404,False,False,False,False
2025-03-01 04:00:00+00:00,poultry_manure,0.40072281524232545,26.632252943727856,7.402634095205462,231.48328423830992,2517.807659374199,74.65080665788533,12.592580072190792,86.3672617654275,30.103088667184473,3.4865663037885217,0,0,False,False,0.9960062129672014,0.026033607491705347,False,False,False,False
2025-03-01 05:00:00+00:00,poultry_manure,0.505015377108925,26.40980523183283,7.2813708599428075,334.84421325691807,2539.1187212687705,73.07731503874533,12.140324476153339,88.04871839935021,31.774314777621733,4.318649142409236,0,0,False,False,0.981555229843016,0.03178444233360659,False,False,False,False
2025-03-01 06:00:00+00:00,poultry_manure,0.5670246802967603,25.193767707244177,7.380337894838672,279.92873754953246,2706.934180544214,69.00885679433084,11.46549493262808,90.09567192725886,30.76319185959804,4.685853263907531,0,0,False,False,0.98969555606716,0.03427417815971539,False,False,False,False
2025-03-01 07:00:00+00:00,poultry_manure,0.7344755036071593,24.745355717733435,7.326120921388302,313.2317788060417,2587.6921511425076,68.43908664320107,11.240949385427706,88.47925128427802,27.972967311539048,5.844020543606863,0,0,False,False,0.9759344200425291,0.043860687495411665,False,False,False,False
2025-03-01 08:00:00+00:00,poultry_manure,0.7546406831532727,24.850773055320886,7.380591553785127,351.03583103717375,2591.1988331647585,71.43648959797453,11.99020322495334,89.5291106797622,30.653808136050387,6.480686545603661,0,0,False,False,0.9934129347642628,0.04600814470400355,False,False,False,False
2025-03-01 09:00:00+00:00,poultry_manure,0.8998540030246709,23.743579145271568,7.230714605928554,335.74020386703944,2459.599708567395,69.85740079939735,14.849035287946338,87.63503978610787,29.953925795979323,7.0,0,0,False,False,0.9852940815200616,0.06476948320039161,False,False,False,False
2025-03-01 10:00:00+00:00,poultry_manure,0.9080439601372047,24.484343315974225,7.3571813045725385,386.8699639625132,2816.9060643744738,66.18222044081189,10.782984497696994,89.42643862357822,29.07885736215405,7.0,1,0,False,False,0.9847034961100255,0.05294951574823133,False,False,False,False
2025-03-01 11:00:00+00:00,poultry_manure,0.8971570622646973,23.32430044954165,7.291925501958577,377.9985194136601,2595.577929754529,72.33872889434532,11.80820467549161,87.2909366960539,27.625565046733453,7.0,1,0,False,False,0.9752966738447926,0.048054280740179554,False,False,False,False
2025-03-01 12:00:00+00:00,poultry_manure,1.119005653509074,26.45794289827084,7.296863363847687,377.7575074630948,2464.2185145753942,67.67442890258627,11.65718494709964,91.34446572677851,33.18414766081812,7.0,1,1,False,False,0.966444448127317,0.07449743847778678,False,False,False,False
2025-03-01 13:00:00+00:00,poultry_manure,0.9797474955858153,26.237971433043636,7.284304445573147,384.9607203989244,2469.5311563809614,64.70189033950011,12.186336035768644,88.66173249739398,31.96057602595462,7.0,1,0,False,False,0.9794625595616105,0.0712290953509843,False,False,False,False
2025-03-01 14:00:00+00:00,poultry_manure,0.9772005597438953,28.32338372793479,7.303254519761744,343.9515662489522,2516.9714991799233,68.32782099170659,12.437719206799992,88.1491340845553,28.89431475054736,7.0,1,0,False,False,0.9867545514714736,0.07378679704911048,False,False,False,False
2025-03-01 15:00:00+00:00,poultry_manure,1.030565585888035,29.92900349185496,7.399858656089342,376.7826179394822,2479.4810265659908,70.50752655558016,11.806537372642651,92.0,30.799965857980208,7.0,1,0,False,False,0.9910330282834111,0.07889090230377122,False,False,False,False
2025-03-01 16:00:00+00:00,poultry_manure,0.9716747146577578,31.188946245477542,7.399958577986142,367.3131518450883,2693.265187259584,75.0,11.703639677160188,92.0,30.521199080512538,7.0,1,0,False,False,0.9933062075806756,0.07632615827617036,False,False,False,False
2025-03-01 17:00:00+00:00,poultry_manure,0.869227448468356,32.270972447601785,7.395578534941801,350.79639259042267,2526.5156906313014,73.19891632784292,13.358783234291177,85.96402392195839,28.979714451400454,7.0,0,0,False,False,0.9830032283425487,0.07563100227115904,False,False,False,False
2025-03-01 18:00:00+00:00,poultry_manure,0.7824378968729937,33.079133179617045,7.448555403488327,346.8603469941802,2761.4850160873934,72.796198494814,11.830967826752818,90.19376835815629,29.269088778410577,6.679387966509291,0,0,False,False,0.9918457269178699,0.06371866776665991,False,False,False,False
2025-03-01 19:00:00+00:00,poultry_manure,0.7423254845613357,34.440189337555324,7.416822831194103,339.0189909719681,2450.982047090086,75.0,12.361541734189007,92.0,28.610475120795257,6.753747568909174,0,0,False,False,0.9842970425370076,0.06664903610291864,False,False,False,False
2025-03-01 20:00:00+00:00,poultry_manure,0.6379122279640604,34.08169350331211,7.385301461535915,314.87232065582407,2522.512362511392,75.0,9.98984015417579,88.7870531356615,28.44327993479947,4.526464255434338,0,0,False,False,0.9743820001188737,0.042360045444722945,False,False,False,False
2025-03-01 21:00:00+00:00,poultry_manure,0.5313095785129057,33.411448581048404,7.4005113529442985,277.15837158990576,2588.301123180484,74.61470026893842,10.66599750902505,85.31794752310996,28.8472938729287,3.86793804902373,0,0,False,False,0.9818029262744122,0.035691112353949235,False,False,False,False
2025-03-01 22:00:00+00:00,poultry_manure,0.44143131239442224,31.260620839700504,7.292325266153975,234.67434445419005,2381.548845381937,68.8969793911691,12.233095060945816,87.017472745645,31.4896491435491,3.759204392915103,0,0,False,False,0.9839380332597799,0.03523955815377429,False,False,False,False
2025-03-01 23:00:00+00:00,poultry_manure,0.3411644131521508,31.145188460620684,7.379070120490461,150.8176548538869,2346.8977571909973,71.43640192815869,11.24016289795844,85.85925214521052,27.572310550742817,2.633985726766711,0,0,False,False,0.9719239199972204,0.024316507649186123,False,False,False,False
